Date,Open,High,Low,Close,Volume,ema_20,ema_50,ema_100,rsi_14,rsi_change,macd,macd_signal,macd_hist,bb_percent,bb_width,obv,obv_slope,adx,plus_di,minus_di,future_4w_return,is_risk,close_vs_ema50,close_vs_ema100,ema20_vs_ema50,ema50_vs_ema100,weekly_return,realized_vol_8w,realized_vol_20w,vol_ratio,risk_proba,buy_hold_return,strategy_return
2018-06-01,26291.34553743591,27164.235865855204,25980.547009699912,26692.490234375,0,25504.95512708297,24623.385845136192,22896.133887069387,61.5301027632485,2.745245429601105,339.4358969866553,202.6627608839862,136.77313610266907,0.8156221203286879,15.034266994068734,17.331146157983447,0.0,17.61440679185636,32.20538823842824,19.186827333760245,-0.012310490829620213,0,0.08403005184794732,0.1658077457980629,0.03580211460321614,0.07543858568377226,0.015957074323021292,0.016290029644414904,0.02406527610651856,0.676910149391655,0.09237868596185098,-0.012310490829620213,-0.012310490829620213
2018-06-08,27023.385641012905,27047.236926744023,26069.24819977677,26451.04296875,0,25595.058731051264,24695.0586735132,22966.528126310583,59.08908139421122,-2.44102136903728,373.5093615172773,236.8320810106445,136.67728050663283,0.7667537532913477,14.586721086169346,17.331146157983447,0.0,18.165647446034523,29.435484838979104,17.5366171930543,0.0016066680971789093,0,0.0711067067485931,0.15172144536933896,0.036444540158285355,0.07526303225703512,-0.009045512932849609,0.017334233207424662,0.021924177359056045,0.790644635077473,0.07045582257490392,0.0016066680971789093,0.0016066680971789093
2018-06-15,26472.89235036695,26765.13724229223,26344.64341910376,26417.09375,0,25673.347780474956,24762.58946082641,23034.85615846285,58.736237795488265,-0.3528435987229557,393.2403791094439,268.1137406304044,125.12663847903951,0.7995007617180351,13.247586455021793,17.331146157983447,0.0,18.67751376777139,28.30813727063365,16.86498352173066,0.019629069482709482,0,0.06681467185776202,0.14683128769156806,0.03677960744329001,0.07500517001183016,-0.0012834737288094367,0.016391498949444354,0.021384011976267922,0.7665305728240199,0.3337460733250576,0.019629069482709482,0.019629069482709482
2018-06-22,26443.99373423704,26806.23977376514,26224.44578810749,26766.5390625,0,25777.46123590591,24841.17571971557,23108.750869433887,61.29802056464084,2.561782769152572,432.093761079268,300.9097447201771,131.1840163590909,0.888439476568242,13.586531137544773,17.331146157983447,0.0,18.925113865513016,26.77990301981292,17.069850756232814,0.003973156783612541,0,0.07750693302557066,0.15828584650606525,0.037690869657479364,0.07496834684271825,0.013227999862778228,0.01602294206499817,0.01999340146402507,0.801411510384008,0.08924214853230815,0.003973156783612541,0.003973156783612541
2018-06-29,26717.840539162407,26804.58953311917,26160.69526505589,26363.892578125,0,25833.311839926777,24900.89010631986,23173.20912109113,56.913537150799804,-4.384483413841032,425.4903520618427,325.82586618851025,99.66448587333248,0.7518477817328945,13.93916932803599,17.331146157983447,0.0,19.03009144176927,25.160944958278296,16.63644989973783,0.04817905763483177,0,0.05875301909122621,0.13768845913231176,0.037445317401335165,0.07455510267053511,-0.015042904255750722,0.017658646492630627,0.018306913444380762,0.9645889541281948,0.3810790031857016,0.04817905763483177,0.04817905763483177
2018-07-06,26364.14297300054,26609.539664485943,26060.296893100047,26493.541015625,0,25896.19080904089,24963.347004723983,23238.958267517548,57.95633612520922,1.0427989744094148,425.8101736058925,345.8227276719867,79.9874459339058,0.7625179217232759,14.279823777916134,17.331146157983447,0.0,18.923663586827622,23.83716536409891,16.722890421897556,0.04535583665623699,0,0.06129763010590872,0.1400485645975178,0.037368538927908146,0.07420249726153672,0.004917651561346936,0.014205127654615507,0.018029256618354944,0.7878931425355482,0.45051200704721417,0.04535583665623699,0.04535583665623699
2018-07-13,26642.04035039864,27164.484719590306,26611.241879780173,26935.63671875,0,25995.185657584618,25040.691699391675,23312.1598210073,61.38807980807768,3.4317436828684578,456.47510214631984,367.9532025668533,88.52189957946655,0.843529152251801,14.973051647467136,17.331146157983447,0.0,19.553346947122527,27.648294351640963,15.640355838398117,0.044115798033013576,0,0.07567462760640753,0.1554329125042062,0.038117715343148006,0.07414722152113695,0.0166869239134273,0.01236630203198809,0.018291194556969006,0.6760795197641418,0.43429394676990235,0.044115798033013576,0.044115798033013576
2018-07-20,26914.18672127893,27186.83433036014,26643.63908917912,26872.88671875,0,26078.776234838464,25112.54248446455,23382.66926452696,60.63160327604566,-0.7564765320320177,470.2926375880052,388.42108957108366,81.87154801692151,0.7946064130456535,15.263823400690663,17.331146157983447,0.0,20.165593688275067,26.391012191250635,14.80477803622651,0.046713920382402074,0,0.0700982083106263,0.14926514226149212,0.03847614199046778,0.07398099850652717,-0.002329627498885878,0.011836969593544227,0.01779199692911824,0.6652974166251083,0.4441040625300822,0.046713920382402074,0.046713920382402074
2018-07-27,26700.98990074353,27660.730159843235,26671.03907758696,27634.080078125,0,26226.90041038956,25211.42631166692,23466.855617271474,66.09043355346311,5.458830277417455,536.4808591225083,418.03304348136857,118.4478156411397,0.9337609570175104,15.593578562708103,17.331146157983447,0.0,21.29170259106278,28.430192202003795,13.400100304746394,0.00724811252296953,0,0.09609348303062748,0.1775791579757482,0.0402783280156076,0.07434190259011308,0.028325701192492003,0.014332775051594991,0.017271970097657244,0.8298286165710231,0.2563435528703311,0.00724811252296953,0.00724811252296953
2018-08-03,27767.32704463625,27873.374637854344,27327.63118522962,27695.177734375,0,26366.736346007223,25308.828328243708,23550.584768105207,66.49205226248081,0.401618709017697,587.0978729700873,451.8460093791124,135.25186359097495,0.9011354526434416,15.808534401418267,17.331146157983447,0.0,22.56558102394488,28.992062259812226,12.68535551122459,0.01322418282571336,0,0.09428920909263172,0.17598683884414013,0.0417999602369159,0.07465816995422148,0.0022109531447136455,0.013338709201020782,0.01729601486242419,0.7712013031394472,0.05160555201659436,0.01322418282571336,0.01322418282571336
2018-08-10,27769.22806106639,28377.57127703161,27765.72810174118,28123.923828125,0,26534.087534780345,25419.22423019984,23641.145937610552,69.24482413677912,2.752771874298304,654.2664710931749,492.33010172192496,161.93636937124995,0.9778390622492502,14.800146107977294,17.331146157983447,0.0,24.239590979617265,32.000511435708525,11.835289056643,-0.022855805107542704,0,0.10640370348957329,0.18961762269665727,0.043859060940812045,0.07521117196609972,0.015480893383754912,0.013376680064137978,0.014631049496415836,0.9142666127549401,0.043775274760782426,-0.022855805107542704,-0.022855805107542704
2018-08-17,27760.47890519984,28177.82364360492,27739.17837092439,28128.224609375,331100,26685.91011331317,25525.4595391871,23729.998980615783,69.27209426723496,0.0272701304558466,699.7784952369839,533.8197804249368,165.9587148120471,0.9447282347527944,14.18012103151534,17.340941268083945,12.710178743766354,25.727656281894745,30.581854825993027,11.578931990788822,-0.03429620673351963,0,0.10196741281746924,0.18534453509045568,0.04546247531193415,0.07566205797303094,0.00015292251807697,0.01343617871769648,0.014225516486058166,0.9445125406072051,0.04800264845888835,-0.03429620673351963,-0.03429620673351963
2018-08-24,28171.32345630192,28325.119584180407,27782.477167013323,27834.375,310600,26795.28772156906,25616.005243532705,23811.27375327686,65.0294049705104,-4.242689296724564,704.0203858241621,567.8599015047819,136.1604843193802,0.8373241201465271,13.667302666688064,17.33175541482458,-12.646264409266555,27.253154593727203,30.39014409186369,10.933199543478445,-0.08039596665543958,1,0.08660092529561636,0.16895783436068768,0.04603693928170505,0.07579315197312719,-0.010446788357806991,0.012455682720221935,0.01413063221479644,0.8814667688526607,0.05648850804402855,-0.08039596665543958,-0.08039596665543958
2018-08-31,27970.92527590875,28388.320884395504,27940.6244509862,28061.423828125,0,26915.872112669625,25711.904011555933,23895.43514089761,66.72521425570378,1.695809285193377,717.4329372648353,597.7745086567926,119.65842860804275,0.8634749598373884,13.479992991831011,17.33175541482458,0.0,28.73260306198009,29.293675062586534,10.301620188615896,-0.10483663453407766,1,0.09137867874402072,0.1743424492026595,0.04682531875401308,0.07601740081097708,0.008157137644549284,0.012435606792572983,0.014036104068723493,0.8859728263402605,0.23653592718186828,-0.10483663453407766,-0.10483663453407766
2018-09-07,28199.120571931173,28202.87052822728,27135.73521286376,27481.12890625,123200,26969.706093010613,25781.28537997531,23966.438977835285,58.8680181810292,-7.857196074674576,673.4741397851358,612.9144348824613,60.559704902674525,0.685721725318575,12.09025917887101,17.328088329428194,-11.72157244693173,28.1420162405588,26.15870287999355,17.271066547112053,-0.11054723774226316,1,0.06593323417439012,0.14665048619301269,0.04609625530767225,0.07572449139475568,-0.020679453951776727,0.015124260016834841,0.01482645193488418,1.0200862676558489,0.43099005925458556,-0.11054723774226316,-0.11054723774226316
2018-09-14,27394.88056233073,27404.530840703985,26554.84096734844,27163.533203125,0,26988.16581778341,25835.49117696157,24029.747774375675,55.04747141617222,-3.820546764856978,606.02329775221,611.536207456411,-5.512909704200979,0.5667924937372513,10.9630639566668,17.328088329428194,0.0,26.50752312459003,23.77978746504537,21.403545120271662,-0.06508647098314901,1,0.05140378470325713,0.13041274749005338,0.04461593677188236,0.07514616547542219,-0.011556865229534696,0.01588728620086947,0.014927339820532909,1.0643079337562968,0.35110100569296276,-0.06508647098314901,-0.06508647098314901
2018-09-21,27002.284985298007,27002.284985298007,25053.0590385226,25596.603515625,0,26855.636074720707,25826.123033379747,24060.774620737047,40.93264629952216,-14.11482511665006,421.2737080084408,573.483707566817,-152.20999955837624,0.0403180311707078,11.029272510586765,17.328088329428194,0.0,26.193584450500985,19.441557548207527,30.480517280593045,-0.019967248767517654,0,-0.008887106959805657,0.06383123233132659,0.03986324389496376,0.07337038979290433,-0.05768504692606535,0.022733604070214058,0.020138381324744742,1.1288694807998532,0.4383757759418943,-0.019967248767517654,-0.019967248767517654
2018-09-28,25644.75190235571,25649.400285680746,24677.96267053657,25119.55859375,0,26690.295362247307,25798.414623982502,24081.74064000463,37.75836265114635,-3.174283648375813,233.6711728971277,505.5212006328792,-271.8500277357515,-0.0304052481341965,12.472005526444509,17.328088329428194,0.0,26.265765715161997,17.829218191299198,31.154924096116744,-0.02781860250517565,0,-0.026313866186235768,0.04309563703303665,0.034571145214314924,0.07128529493113667,-0.018637039933200317,0.022418874749333434,0.019260596259389393,1.163976153562972,0.21963686913457858,-0.02781860250517565,-0.02781860250517565
2018-10-05,24943.610387791672,25469.755120611888,24250.36942127765,24443.166015625,253300,26476.283043521373,25745.26761973319,24088.89757813573,33.76065515219695,-3.997707498949403,30.06896767006401,410.4307540403162,-380.36178637025216,-0.1123554667677608,14.513196511055671,17.320506265701265,-12.442333783869854,26.719089731579903,16.031913805266978,31.549215296917804,0.05147391897067344,0,-0.05057634759679708,0.014706710273483914,0.02839416682652285,0.06876072415621315,-0.02692692929298901,0.01989035296592526,0.019636879082692887,1.0129080533706487,0.2660005144693931,0.05147391897067344,0.05147391897067344
2018-10-12,24470.46461199269,25483.90327087143,24239.768083752395,25395.5546875,0,26373.3565334241,25731.5533870966,24114.77197634096,42.92395329096617,9.16329813876922,-53.81707077900501,317.58118907645195,-371.39825985545696,0.1585514844708389,15.176719706679409,17.320506265701265,0.0,27.11502393609167,14.546624553708964,28.40315477028749,0.01477213193376925,0,-0.013057847481726115,0.05311195612447084,0.024942262003091464,0.0670452705230582,0.03896339251904579,0.027863232886885674,0.021405435137543328,1.3016896273234788,0.20896665419918178,0.01477213193376925,0.01477213193376925
2018-10-19,25443.70442818741,25915.048187791483,24922.361267676788,25085.509765625,0,26250.704460300374,25706.21834311732,24133.994506821837,40.93848637396513,-1.985466917001041,-143.6593787644124,225.3330755082791,-368.9924542726915,0.1261205250069791,16.20266549707485,17.320506265701265,0.0,26.729361942530293,16.826355380198414,26.161491282373383,0.046231323938020985,0,-0.02414624232967011,0.03942634769947451,0.021181105284155288,0.06514561175735212,-0.012208629647597613,0.027852988765770765,0.021122673531814382,1.3186298942612245,0.22919930802380628,0.046231323938020985,0.046231323938020985
2018-10-26,25483.95427715036,25504.454039265456,24352.81719425804,24420.767578125,0,26076.42475723605,25655.808509196053,24139.6731815011,36.98811074451169,-3.95037562945344,-265.4393742941211,127.17858554779907,-392.6179598419202,0.0419741209835088,17.899057406856215,17.320506265701265,0.0,26.940936747641334,15.316133000601695,28.25217872175466,0.06463264928919932,0,-0.048138842735295784,0.011644498850933438,0.016394581674915143,0.06280678766010839,-0.026499050396452617,0.026845268993227627,0.021742012365550647,1.2347186884946717,0.2884020053948094,0.06463264928919932,0.06463264928919932
2018-11-02,24647.66183794929,25855.949374375203,24404.26623833399,25701.3515625,0,26040.703500594525,25657.594511286403,24170.59750587732,47.49848045168562,10.510369707173936,-255.67125381262667,50.60861767571393,-306.27987148834063,0.3207973965884385,18.159050826397845,17.320506265701265,0.0,26.54991287960817,16.282396145014218,25.183774129224435,0.045183816634156715,0,0.0017054229769806195,0.06333124600045426,0.014931601991745591,0.06152090386046538,0.05243831834025103,0.03619483546535715,0.025119979488329346,1.4408783845613067,0.24900730077137012,0.045183816634156715,0.045183816634156715
2018-11-09,25731.251960655307,25860.450077734346,25534.103859538525,25770.701171875,1800,26014.988993097428,25662.0300666036,24202.28272698618,48.00428609876116,0.5058056470755332,-239.57237287199317,-7.427580433827487,-232.14479243816567,0.3469150750325182,18.36197402830831,17.32056034866292,7.496097345175956,26.179238589474966,15.900573032527966,24.538563880583013,0.03194678368020121,0,0.00423470415198457,0.0648045666841166,0.01375413112593793,0.060314448685857336,0.002698286477516909,0.036332069090769456,0.024913982912508868,1.4583003134568167,0.33219238358523534,0.03194678368020121,0.03194678368020121
2018-11-16,25815.850302736624,26332.44430019463,25384.256406785385,26245.24609375,0,26036.918240778625,25684.90128335444,24242.73744712012,51.45103592535303,3.446749826591869,-186.37368465928373,-43.21680127891874,-143.156883380365,0.4456439494027236,18.38141023225692,17.32056034866292,0.0,25.056466757993032,18.414824144946948,22.7174367122052,0.022116058816008755,0,0.02181611695578911,0.08260241447558836,0.013705209669321095,0.059488489671600364,0.018414125355382227,0.03032732943531944,0.02508642204351425,1.2089141043196376,0.4898917268378561,0.022116058816008755,0.022116058816008755
2018-11-23,26364.292223733468,26378.792054677542,25947.54747581948,25999.146484375,0,26033.320930644943,25697.22462457093,24277.517824095463,49.61421581425106,-1.8368201111019644,-162.20176176858877,-67.01379337685275,-95.18796839173602,0.4006287058367289,18.47545322007832,17.32056034866292,0.0,23.93965926508068,18.145890103786343,21.920620961817896,0.03346999897758063,0,0.011749201099148454,0.07091452564276635,0.013079089706545588,0.058478251803254944,-0.00937692138591173,0.029526537421026372,0.02514471859838986,1.1742639833287736,0.5438507358968863,0.03346999897758063,0.03346999897758063
2018-11-30,26095.696494907435,27012.384976689787,26024.748101320263,26862.63671875,0,26112.303386654952,25742.92705963678,24328.708297256937,55.60322665805037,5.9890108437993135,-72.53278055914416,-68.11759081331103,-4.415189745833132,0.5779175061927422,18.45926182273158,17.32056034866292,0.0,22.50761963199298,21.76402526944307,20.133739500212982,0.009764448325428887,0,0.0434958175703668,0.10415384123697047,0.01434865297805743,0.058129627972862696,0.033212253136615244,0.0279406901409546,0.02600102049214227,1.0745997507828016,0.5837039695557646,0.009764448325428887,0.009764448325428887
2018-12-07,27032.58585035136,27036.78502024151,26149.145099396028,26593.9921875,0,26158.17851054496,25776.30216269024,24373.565403994424,53.47365525461939,-2.1295714034309867,-22.88305383596889,-59.0706834178426,36.18762958187371,0.5258764921953342,18.42432818873508,17.32056034866292,0.0,21.21233252269899,20.40610147991035,18.69593478211825,0.022587485249106143,0,0.03172254963682564,0.09109979384229461,0.014815016732984354,0.057551561925607064,-0.01000067618315692,0.026571177620228963,0.02609647739721666,1.0181902030602388,0.6382825721655633,0.022587485249106143,0.022587485249106143
2018-12-14,26073.347992587373,26951.13514438852,25598.65110460109,26825.6875,0,26221.75079525496,25817.454528859253,24422.12227718265,55.07186768368012,1.5982124290607302,34.75989720168582,-40.30456729393692,75.06446449562273,0.5834727442196904,18.055671804857997,17.32056034866292,0.0,20.19527026815036,18.26571524955248,21.00418651795435,0.02340646558452608,0,0.039052377143289796,0.09841754109400136,0.015659803562112495,0.0571339474858108,0.008712317837293426,0.025522369791747088,0.025325302314589914,1.0077814461880537,0.6414132561220011,0.02340646558452608,0.02340646558452608
2018-12-21,26915.135933677084,27368.78130066969,26822.78765077092,26869.337890625,0,26283.42575671877,25858.704856771637,24470.58199230033,55.38281961679295,0.3109519331128325,83.00771168615029,-15.64211149791948,98.64982318406976,0.6039494820375125,17.618520421804163,17.32056034866292,0.0,18.87798431339484,20.805119413885343,20.08815123463415,0.021848062320688033,0,0.03908289450114166,0.09802610739211026,0.016424677968197354,0.05672618922214778,0.001627186279009596,0.02161981526672036,0.025321525953699492,0.8538117057499724,0.5845954416443885,0.021848062320688033,0.021848062320688033
2018-12-28,26876.73834770189,27239.63251699773,26407.84267999701,27124.935546875,0,26363.569546257462,25908.360962265884,24523.14344882656,57.248674635653096,1.8658550188601453,140.25230573596127,15.536771948856671,124.7155337871046,0.6782041470301015,16.807078515132325,17.32056034866292,0.0,17.987793896209553,19.415888895516733,22.07784400749849,-0.000366792346208733,0,0.04695683321615718,0.10609537490484078,0.017569949123935835,0.05648613181788531,0.00951261461262809,0.01429799138602923,0.025149076486853664,0.5685294803371134,0.3888235875463384,-0.000366792346208733,-0.000366792346208733
2019-01-04,27267.48312148169,27430.23197848434,26923.4379184418,27194.68359375,116400,26442.723265066277,25958.80498702997,24576.045233874545,57.76769031079031,0.5190156751372115,189.0676887936679,50.24295531781892,138.824733475849,0.7159073784442795,15.94789049632688,17.324051517715564,11.664796405307865,16.8708680251928,20.17952672031712,21.151141163569527,-0.004009931858521831,0,0.047609225745850914,0.1065524715207653,0.018641777935390014,0.05626453483449345,0.00257136267676894,0.014303325669050595,0.025163285152883273,0.5684204420109941,0.11565394283939519,-0.004009931858521831,-0.004009931858521831
2019-01-11,27378.3331257057,27754.12655728776,27161.632953028737,27453.58203125,146100,26538.99552851234,26017.423694646444,24633.026160555248,59.72237541322944,1.954685102439136,245.81160855347844,89.35668596495083,156.4549225885276,0.7891169192679987,15.577612041172126,17.32841629505056,11.892053442342334,15.975516610320586,21.910572195080466,20.0894720265223,-0.0058097353814684505,0,0.05519986734501581,0.11450301933309737,0.020047020796037485,0.056200871345154724,0.009520185686569205,0.013603177042727415,0.025180946552686757,0.5402170650839169,0.11883837599845928,-0.0058097353814684505,-0.0058097353814684505
2019-01-18,27388.88117579989,27611.229505316307,27181.88357948063,27456.380859375,0,26626.36556002307,26073.8533873809,24688.934174393264,59.744067101182985,0.0216916879535418,287.6910919928923,129.02356717053914,158.6675248223532,0.8110167505124326,14.90241014013049,17.32841629505056,0.0,15.144118867939245,21.084666450852733,19.332211549822727,-0.024127047539253876,0,0.05302351944125028,0.11209259441633002,0.021190276881344117,0.0560947347181977,0.00010194764828197478,0.012465357236246132,0.025101384978635694,0.4966003767065305,0.11789360665082396,-0.024127047539253876,-0.024127047539253876
2019-01-25,27514.230690354794,27621.877875525257,27044.885578585017,27114.986328125,0,26672.90087127087,26114.68213015518,24736.974811100823,55.79673811948782,-3.947328981695165,289.9903703486416,161.21692780615962,128.77344254248197,0.7332110270226778,14.604821724994558,17.32841629505056,0.0,14.140681044639692,19.99392414080442,19.56041282347778,-0.0091369416114373,0,0.03830428388843954,0.09613186475643887,0.02137566669712987,0.05569425241263137,-0.0124340688963539,0.008530380835433171,0.024823698923230296,0.3436385875374256,0.16947207060102237,-0.0091369416114373,-0.0091369416114373
2019-02-01,27041.13414646731,27532.73113751926,26441.24371865389,27085.634765625,231600,26712.20886120936,26152.758704095173,24783.482929012192,55.45748173230228,-0.3392563871855429,286.1456305094289,186.20266834681348,99.9429621626154,0.7274397599294153,14.550733459331877,17.3214883170366,-12.352771342460947,13.97974220347472,18.087707115426213,22.96824922643421,-0.001552440195286331,0,0.03567027372082743,0.0928905692233375,0.021391630743206713,0.05524952965670815,-0.0010824848718272717,0.007359739602832564,0.024685539227212703,0.2981397139066493,0.5662973244027703,-0.001552440195286331,-0.001552440195286331
2019-02-08,26973.68606805153,27589.42928552474,26825.238577000524,27294.083984375,0,26767.625539606088,26197.5165582238,24833.19780139561,57.43676337747674,1.979281645174467,296.50087879199054,208.2623104358489,88.23856835614163,0.7554615937634239,14.751936876488603,17.3214883170366,0.0,13.727809070194434,17.37223908866502,21.427891984266623,0.017124389721874023,0,0.041857686155635676,0.09909662874110747,0.021761947553892158,0.05493931018225595,0.007695932569191433,0.007241372220357949,0.020618044585155086,0.3512152760389174,0.6228782422835047,0.017124389721874023,0.017124389721874023
2019-02-15,27240.18344617612,27305.583076802453,26634.941295944005,26793.939453125,0,26770.13162660789,26220.90569135718,24872.024368756596,51.52116793074975,-5.915595446726996,261.3374682151698,218.8773419917131,42.46012622345668,0.6088111706909756,14.188488718513714,17.3214883170366,0.0,13.77722057021528,16.336778619336908,21.84199340317409,0.09655795383415544,0,0.02185407966120323,0.07727216152066219,0.020946108487463144,0.05423287234693297,-0.01832428344311965,0.010266361100432097,0.020600549954314085,0.49835373925452686,0.6154320098219217,0.09655795383415544,0.09655795383415544
2019-02-22,26754.287893333447,27100.58537374313,26617.389097725696,26867.23828125,0,26779.379879430948,26246.25206743141,24911.5335551426,52.29660048007673,0.7754325493269789,236.6567827622166,222.4332301458138,14.2235526164028,0.608656800200476,12.480462658793964,17.3214883170366,0.0,13.84988331792144,15.6146292152994,21.037063548720205,0.10104938737394065,0,0.023659995805235923,0.07850599489503018,0.020312531123675592,0.05357833588744598,0.00273564953945038,0.009598424877665032,0.01932842454478138,0.49659633952196996,0.612966214957498,0.10104938737394065,0.10104938737394065
2019-03-01,26933.885434349784,27196.78276217568,26719.090769625524,27043.5859375,0,26804.54236115181,26277.52006233606,24953.75241419918,54.19489294975845,1.8982924696817207,228.69073929893784,223.68473197643863,5.006007322499215,0.6428389525623298,11.937892389794554,17.3214883170366,0.0,13.71067662071985,15.817937463093534,20.091518008816763,0.12485812110600403,0,0.029152898498285396,0.08374826713883965,0.020056013564656583,0.05304884115880015,0.006563668896816477,0.00991812110491904,0.017605377240479,0.563357488422054,0.4428751801372015,0.12485812110600403,0.12485812110600403
2019-03-08,27067.835726658137,27815.17714357065,26957.78622473513,27761.478515625,0,26895.679137768304,26335.714511484646,25009.35095086108,60.99890468714317,6.804011737384727,277.1111588941021,234.3700173599713,42.741141534130776,0.8443823788441818,11.273268457376918,17.3214883170366,0.0,13.068801188762205,20.31880072912785,18.48552135332968,0.08367069730517573,0,0.05413804146147605,0.1100439419707997,0.02126255682333822,0.05303470542796718,0.026545761341861596,0.013567959569647734,0.017938877755077187,0.7563438334824282,0.473221710062368,0.08367069730517573,0.08367069730517573
2019-03-15,27839.776857734418,29520.355801968013,27790.92781467533,29381.107421875,0,27132.38659339751,26455.14168444113,25095.92038593066,71.34177674462988,10.342872057486709,441.0905894584721,275.7141317796715,165.3764576788006,1.2817675066208325,11.425309882106117,17.3214883170366,0.0,14.556109644810146,31.819800488973915,15.711059795635409,0.018961017878796005,0,0.11060102313323461,0.17075233623815245,0.02559974605445725,0.054161046003017965,0.058340873499890256,0.02419110378576954,0.019958024935922795,1.212099086128886,0.06752025941663296,0.018961017878796005,0.018961017878796005
2019-03-22,29521.25672467061,30007.75091388812,29361.30936368378,29582.15625,0,27365.69798926441,26577.76970661991,25184.75673967461,72.32296997573968,0.9811932311097992,580.5759120649345,336.6864878367241,243.8894242282104,1.168756621862848,13.29921263288212,17.3214883170366,0.0,16.34383454045186,34.263337044803386,14.830074333559905,0.02166483648821238,0,0.11304133403758732,0.17460559797260156,0.029646140038915414,0.05531174993446841,0.006842792725209268,0.022692640986939874,0.017206392903927274,1.3188494017104764,0.04898688915070395,0.02166483648821238,0.02166483648821238
2019-03-29,29329.05998744208,30495.696388243457,29155.911606436886,30420.197265625,0,27656.60268225113,26728.453140306385,25288.428829297387,76.01005348012916,3.687083504389477,750.0953095179757,419.3682521729745,330.7270573450012,1.1913666069551478,15.952012059963044,17.3214883170366,0.0,18.370496127450203,34.50319866005525,13.180453697413276,-0.013380809843069774,0,0.13812038077697375,0.20292950862895487,0.034725149901963404,0.05694400078112749,0.028329274192951948,0.022807226382883114,0.01779826882134608,1.2814294812498628,0.10352478335825326,-0.013380809843069774,-0.013380809843069774
2019-04-05,30537.24559968504,30647.7443187045,29809.55383878743,30084.30078125,0,27887.81202501293,26860.05500857868,25383.39659072219,71.87693454604991,-4.133118934079249,847.5663964097512,505.0078810203299,342.5585153894213,1.0175388225161142,17.464971256620167,17.3214883170366,0.0,20.361856203923494,33.362383766164335,12.261533280464322,-0.004337745717405306,0,0.12003868836610887,0.1851960266123731,0.03826339953905511,0.058174185341146156,-0.011041890407284316,0.02454202990450184,0.018147859331300552,1.352337455149486,0.09729655415427586,-0.004337745717405306,-0.004337745717405306
2019-04-12,30201.14819452445,30231.698619900333,29639.905989633247,29938.203125,0,28083.087367868844,26980.76669941873,25473.59077951977,70.0916973958841,-1.7852371501658126,902.6192423772736,584.5301532917186,318.089089085555,0.9303087875780576,17.987504526563445,17.3214883170366,0.0,21.87424607520699,31.682869997628643,13.087398301157185,-0.029996490165940748,0,0.1096127644751097,0.1752643506022591,0.04085579482342361,0.05916621386218934,-0.004856275614058991,0.022502814189889718,0.017960298019506375,1.252919866109671,0.09666579158816986,-0.029996490165940748,-0.029996490165940748
2019-04-19,29983.15179292973,30669.44402616296,29918.75215020512,30223.048828125,0,28286.89322122657,27107.91501819153,25567.63945374958,71.57411794269673,1.4824205468126337,958.1882889842818,659.2617804302313,298.92650855405054,0.9240756295521636,19.12762155067189,17.3214883170366,0.0,23.62191542481928,33.39635396039524,12.245281894006862,-0.025584455055223887,0,0.11491602389350031,0.18208209572091283,0.04349202814911646,0.06024316664931928,0.00951445555819408,0.022134823886638635,0.016906662893231537,1.309236720837449,0.09290379171874348,-0.025584455055223887,-0.025584455055223887
2019-04-26,30282.14737359237,30289.54767804308,29434.708081821136,30013.150390625,0,28451.298665931183,27221.845817110487,25655.66937329167,68.86539300223723,-2.708724940459504,974.061731750633,722.2217706943117,251.83996105632136,0.8443047616979032,19.48321956622165,17.3214883170366,0.0,24.31269088345247,30.95381974470265,15.491038916558583,0.039950391537355356,0,0.10253913684868565,0.16984476038928076,0.04516419852940001,0.06104601758897221,-0.006944978936230695,0.023354592591542968,0.016767271625703222,1.3928677910687495,0.04063676340065301,0.039950391537355356,0.039950391537355356
2019-05-03,29920.05288028914,30121.40039854204,29549.707572337764,29953.802734375,0,28594.394291497265,27328.98138249341,25740.78092499629,68.08085684279186,-0.7845361594453664,970.663485194349,771.9101135943192,198.75337160002985,0.8003342608363692,19.672165321320684,17.3214883170366,0.0,24.954125237897568,29.404916306403013,14.715880191768331,0.04744747885529721,0,0.09604534157877609,0.16367109535855384,0.04630296648430754,0.061699777567931324,-0.0019773884273254216,0.023227644731330547,0.01685301194848327,1.3782488733962466,0.03131950671569933,0.04744747885529721,0.04744747885529721
2019-05-10,29626.1561565631,29835.15380568032,28784.31561556765,29040.162109375,0,28636.848369390384,27396.08650903779,25806.115205875078,57.26506739783847,-10.815789444953396,884.0563363517431,794.339358145804,89.71697820593909,0.6192000172357799,19.172038206822865,17.3214883170366,0.0,24.21167832916633,26.485260071394045,19.75302636269614,0.06976639235412319,0,0.06001133044293905,0.12532095116601094,0.045289748225290305,0.061612191160052454,-0.03050165727210008,0.017128745362320143,0.018689111034929307,0.9165093690281526,0.17403326132890817,0.06976639235412319,0.06976639235412319
2019-05-17,29026.312132953462,29559.10615335863,28525.117121428622,29449.80859375,0,28714.27315266273,27476.624630006896,25878.26755018943,60.30970789358472,3.0446404957462505,838.8053685038103,803.2325602174053,35.57280828640501,0.6748912777296862,18.8985904690376,17.3214883170366,0.0,23.12330424659832,24.19761084655961,20.21208850321296,0.03953117532730155,0,0.0718131863106728,0.13801314313772228,0.045043688565159945,0.06176445454540347,0.014106205152441431,0.017803036664853427,0.018787671475234018,0.9475914398610525,0.17582071332683505,0.03953117532730155,0.03953117532730155
2019-05-24,30230.049119102063,31704.63141911353,30110.84933232209,31212.1875,0,28952.16975717104,27623.11729157525,25983.889727413403,70.1596153572866,9.849907463701882,934.3819261756108,829.4624334090464,104.9194927665643,0.9368194229075733,19.96534304756848,17.3214883170366,0.0,24.082407835402783,36.163363676155285,16.803555197721,-0.018716834870192933,0,0.12992994854781936,0.20121305268127965,0.04811377555860208,0.06308630391209036,0.059843475744152164,0.02645685433390934,0.022508862831800355,1.1753971993881136,0.19459392357920283,-0.018716834870192933,-0.018716834870192933
2019-05-31,31234.537991999965,31783.22962323956,30622.694304817083,31375.03515625,232000,29182.918842797608,27770.251325484067,26090.64508243987,70.87877354051831,0.7191581832317127,1011.6063137255952,865.8912094723562,145.7151042532389,0.9079922545645271,20.949275117013222,17.32842821904665,12.354496960983983,25.026531293963963,33.65095675578071,15.36713990978862,-0.00861185539010223,0,0.12980738951605786,0.20253964810424518,0.050869813915481954,0.06437580357775996,0.005217438100101113,0.025794839737137042,0.02250556742178428,1.1461537162652877,0.017257844101757288,-0.00861185539010223,-0.00861185539010223
2019-06-07,31405.6864659458,31752.33012901935,30626.6945648515,31066.189453125,274600,29362.277948543076,27899.50380107783,26189.170713542542,67.55360783663045,-3.325165703887862,1035.9442101183083,899.9018096015468,136.04240051676177,0.8205220707992007,21.25179039027445,17.320208757117076,-12.523074413969974,25.90321736262792,30.89255921345517,14.107482383039338,0.013173359879476099,0,0.11350329649679414,0.18622272514572336,0.05243011337745496,0.06530688223170289,-0.009843676718987782,0.026140235346711106,0.02277275950779221,1.1478729812154138,0.0195430204876491,0.013173359879476099,0.013173359879476099
2019-06-14,31258.83526863584,31398.98477230212,30508.594973823,30613.994140625,0,29481.48901445564,28005.9544026287,26276.790979425365,62.90072690751482,-4.652880929115625,1007.1341699972908,921.3482816806955,85.78588831659522,0.724177220107263,20.64251698940648,17.320208757117076,0.0,26.519505471306207,28.87620594292194,14.052415850380124,-0.0004213886814553591,0,0.09312447276395996,0.1650583271220467,0.05268646055099069,0.06580573040890969,-0.014555866698176989,0.0269106599278615,0.022870031729002354,1.1766778571511587,0.1752377172431055,-0.0004213886814553591,-0.0004213886814553591
2019-06-21,30651.644039085662,30824.192854831643,30220.34830409407,30627.994140625,0,29590.67997885272,28108.77949039326,26362.953418261,62.9857289290864,0.0850020215715758,974.2016978797146,931.9189649204995,42.28273295921508,0.7051629858488458,19.71902772210895,17.320208757117076,0.0,26.6080481336434,27.56231855629343,15.585007879641566,-0.028013268855793583,0,0.08962376509776004,0.16178159763426603,0.052720200425846686,0.0662227044304895,0.00045730720191849983,0.026688729973259658,0.022846343290818513,1.168183881049591,0.21297812985594827,-0.028013268855793583,-0.028013268855793583
2019-06-28,30680.5928335278,31490.23375944489,30451.045625040017,31104.837890625,0,29734.8854942596,28226.271976676857,26456.85212068405,65.85531775200903,2.86958882292263,975.3367074983688,940.6025134360737,34.73419406229539,0.762515617670385,18.992947594655785,17.320208757117076,0.0,27.26468085221313,30.40325833872733,14.372964723259496,-0.057221931601400655,1,0.10198179611982328,0.17568173827857403,0.053447140268091387,0.06687945519450023,0.015568886026640305,0.02695562002568467,0.02293735967124202,1.175184084482077,0.21493046304892094,-0.057221931601400655,-0.057221931601400655
2019-07-05,31270.635943783825,31660.382619537828,31104.73839750844,31475.435546875,1000000,29900.65216593726,28353.69015590032,26556.2300103116,67.93588152644344,2.0805637744344097,994.6743576127192,951.4168822714028,43.25747534131642,0.8100137802541099,17.431632346318377,19.43813612473413,19.30998376561334,28.010675859510638,30.412630092260635,13.75691004250422,-0.10391641596996859,1,0.1101001447716341,0.1852373448585627,0.05455945951060004,0.06768506466809399,0.01191446994686629,0.022821330377252674,0.022178078550481373,1.0290039475379773,0.19577445306833965,-0.10391641596996859,-0.10391641596996859
2019-07-12,31346.48551055772,31370.03601826152,30346.346336739865,30601.09375,1000000,29967.360888228948,28441.823630178736,26636.3263219886,58.82821932085255,-9.107662205590891,928.7415543035896,946.88181667784,-18.1402623742506,0.6242041480706805,14.809361095568637,19.43391958984755,-13.96728785211004,27.475503811178537,27.804637918036025,18.337143851607745,-0.07089692464015274,1,0.0759188351597162,0.14884813243703343,0.053637111244565716,0.06778327034909748,-0.027778544813871764,0.026363167785002382,0.0235868034662223,1.1177083754802128,0.24217938077635662,-0.07089692464015274,-0.07089692464015274
2019-07-19,30688.493273372063,30799.341050304905,29705.405047026983,29770.00390625,1000000,29948.564985183333,28493.909131201137,26698.37934345912,51.72924999003604,-7.098969330816509,800.2030849240291,917.546070327078,-117.34298540304894,0.3819640836722819,11.639614259201975,19.42809691544312,-14.285014687480787,26.10029914963859,25.52113953544636,21.643002602420868,-0.05217775705175132,1,0.044784826440382064,0.1150491017928923,0.051051466728702755,0.06725238879272677,-0.027158828064764884,0.016747008037074167,0.02477884526815075,0.6758590989952132,0.27283656105372467,-0.05217775705175132,-0.05217775705175132
2019-07-26,29616.70708355306,29634.80648288709,28870.6650052565,29324.958984375,1000000,29889.1739374873,28526.49932152168,26750.39082149705,48.363601258962646,-3.365648731073392,654.8750244352159,865.0118611487056,-210.1368367134897,0.1712533170083675,9.427491653037192,19.423334846572114,-14.078644526133855,24.616324360970093,23.791255569023907,26.46735155272403,-0.0807033044789931,1,0.02799010330198226,0.09624413265801657,0.047768729019531664,0.06639560939039879,-0.014949441164888944,0.016370014198358623,0.02462549993949447,0.6647586541828673,0.23006184279263442,-0.0807033044789931,-0.0807033044789931
2019-08-02,29583.106039322625,29592.60592911896,27936.02460915449,28204.62109375,1000000,29728.74033332184,28513.876645922795,26779.18746055157,41.11204042050199,-7.251560838460655,444.1793615586794,780.8453612307004,-336.66599967202103,-0.1069627157551721,10.906379712770564,19.41865984772849,-14.055472680862607,24.12523307821794,20.97144845052984,30.017404515263014,-0.027551862553551576,0,-0.010845791191883225,0.05322915922293148,0.042606051168870396,0.06477751380345631,-0.03820424407829326,0.01952129695144365,0.022590290785711953,0.8641454479988634,0.2071317719324787,-0.027551862553551576,-0.027551862553551576
2019-08-09,27840.8747017872,28602.417938408613,27389.180748042392,28431.5703125,931400,29605.20033133881,28510.648946572885,26811.907913065395,42.97724057932083,1.865200158818837,292.1467501276711,683.1056390100946,-390.9588888824235,0.0244026582934037,11.96126510021271,19.422087327776467,13.744445183182403,24.117691704334806,19.17862642817754,31.304498217671973,-0.04164336739446495,0,-0.0027736525471964146,0.06040832322288203,0.038390967066973536,0.0633577080383636,0.008046526063783643,0.020673409698317137,0.022616120827062457,0.9141006035650168,0.2818902967912174,-0.04164336739446495,-0.04164336739446495
2019-08-16,28356.47122052659,28358.52002484025,27683.17826433042,28216.671875,564400,29472.959525973205,28499.120433962184,26839.72502122252,41.63255349051428,-1.3446870888065448,152.5606777799876,576.9966467640731,-424.4359689840856,0.0411613804473485,13.20347482511542,19.42001178220848,-13.24352027075228,24.11068900001475,18.147990164467423,29.62223222217923,-0.004190715595334571,0,-0.00991078161926684,0.051302569332909,0.03417084728167619,0.06182609588688259,-0.007558444192071967,0.020340413055683706,0.021500958583665086,0.9460235447891574,0.2428030039552396,-0.004190715595334571,-0.004190715595334571
2019-08-23,28330.92018524964,28468.568973434605,26560.291723510625,26958.337890625,288200,29233.47175117814,28438.69758912543,26842.07379091366,34.7719924118433,-6.860561078670983,-58.92013181896618,449.81329104746527,-508.73342286643145,-0.1103551312502127,16.020431927820344,19.41895028097626,-12.57141343235417,24.93894786606342,15.814338917826207,33.37972565183442,0.07503715404607614,0,-0.052054412613695034,0.004331412714866145,0.02794692547230504,0.05948213281316006,-0.044595407635224515,0.02064991913990951,0.023347305298759623,0.8844669170881396,0.31072989362188896,0.07503715404607614,0.07503715404607614
2019-08-30,27663.628333670706,28277.37128940145,26859.03805716454,27427.53125,0,29061.4774177326,28399.044007198943,26853.66700792527,38.820309103059145,4.048316691215845,-186.51024022334605,322.548584793303,-509.05882501664905,0.056031014908002,17.61525801189847,19.41895028097626,0.0,25.708045384537183,14.338519504653316,30.26467624133817,0.08928151287312813,0,-0.0342093472214301,0.021370051319447914,0.023325905279266923,0.05754808081956142,0.017404387513748176,0.021826136414585213,0.0238895152207307,0.9136282680045787,0.28697149208194095,0.08928151287312813,0.08928151287312813
2019-09-06,27238.88188345207,27310.73364168925,26641.04074998522,27247.583984375,0,28888.725662174733,28353.888712186243,26861.46734409259,37.850056151645006,-0.9702529514141388,-298.7032951743786,198.2982087997667,-497.0015039741453,0.0829335756801216,19.09821736278656,19.41895028097626,0.0,26.575926613994103,13.581627565965649,30.13022974818132,0.017760964041894978,0,-0.03901774247056855,0.014374368880757604,0.01886291349371838,0.055559934570062364,-0.006560826199951908,0.02159626233380389,0.023676836177202943,0.9121261883206203,0.33862339320715923,0.017760964041894978,0.017760964041894978
2019-09-13,27240.03237485792,28126.52311131815,26993.58602619585,28098.423828125,0,28813.458820836662,28343.870481438746,26885.961531895213,44.86666831109354,7.016612159448535,-315.32654675795493,95.57325768822238,-410.8998044461773,0.2561431882723919,19.615699229507683,19.41895028097626,0.0,26.21137777000654,18.00386743430273,27.849644943567007,-0.0020018916485876614,0,-0.008659602557613999,0.045096482593394605,0.016567544637399845,0.05422565779594657,0.03122624905892235,0.02600536839139453,0.02500484182260629,1.0400133132569425,0.33413309081919496,-0.0020018916485876614,-0.0020018916485876614
2019-09-20,27867.67562993628,29418.6082111784,26642.690783747083,28981.21484375,0,28829.43558492365,28368.864377999973,26927.451696486394,51.042566685159855,6.175898374066314,-254.3349215754788,25.591621835482144,-279.92654341096096,0.4170843222682775,19.65637384749889,19.41895028097626,0.0,24.410293115764237,22.75544764910584,23.21338577082072,0.0047857643778141945,0,0.02158530061657693,0.07627023791232301,0.016235094954341944,0.05352948722220385,0.031417812651162835,0.02895457842057568,0.02616450214399492,1.1066359398403887,0.3072758192526358,0.0047857643778141945,0.0047857643778141945
2019-09-27,30039.051048267083,30800.94257839302,29469.757206571205,29876.302734375,0,28929.13721820473,28427.97960766174,26985.844786345577,56.3781558913337,5.335589206173843,-132.24803397154028,-5.97630932592234,-126.27172464561794,0.564460280155943,19.61910046641742,19.41895028097626,0.0,23.76874232069812,28.351154161114227,20.77212825924524,-0.016089518062987196,0,0.05094710024074023,0.10711015241190269,0.017629026665261893,0.05344041784624287,0.03088510593675231,0.02650779315487167,0.026162311977639886,1.01320529995694,0.5478445070620281,-0.016089518062987196,-0.016089518062987196
2019-10-04,29674.45625370408,29754.05493891927,27653.37786129322,27731.52734375,1000000,28815.07913492333,28400.667754175003,27000.610777581307,44.00308514073063,-12.375070750603072,-206.1820075058204,-46.01744896190195,-160.16455854391842,0.218629770542921,20.36630151886583,19.41456528339041,-13.987193221900643,22.511368871871927,24.90548788709175,28.178381292832448,0.09370821313906741,0,-0.023560728086283733,0.027070371562689877,0.01459160694161521,0.0518527891137992,-0.07178851445220058,0.03857016690556844,0.03068532857783428,1.2569579239711912,0.4731696683518872,0.09370821313906741,0.09370821313906741
2019-10-11,27909.576472913857,28857.364400748505,27568.02965564602,28042.173828125,0,28741.46910570444,28386.60916883971,27021.23578848316,45.85682939211158,1.8537442513809523,-236.97691670639324,-84.20934251080021,-152.76757419559303,0.2926555983844167,20.05394460313185,19.41456528339041,0.0,21.406662356137332,23.14819111186693,26.657220237788177,0.09652850585749295,0,-0.012133726105363785,0.037782803408161536,0.012500962505034297,0.05052964235405133,0.011201924817350939,0.03878465628233516,0.027210687698317883,1.4253464194781362,0.49191386037720275,0.09652850585749295,0.09652850585749295
2019-10-18,28238.17121657411,29249.160609650127,28042.92348988763,29119.912109375,0,28777.511296530207,28415.36614689992,27062.793735431515,51.816418829211216,5.959589437099638,-172.4299665307044,-101.85346731478106,-70.57649921592335,0.4952849290311327,18.99707613168369,19.41456528339041,0.0,20.04208833493692,23.76662640167868,24.88693600852928,0.0648397201898534,0,0.024794541053343,0.07601278693005886,0.01274469411226642,0.049979038553494615,0.038432765157780935,0.03620016244770842,0.02883136526212933,1.2555826655652058,0.43848800497399876,0.0648397201898534,0.0648397201898534
2019-10-25,29415.908143860725,29692.90531509192,28923.46447420829,29395.607421875,0,28836.377594182093,28453.80698121267,27108.988065856134,53.23449336095533,1.4180745317441108,-97.9011918456963,-101.06301222096413,3.1618203752678085,0.5633553892132739,18.091774611385052,19.41456528339041,0.0,18.820690821098232,25.244985534240666,23.80177330537861,0.058363511076770624,0,0.0330992770592764,0.08434912252954474,0.013445322561653095,0.04960786113039539,0.009467587383659826,0.03608551250300947,0.02892467231230247,1.2475685848188949,0.4758687104019495,0.058363511076770624,0.058363511076770624
2019-11-01,29527.25597341272,30415.29671843365,29385.107237103908,30330.19921875,0,28978.646320331416,28527.39099052786,27172.774425319385,57.77162724366187,4.5371338827065415,36.16031276473223,-73.61834722382486,109.77865998855708,0.7466904543909061,17.88878243735945,19.41456528339041,0.0,18.25829729949316,27.89956192485521,22.393850747680435,0.053264711030196255,0,0.0631956924774768,0.11619810123211227,0.015818317558496275,0.049851978454811485,0.03179358682615674,0.03622704782450491,0.0297410521947759,1.218082251671926,0.48688248074906115,0.053264711030196255,0.053264711030196255
2019-11-08,30415.545910002347,31108.038795840886,30013.30184262296,30749.04296875,364800,29147.25552494271,28614.514597516965,27243.5916241992,59.660493838790096,1.888866595128228,174.19420882401755,-24.05583601425638,198.25004483827396,0.8242304346384306,17.989761121167653,19.415914629057728,12.807107278406626,18.235325223056915,30.142695048431573,20.974044790496784,0.01925726855066001,0,0.07459600140895839,0.12867067576497782,0.01861785652907688,0.05032093389992087,0.013809462541910067,0.03556671612555746,0.02990220020975748,1.1894347531641358,0.08228636130455323,0.01925726855066001,0.01925726855066001
2019-11-15,30664.29429856328,31204.836849586,30337.99697172592,31008.0390625,0,29324.473004710067,28708.378302026103,27318.13513782892,60.82731980366046,1.1668259648703625,301.0159615476841,40.958523498131726,260.0574380495524,0.8768552721576439,17.8902330890105,19.415914629057728,0.0,18.282416723681244,29.169388651889825,19.89825129642041,0.0324379716046419,0,0.08010416806830212,0.13507158911303097,0.021460449496740974,0.05089085170649299,0.00842289934074425,0.034682440931152185,0.029756624619075772,1.165536796432169,0.09820463089726696,0.0324379716046419,0.0324379716046419
2019-11-22,31036.44088790875,31471.28378401357,30901.491280886665,31111.23828125,0,29494.6411262853,28802.608105132924,27393.24609116399,61.30757201075056,0.4802522070900963,405.1797686069913,113.80277251990364,291.3769960870876,0.9103126840295728,17.46097176723529,19.415914629057728,0.0,18.519901027187988,29.785774860984144,19.20108710517453,0.04092842505540539,0,0.08015351136571747,0.13572660128385783,0.024026748502301354,0.05144925173448289,0.003328143986854215,0.03355153733877202,0.02964151984367651,1.1319101556099742,0.13460838217868054,0.04092842505540539,0.04092842505540539
2019-11-29,31064.738132880226,32156.6773383503,31049.38870211476,31945.728515625,498300,29728.07802050813,28925.86772907379,27483.394257985,65.0399658439865,3.732393833235939,548.7411772377054,200.790453463464,347.9507237742414,1.0159887474500142,18.96294209961045,19.41775483591856,13.11895959109068,19.21522722253204,31.979555762881795,17.88935924789918,0.014594882079366434,0,0.10440000676335481,0.1623647434429798,0.027733318113324135,0.052485273745607186,0.026822790749474246,0.012700384281753728,0.029477703920092118,0.43084713504762145,0.15812214357037124,0.014594882079366434,0.014594882079366434
2019-12-06,32007.92809407514,32126.57525914025,31250.286215544977,31341.185546875,1000000,29881.707308733545,29020.58607486992,27559.78616469569,60.4877825264814,-4.55218331750509,606.7389537035087,281.98015351147296,324.7588001920358,0.8710743929385498,19.98815481070712,19.41259273466985,-14.148764048547294,19.860887261065795,30.220074383295305,16.905105597761057,0.02321837523222081,0,0.07996390789690433,0.13720713795026862,0.029672771998540126,0.05300476213583716,-0.01892406267881197,0.01823417128192542,0.029095605232285483,0.6266984699700338,0.12504373079310244,0.02321837523222081,0.02321837523222081
2019-12-13,31321.037054273773,32104.67667631655,30996.040135285613,32013.876953125,1000000,30084.771084389875,29137.97003087992,27647.985982288355,63.54528316265727,3.0575006361758668,698.9263955504648,365.36940191927135,333.55699363119345,0.9265155845250737,21.61553828107153,19.42268668348484,14.821825158049831,20.13799944262461,28.112701802010985,17.32547145380926,0.002597323365325366,0,0.098699632101936,0.1579099097356853,0.032493720479036536,0.05389123278440833,0.02146349586054752,0.015834124036922435,0.02905360306780241,0.5449969148394549,0.12118403597625585,0.002597323365325366,0.002597323365325366
2019-12-20,32158.62676144524,32442.97197648331,31897.37979352249,32384.572265625,1000000,30303.799768317032,29265.28776557581,27741.7797700772,65.14585610402324,1.600572941365968,792.7591866493567,450.84735886528847,341.91182778406824,0.9221932093863786,22.97962102777193,19.429261831457254,14.40151841951113,20.656843442437832,29.32065827200518,16.707976674427822,-0.02452677330381503,0,0.10658649677514354,0.1673574130436868,0.03548613671801326,0.054917456923289976,0.011579207137041747,0.015803010065931062,0.027251599659105872,0.5798929333915498,0.12074878081300018,-0.02452677330381503,-0.02452677330381503
2019-12-27,32380.624518187746,32502.42388706697,31962.87930577528,32411.97265625,1000000,30504.578138596364,29388.68717305323,27834.258837130124,65.26724677038624,0.1213906663629984,859.4263995926522,532.5631670107612,326.863232581891,0.876553933384384,24.05872259305773,19.43433518569396,14.148047203152329,21.18532230598911,28.65138202984394,16.096983163236587,-0.03611584984088512,0,0.10287242384780115,0.1644632912953059,0.03797008552890735,0.055845867677623895,0.000846093948694282,0.014034707960077141,0.0272886684193624,0.5143053425838453,0.10972245250570682,-0.03611584984088512,-0.03611584984088512
2020-01-03,32486.22112187865,32612.719648081184,31960.02860994757,32068.876953125,907300,30653.55897807528,29493.792654624674,27918.11266120923,62.33947496610337,-2.927771804282869,874.4950556426156,600.9495447371321,273.5455109054835,0.7958576905523985,24.370302517026925,19.43103724895065,-13.71822953732839,21.76687176687103,28.116934059534216,15.364985185372642,-0.038530652864181225,0,0.08730936467394423,0.14867639307448743,0.03932238681649358,0.056439345042287536,-0.010585461945304964,0.015290101517643716,0.027381512958579688,0.5584096664334516,0.05553672105520596,-0.038530652864181225,-0.038530652864181225
2020-01-10,31910.078107181394,32346.823268628286,30899.191066075746,32097.02734375,1000000,30791.03215575859,29595.880289492336,28000.86344700212,62.488158933432906,0.1486839673295392,878.5808423339804,656.4758042565018,222.10503807747864,0.7756371860164076,23.184090113550106,19.43687400735053,14.29037796484371,20.8775315139193,25.36215477066372,21.03934118880672,-0.02789795443235532,0,0.08450997334063648,0.14628705662954933,0.04038237263348354,0.056963130637351256,0.0008778103039326357,0.015307518953303094,0.024641637448447485,0.6212054286298058,0.017984475718187884,-0.02789795443235532,-0.02789795443235532
2020-01-17,32138.72700943284,32322.275662713742,31445.134499626045,31590.283203125,1000000,30867.15130312682,29674.092168458323,28071.941065935243,58.04557271943271,-4.442586214000194,831.3456059615892,691.4497645975192,139.89584136406995,0.6832238247808184,21.794465128553117,19.430199493070464,-14.424080306177624,20.05171556474984,23.83814667254073,19.775090314192457,-0.023926339592778012,0,0.06457454616601432,0.12533305512881676,0.040205413122516465,0.05707304310592387,-0.015787883880893805,0.016911361510872292,0.02516203677102983,0.6720982750626568,0.024823590583780666,-0.023926339592778012,-0.023926339592778012
2020-01-24,31923.578086853824,31923.578086853824,30613.64359619628,31241.38671875,1000000,30902.79277128141,29735.55469984231,28134.70236599098,55.13894679592715,-2.9066259235055654,757.0317199537385,704.5661556687631,52.46556428497536,0.6108115786374277,19.61046763951979,19.42479662528017,-14.206674557631048,18.91686085344106,21.737400849811745,23.626228800852285,-0.00956732449381359,0,0.05064079127186005,0.11042179555858245,0.03925395316218161,0.05689956527801865,-0.011044424075960402,0.014038053173643006,0.02531245644613635,0.5545907092626623,0.5342212535949283,-0.00956732449381359,-0.00956732449381359
2020-01-31,31110.188222991343,31226.686865315703,30520.946775086384,30833.2421875,1000000,30896.16890615937,29778.60126798575,28188.13879810007,51.866950323182806,-3.271996472744341,657.6229096774623,695.1775064705031,-37.55459679304079,0.5215472956617015,18.067740247804423,19.419357408924856,-14.207958644392772,17.962932024478395,20.659087349320966,23.092487485362057,-0.054695178575274506,1,0.03541606639019923,0.0938374615062636,0.03752921865323122,0.056423110489042916,-0.013064225827243647,0.013198143920715588,0.025033161720218383,0.5272264074440075,0.49559693968962404,-0.054695178575274506,-0.054695178575274506
2020-02-07,29811.4028534624,31470.28517599856,29612.20595431185,31201.5859375,1000000,30925.256242477524,29834.40458835886,28247.811018682245,54.49159194030293,2.624641617120126,601.627782997446,676.4675617758917,-74.83977877844563,0.5707402777776962,17.28450996344267,19.42556240832792,14.3400621481696,17.97742096777146,18.157353504334523,26.21858822238253,-0.10898353023421536,1,0.04582566228503193,0.10456650665300105,0.036563546991124074,0.05616695639273739,0.011946319098071756,0.011036668052437042,0.024318361086113835,0.453840948136063,0.48835370191601307,-0.10898353023421536,-0.10898353023421536
2020-02-14,31248.2868462377,31649.08106122728,30775.74286793517,30834.443359375,1000000,30916.60739646776,29873.621795065374,28299.0314610722,51.478458949385534,-3.0131329909173985,521.6130731498815,645.4966640506897,-123.88359090080814,0.4927417323619851,17.026270926425273,19.420758798132773,-14.084774808833686,17.75875465572246,18.29107825880864,24.70431021723126,-0.18382972065722714,1,0.03216287502402326,0.08959359269204947,0.03491326256177851,0.05564113867851472,-0.011766792202820175,0.009574044743127112,0.023697369320798894,0.4040129777073647,0.46229526795701764,-0.18382972065722714,-0.18382972065722714
2020-02-21,30873.48993735002,31084.939751800248,30252.097356163227,30942.490234375,940800,30919.0724286494,29915.538204450066,28351.377179355422,52.3141400195349,0.83568107014937,461.5983010681703,608.7169914541859,-147.1186903860156,0.4793801595191737,14.166935256078029,19.424213563200464,13.754486919051104,18.040781610746173,17.26689958228569,26.841586999229765,-0.34338305910883693,1,0.034328382224197096,0.09139284623204635,0.033545584817526564,0.05517054833701751,0.0035040968225277247,0.009889363098312584,0.01616716293034988,0.6116944043254325,0.3978026509486872,-0.34338305910883693,-0.34338305910883693
2020-02-28,30665.99364160974,30701.794007292705,29051.163218209647,29146.8125,1000000,30750.28576877803,29885.3920983932,28367.12837382363,39.98779528508239,-12.32634473445252,266.0728535204689,540.1881638674425,-274.1153103469736,-0.001815027965933,12.445430848473658,19.41867754150664,-14.22496835135238,19.22355374548238,15.187191516778071,31.256529140085267,-0.3148901761341828,1,-0.024713732915450315,0.027485479527629586,0.02894034876762852,0.05352193935747751,-0.058032747874317,0.02109244013379919,0.021455557028075282,0.9830758579793132,0.11884218964977146,-0.3148901761341828,-0.3148901761341828
2020-03-06,29700.654373655885,29790.803715213515,27161.985924431967,27801.126953125,1000000,30469.4135006206,29803.65621034347,28355.920424898908,33.59872222785991,-6.389073057222475,2.503096249245573,432.6511503438032,-430.1480540945576,-0.2124219680095043,14.575360415867644,19.4045516202844,-15.15187937311268,21.3407739133224,12.867361979757488,37.459304331735694,-0.3795539425988591,1,-0.06719072462403064,-0.01956534873354887,0.022338107968312926,0.05105585584071992,-0.04616921822497744,0.023513569233300422,0.022251742368146088,1.0567068791413239,0.16173109636572028,-0.3795539425988591,-0.3795539425988591
2020-03-13,27031.13598646725,27091.28568008766,21351.45065843161,25166.15625,1000000,29964.341381513877,29621.793466800587,28292.756777871204,25.131430980469588,-8.467291247390321,-414.22304426951086,263.2763114211404,-677.4993556906513,-0.3410188203741783,21.78402750053515,19.39203790677313,-15.01737143373823,24.838775569584435,9.16746287959947,52.592905119943225,-0.20872432843215782,1,-0.150417537067577,-0.11050886813251903,0.01156405047173159,0.04697445001078404,-0.09477927666629404,0.03595875196224104,0.030196726034078105,1.1908162468229264,0.20081428991172537,-0.20872432843215782,-0.20872432843215782
2020-03-20,24061.32090647064,24073.871542346296,18675.43244526885,20317.36328125,1000000,29045.58156244113,29256.91385168096,28134.828193779693,16.760789483367333,-8.370641497102255,-1122.7956926757215,-13.938089398231966,-1108.8576032774895,-0.3800133978996841,37.46401126170806,19.38110089462409,-14.87097210100822,28.45208550076386,6.989362762531264,49.8927968121794,0.017908116229864213,0,-0.305553436556923,-0.2778572116625916,-0.007223328144287167,0.03988244215222725,-0.1926711779336584,0.06757575599274451,0.05007643079872236,1.3494523254734168,0.15500601533516434,0.017908116229864213,0.017908116229864213
2020-03-27,18311.087265181883,21462.150586862128,16116.062322281536,19968.767578125,1000000,28181.123087744352,28892.67282134543,27973.12402317267,16.339431205804885,-0.4213582775624473,-1692.958015264052,-349.742074571396,-1343.215940692656,-0.1769197700615292,48.64111831167261,19.37296854091288,-14.565133057997215,32.07174250007209,5.772780682058679,49.54134845481143,-0.019147185805489797,0,-0.3088639565609034,-0.2861445306722602,-0.0246273419562415,0.032872581461084405,-0.017157526707547888,0.06726982418042393,0.04949991283657863,1.358988740091558,0.14512664928173039,-0.019147185805489797,-0.019147185805489797
2020-04-03,19254.224971013875,19716.02037388205,17142.999284296187,17249.099609375,1000000,27139.97799456632,28436.062107150512,27760.76710408757,13.49005756862833,-2.849373637176555,-2337.326988984096,-747.259057453936,-1590.06793153016,-0.1550867713528897,62.11518053268327,19.36811737136701,-14.042009274411742,35.4328525708583,5.252372126405089,45.07526130990618,0.24842748245804036,0,-0.3934075842014161,-0.37865191027681666,-0.045578888796219075,0.024325516673619374,-0.13619608511690473,0.06796626830031588,0.055338805636239004,1.228184589799092,0.07558873585634346,0.24842748245804036,0.24842748245804036
2020-04-10,18454.337116881325,20323.86285829596,17953.54213383709,19913.3671875,1000000,26451.72934627429,28101.83877696814,27605.37304633336,26.93263509361607,13.44257752498774,-2603.0041047378727,-1118.4080669107234,-1484.5960378271493,0.0613687878994243,68.8186875778588,19.373275636125197,14.103543318917652,38.04411988078365,6.63933490835398,40.76856173904823,-0.02815653430033449,0,-0.29138561552702713,-0.2786416197282666,-0.058718913156894814,0.017984387669802704,0.15445835657862128,0.1039180762819452,0.06849449736207722,1.5171740838188947,0.07923746796773722,-0.02815653430033449,-0.02815653430033449
2020-04-17,19854.66956263497,20866.30839674724,18703.23267390261,20681.208984375,1000000,25902.15597847436,27810.833687062528,27468.260886690616,30.29436639856188,3.361731304945806,-2720.239489640542,-1438.774351456687,-1281.4651381838548,0.1448500277477475,73.30287202738664,19.379058082227992,14.223240432884255,40.01582158276218,7.883901373434375,38.01670676792615,-0.0893312628396532,1,-0.2563614159472032,-0.24708706278540526,-0.06863072607118847,0.012471586817420333,0.03855911406871404,0.10710851685905755,0.06896303104365945,1.5531294845675907,0.07923746796773722,-0.0893312628396532,-0.0893312628396532
2020-04-24,21104.454179536497,21121.854368131702,19051.728241117467,19586.421875,1000000,25300.65749242918,27488.30773364831,27312.18486665714,28.29543221481522,-1.9989341837466557,-2868.424139076931,-1724.7043089807362,-1143.719830096195,0.1375613939094482,78.48198969865025,19.372397309061245,-14.36421041185893,41.62938163781443,8.17403035800831,35.5439808300947,-0.1178225747907311,1,-0.2874635257730198,-0.28286872798260787,-0.0795847551772435,0.006448508892680449,-0.05293632060882558,0.10702824675863999,0.06937537301425414,1.5427412078440217,0.07318720937339988,-0.1178225747907311,-0.1178225747907311
2020-05-01,19870.56886132298,21966.744978987208,19847.41874089529,21534.25,1000000,24941.952016959734,27254.815273505243,27197.770314842142,36.34339129803823,8.047959083223006,-2796.452328645872,-1939.0539129137635,-857.3984157321083,0.2541212662732392,80.50122288152426,19.37832453314796,14.247163745260869,42.41478946910586,10.210491527596774,32.894568946752685,-0.10389145706839109,1,-0.2098919114328497,-0.20823472840902302,-0.08486072032907421,0.002097413060068831,0.09944787962962232,0.11827414725369839,0.07392123719435781,1.6000022692088534,0.06673051981076958,-0.10389145706839109,-0.10389145706839109
2020-05-08,20514.51256076389,20530.21159780997,18940.78022781524,19352.67578125,1000000,24409.63999451119,26944.92745027955,27042.42190823636,32.00999342453164,-4.333397873506584,-2882.2244680814147,-2127.688023947293,-754.5364441341212,0.1878566886626294,83.69925693384273,19.37291451943876,-14.15611780506243,43.36822510317685,9.389296294098736,33.06056511438623,0.08689134759102468,0,-0.2817692377550187,-0.2843586330055845,-0.09409145600583368,-0.0036052413606902922,-0.10130718361447466,0.11884422496502543,0.0759113062353518,1.5655668550422048,0.07318720937339988,0.08689134759102468,0.08689134759102468
2020-05-15,19610.22082966131,20122.0158130671,18286.78792805261,18833.73046875,1000000,23878.600992057745,26626.841294141133,26879.873562899997,31.06122975514036,-0.9487636693912832,-2957.976346208048,-2293.7456883994446,-664.2306578086036,0.196755487395236,86.38038362773679,19.3658185724385,-14.421137686726947,44.40817938745904,8.847055703388783,33.20926894956494,0.09666593037135218,0,-0.29267875747266725,-0.29933708859610875,-0.1032131551664035,-0.009413447134219544,-0.02681517110945375,0.09830152882503473,0.07571351263666756,1.2983353354210638,0.06467084085090037,0.09666593037135218,0.09666593037135218
2020-05-22,18794.88027174961,18794.88027174961,17104.800852783217,17278.69921875,1000000,23250.038918409387,26260.24748726305,26689.7512986594,28.34965005181546,-2.711579703324901,-3107.665053045632,-2456.529561328682,-651.1354917169497,0.1636223391243504,89.98038536590366,19.357980829637263,-14.513098364334974,45.63518396160119,8.357387911862137,35.15508604075775,0.2349223336988937,0,-0.34202070155162667,-0.35260920847854094,-0.1146298628873812,-0.016092462106154115,-0.08256628991161341,0.10208150307408613,0.0767472399927697,1.3300999890511132,0.06467084085090037,0.2349223336988937,0.2349223336988937
2020-05-29,17537.446132378154,19455.32480602845,17311.04837860278,19297.025390625,1000000,22873.56143957278,25987.17995406156,26543.360686619115,36.14180022356834,7.79215017175288,-3028.5214671643043,-2570.9279424958067,-457.5935246684976,0.2770907924838675,89.97873060867451,19.365852382329244,14.517419739831052,46.20061655779536,9.89200348935215,32.70118330406808,0.118918607618139,0,-0.25744057551696564,-0.2729999181922391,-0.11981363580014581,-0.0209536666861454,0.11681007617082728,0.09770842328756518,0.08312264877242653,1.1754729274216422,0.06590778947304599,0.118918607618139,0.118918607618139
2020-06-05,19728.670658615785,21619.298726121146,19632.67177648208,21034.255859375,1000000,22698.38947955394,25792.947636622877,26434.26950192121,41.98963832178209,5.847838098213749,-2793.4188315203646,-2615.426120300718,-177.99271121964648,0.3758343120021524,87.88425791632943,19.376861584115648,14.8623385545322,45.088471888776056,16.07613780846113,30.27322017106689,0.03888374423454888,0,-0.18449584918674078,-0.20428079702197732,-0.11997690999360755,-0.0242610020016526,0.09002581660041709,0.08693431746527734,0.08680971166245456,1.0014353901244055,0.09024224416882387,0.03888374423454888,0.03888374423454888
2020-06-12,21635.848303336898,21807.14709490662,19525.872500086323,20654.310546875,1000000,22503.71529548928,25591.432456632763,26319.81486914802,41.10309186713258,-0.8865464546495048,-2607.696804801948,-2613.8802572009645,6.18345239901646,0.3765457213664834,85.17453067840196,19.36402423181776,-15.015053866542663,43.92735221429327,15.505049689177891,28.068531721581824,0.08443171716103826,0,-0.1929208893689015,-0.21525623757004841,-0.12065433095142009,-0.02767429847574887,-0.018063168720592437,0.08659546946314657,0.0868007348687783,0.9976352112002042,0.11759006854538553,0.08443171716103826,0.08443171716103826
2020-06-19,20456.91161630495,21467.400837773974,19506.82364753305,21337.8515625,0,22392.680654252206,25424.62536274521,26221.162130402518,43.41765216631947,2.314560299186887,-2377.943263479236,-2566.6928584566185,188.7495949773829,0.4309129708398624,81.23402617949687,19.36402423181776,0.0,42.85679819062237,14.52595569292397,26.357447303171806,0.029463761032056723,0,-0.1607407677374697,-0.18623547437054633,-0.11925228652280251,-0.030377630239879827,0.033094351616032025,0.0839474793227814,0.08751707021047352,0.959212632700027,0.21364699170111556,0.029463761032056723,0.029463761032056723
2020-06-26,21491.30134435232,22479.28849815172,20926.205957533573,21591.80078125,1000000,22316.40638063295,25274.318516412062,26129.49160863712,44.29354010970873,0.8758879433892588,-2150.5798018192254,-2483.4702471291403,332.89044530991487,0.467797120628066,74.98584820364329,19.37501611690885,14.858927563413484,41.13455384868198,17.11384895757227,25.010151894781394,0.04955521491538395,0,-0.14570195959075183,-0.17366165769131092,-0.11703232013390863,-0.032728271373729245,0.011901349018487828,0.0765741511622957,0.08751635472896994,0.874969614530207,0.23827760110207546,0.04955521491538395,0.04955521491538395
2020-07-03,21291.303517677963,22344.58918540679,21026.205033862083,21852.146484375,1000000,22272.19115241791,25140.11569162629,26044.79170518638,45.22959592498371,0.9360558152749832,-1927.169685433808,-2372.210134790074,445.040449356266,0.5120465313769832,67.08032390397689,19.381395172264373,14.323472685836355,39.53532695973734,16.349828808585293,23.89361405316494,-0.009717473585573622,0,-0.13078576278574783,-0.16097825884998285,-0.11407761898898638,-0.03473539062245368,0.012057618804591774,0.06399429564219325,0.0877178981123777,0.7295466149930824,0.24175026991236487,-0.009717473585573622,-0.009717473585573622
2020-07-10,22270.69057006177,23080.3321433937,22040.09278507293,22398.189453125,1000000,22284.19099058049,25032.589172469383,25972.58175960101,47.2323384621768,2.002742537193086,-1686.612238502974,-2235.090555532654,548.47831702968,0.5969709784307933,55.73234590569657,19.38990239237863,14.618812194864102,37.52019201212368,18.216956226160335,22.86933704516174,-0.028772031221482863,0,-0.10523880295377808,-0.13762175587934,-0.10979280500922206,-0.0361917269462112,0.02498807012576254,0.061493001331903586,0.08806590801203447,0.6982611400940802,0.24907299718509213,-0.028772031221482863,-0.028772031221482863
2020-07-17,22612.98807114268,22657.137950374512,21027.60429773317,21966.544921875,1000000,22253.938984037108,24912.35214303431,25893.254297467814,45.80643610240141,-1.4259023597753853,-1513.3538339873269,-2090.7432112235883,577.3893772362617,0.6142174165587132,45.086164479793,19.383681004593573,-14.307031642367692,36.18597422293111,17.165534593181093,25.135540655933987,-0.013083372255269898,0,-0.11824685217381137,-0.15164989809630924,-0.1067106447329389,-0.03788253663153607,-0.019271402813756278,0.04861563196243645,0.08742995979317507,0.5560523197933744,0.2562572820803561,-0.013083372255269898,-0.013083372255269898
2020-07-24,22307.041184933794,23211.08016819064,22187.542575588814,22661.787109375,1000000,22292.78166264072,24824.094690733946,25829.26484819865,48.50309506086696,2.696658958465541,-1304.9029569851846,-1933.575160375908,628.6722033907231,0.7813294025795738,34.936141497802296,19.390616127405742,14.415994602207002,34.54322111275626,18.4047776073398,23.996404045515884,-0.01599376359312188,0,-0.0871051938972045,-0.12263135468389275,-0.10197000372537601,-0.0389159414087934,0.03165004737762178,0.03453839811895328,0.0874826196510726,0.394802970655324,0.27811323125866394,-0.01599376359312188,-0.01599376359312188
2020-07-31,22664.33622206476,22667.78735383339,21374.75113283692,21639.798828125,1000000,22230.59282125827,24699.220343180656,25746.305125028877,44.96138899925072,-3.541706061616232,-1208.2421845392273,-1788.5085652085718,580.2663806693445,0.6974870101925654,29.26508988594712,19.38370009170287,-14.413248103774416,33.45136045973764,17.516549888107555,25.8719474325629,0.13325987084163948,0,-0.12386712910556907,-0.15949885923288465,-0.09994758893691003,-0.04066932232657783,-0.04509742662030447,0.02832891604613823,0.0855256120888237,0.3312331283489311,0.26591050312113756,0.13325987084163948,0.13325987084163948
2020-08-07,21543.55117551136,21936.245042401344,21031.205549099035,21753.748046875,1000000,22185.179033221768,24583.711625678472,25667.244588827805,45.43976503284992,0.4783760335991971,-1109.6517022435182,-1652.737192615561,543.0854903720428,0.7010590734074805,29.665287669601813,19.389542677143087,14.24404159046902,32.61537803505727,16.901704695968295,26.296219209165763,0.05780541230368086,0,-0.11511539111317448,-0.15247045815179694,-0.09756592612937098,-0.04221461946955396,0.005265724494716739,0.026909373024429546,0.07308611897041818,0.3681871934576413,0.25774499503933723,0.05780541230368086,0.05780541230368086
2020-08-14,21824.64735796031,22439.68857681969,21458.85021653623,21679.1484375,1000000,22136.985643153028,24469.807186926373,25588.27238781141,45.163010516372175,-0.2767545164777445,-1025.7138094292895,-1527.332515978307,501.61870654901736,0.6731653725525207,29.81551742391444,19.382859531998907,-14.378036963083725,31.435451182418102,18.256531280813878,25.26134336899874,0.03692668394277199,0,-0.11404498319534595,-0.15277013981504517,-0.09533469250300086,-0.043710070923654865,-0.003429276151137417,0.024833785680225394,0.07292203249044706,0.3405525714533351,0.26591050312113756,0.03692668394277199,0.03692668394277199
2020-08-21,21906.69487274907,22419.0882882589,21402.90189387382,22299.33984375,263400,22152.44794797179,24384.6908205273,25523.14501070128,47.99862596225613,2.8356154458839526,-898.7874984987247,-1401.6235124823909,502.8360139836659,0.7615993717566595,26.23295843962876,19.383865370832535,12.481432864791325,30.37291398161948,17.488619920094546,24.430376547439664,-0.01204272968422726,0,-0.08551886067063963,-0.12630908791215234,-0.0915427999060946,-0.04460477694644027,0.028607738354575307,0.02641277298594791,0.06479154559198932,0.40765770818737074,0.26183109437618474,-0.01204272968422726,-0.01204272968422726
2020-08-28,22436.58859294363,24611.514601759343,22409.790076579626,24523.515625,0,22378.26391721257,24390.13493050662,25503.35036940027,56.655079237122365,8.656453274866237,-611.6740871742186,-1243.6336274207565,631.9595402465377,1.0479740423275823,29.63130926680948,19.383865370832535,0.0,28.594648110392683,24.71438056347788,22.14765689763461,-0.14440874670676418,1,0.005468632907255744,-0.03841984406785648,-0.08248708008489314,-0.043649772393407504,0.09974177696894415,0.043033534221468626,0.059528607581295856,0.7229051034445823,0.2545386927069604,-0.14440874670676418,-0.14440874670676418
2020-09-04,25038.5104996338,25232.30708099636,22876.63437762661,23011.232421875,0,22438.54663194233,24336.06032232499,25454.001499152244,50.49960073553456,-6.155478501587808,-500.3950137399297,-1094.985904684591,594.5908909446614,0.7784151889798651,30.4231317673596,19.383865370832535,0.0,27.3114265117805,24.866756634882343,20.08824425721492,-0.0332659381445084,0,-0.05443888135149966,-0.09596797884052144,-0.07797127658505809,-0.04392005621844908,-0.06166665604760735,0.05050568521537386,0.06137686435407532,0.8228782253197717,0.24221980919576405,-0.0332659381445084,-0.0332659381445084
2020-09-11,23035.98135833776,23108.830118163023,22080.14280186101,22479.6875,245300,22442.464809852583,24263.261388116167,25395.104192238337,48.50480134812493,-1.9947993874096284,-449.91049112771,-965.9708219732148,516.060330845505,0.6761425659949705,29.788225346447437,19.382928682386822,-12.41024130687912,25.56639193000085,23.824918776825008,22.49059550349176,0.06080315562660732,0,-0.07350923932220166,-0.1148023126886557,-0.07504335666743411,-0.04456933098420213,-0.02309936782741373,0.05078018824368754,0.06019140277468206,0.8436452035147933,0.2363395274056976,0.06080315562660732,0.06080315562660732
2020-09-18,22683.085006645688,22757.03531587552,21784.6473899373,22030.794921875,0,22403.25815385472,24175.713683557693,25328.48420668659,46.822689863695736,-1.682111484429193,-441.0389996879021,-860.9844575161524,419.9454578282503,0.601279381696122,29.87343439759571,19.382928682386822,0.0,23.745957919287893,22.850345244006096,22.81366983410793,0.06818553964811502,0,-0.08872204517964188,-0.13019686681214881,-0.07331554107990823,-0.04551281133612295,-0.019968808646694924,0.05003849076887512,0.05651743782041779,0.8853637514119217,0.23547746242664241,0.06818553964811502,0.06818553964811502
2020-09-25,21983.14518565424,22098.59306415596,20404.66271447916,20982.10546875,0,22267.910279082844,24050.47414572209,25242.41730098487,43.06529664345577,-3.757393220239969,-512.7184542258001,-791.331256858082,278.612802632282,0.4211285898504864,28.53992514157436,19.382928682386822,0.0,22.904923982676483,21.221778241360692,26.993911214743672,0.16661388731729931,0,-0.1275803819243152,-0.1687759053119151,-0.07411761846517761,-0.04721984986819283,-0.04760107190157381,0.05035014214576446,0.052447876512237826,0.9600034452112871,0.20311435360836808,0.16661388731729931,0.16661388731729931
2020-10-02,21151.804799145066,22293.49163411751,21054.85475473773,22245.7421875,0,22265.79903226543,23979.700343438875,25183.077199727744,48.43494441473887,5.369647771283105,-462.23169655063975,-725.5113447965937,263.2796482459539,0.607788804584448,26.1504354949825,19.382928682386822,0.0,21.980110791485064,20.86507706617799,25.47989597289748,0.07439090345589316,0,-0.07230941717807193,-0.11663924106381651,-0.07147300786193478,-0.04778513947063934,0.06022449561279797,0.05512582332624663,0.05324542365310016,1.0353157049777177,0.21392609126192816,0.07439090345589316,0.07439090345589316
2020-10-09,22351.840062626747,23903.82159922652,22246.99167073805,23846.5234375,0,22416.34421371634,23974.477719676568,25156.61078859452,54.31326531420709,5.878320899468214,-289.7112972718023,-638.3513352916355,348.6400380198331,0.931730432104454,19.849373259930108,19.382928682386822,0.0,20.78241381333601,26.27549961599442,23.67205662138084,0.1237964620760037,0,-0.0053371040517621315,-0.05207725961592913,-0.06499134305150767,-0.04699095115999907,0.07195899496216795,0.05989223372689681,0.05028433056794271,1.191071513738702,0.23382620663507267,0.1237964620760037,0.1237964620760037
2020-10-16,23955.3213989852,24190.068672696143,22970.682817187208,23532.9765625,0,22522.690151695737,23957.163948806898,25124.45961580057,53.037886549206426,-1.27537876500066,-176.25647536078395,-545.9323633054652,369.6758879446812,0.855517646543319,17.210857091919987,19.382928682386822,0.0,19.844475859031537,26.126487127216663,22.41262273170313,0.20959493011966912,0,-0.017706076863410303,-0.06334397147788595,-0.05987661144601386,-0.04646052829966418,-0.013148536130299426,0.060208646262981794,0.0448681265411916,1.3419023905022351,0.14554974059178571,0.20959493011966912,0.20959493011966912
2020-10-23,23902.623357617496,24823.310302556336,23754.57429226609,24478.015625,0,22708.91162534376,23977.58950473604,25111.658744695607,56.36380864758831,3.3259220983818807,-9.97101759162615,-438.74009416269735,428.7690765710712,1.0122068697421167,18.605442020190043,19.382928682386822,0.0,19.354533694885845,27.43835752480009,21.13143169786518,0.19436397966798014,0,0.020870576675988017,-0.0252330252707601,-0.05291098503215641,-0.04516106448759061,0.04015807605086086,0.05012233178802014,0.04149919243638154,1.207790533872627,0.13862424688928035,0.19436397966798014,0.19436397966798014
2020-10-30,24525.516259891632,24809.362815856934,23612.425219258686,23900.623046875,0,22822.40795120388,23974.5712122709,25087.677839788263,53.85428758628447,-2.509521061303836,74.36343474279784,-336.1193883815983,410.4828231243961,0.8422089916811929,18.044739136135902,19.382928682386822,0.0,18.78845175905506,25.95612865923611,20.631453760081087,0.23882573994745004,0,-0.0030844416253021922,-0.04731624825916059,-0.048057721277505405,-0.044368659173070646,-0.023588210211586524,0.04486939940280131,0.041702621161128495,1.0759371510351154,0.1593261327441552,0.23882573994745004,0.23882573994745004
2020-11-06,24367.31664224586,26853.138040327674,24120.319510516925,26798.638671875,0,23201.0965912678,24085.318955784787,25121.55825230484,62.80552631165684,8.95123872537237,370.7707229279731,-194.741366119684,565.5120890476571,1.2466454004642793,23.60210320649997,19.382928682386822,0.0,19.37467524599084,31.385698276100342,18.042318248111144,0.12140214095238488,0,0.11265450630200302,0.06675861436327479,-0.03671208864371778,-0.041249005579698905,0.12125272296526668,0.05859687503653921,0.048572482789927894,1.2063800668779072,0.2648547366710606,0.12140214095238488,0.12140214095238488
2020-11-13,27088.634084819,29030.56228807344,27068.63431748504,28465.369140625,0,23702.45588168277,24257.08562970009,25187.772329301275,66.79490978639063,3.989383474733792,731.7319037946727,-9.446712136812693,741.1786159314854,1.2422856572944383,31.09485625127847,19.382928682386822,0.0,20.79407455405612,37.51947838267861,16.369907062716923,0.07514833162472856,0,0.1734867731089813,0.13012650616628174,-0.022864648972432122,-0.03694994092504578,0.062194594626898914,0.0570370654980223,0.049823083158025236,1.1447919695598983,0.19060530777647638,0.07514833162472856,0.07514833162472856
2020-11-20,28791.91468711301,29784.40389132088,28580.56816185337,29235.66015625,0,24229.42771735584,24452.32384642754,25267.92852389432,68.47766111270566,1.682751326315028,1067.645139010241,205.9716580925981,861.673480917643,1.1494835557915866,37.60794811555186,19.382928682386822,0.0,22.367606667665747,38.613113935663804,15.457970175904348,0.05057634425210322,0,0.19561888431807684,0.15702639132462481,-0.009115539711955112,-0.03227825647423033,0.02706063679763293,0.047018928491450326,0.04988837829571202,0.942482600110729,0.16713646514353794,0.05057634425210322,0.05057634425210322
2020-11-27,29432.45813381375,30197.49810883672,28852.56449420724,29608.70703125,369400,24741.740032964808,24654.534951714697,25353.884533940967,69.28936446245473,0.8117033497490667,1348.4168530508105,434.46069708424056,913.95615596657,1.0615036238891542,42.93668934038952,19.38433891793052,12.819638053836195,23.96589045724244,38.1578172263838,14.56689401778998,0.026787345730358902,0,0.2009436434002072,0.16781738086773834,0.003537080761040423,-0.027583527931984486,0.012759994917380002,0.04756453166733439,0.04984490896146501,0.9542505475154227,0.15648619720948514,0.026787345730358902,0.026787345730358902
2020-12-04,29844.45476565765,30161.94989336792,29149.56222770868,30052.05078125,0,25247.48391375388,24866.202239147453,25446.917528937185,70.26918728966656,0.9798228272118336,1588.3945708540923,665.2474718382109,923.1470990158814,1.007579891661236,47.023925796580826,19.38433891793052,0.0,25.450011118992222,36.454317714690085,13.916576503583702,0.03904677106452681,0,0.20855008304960787,0.18097018026155998,0.01533332959088396,-0.02282065358719254,0.014973424862223084,0.0458748925157513,0.0491822114254479,0.9327537576322702,0.15775054999828633,0.03904677106452681,0.03904677106452681
2020-12-11,30062.249780173854,30811.44290880662,29950.25108348332,30604.494140625,0,25757.67536393208,25091.233294107355,25549.0477588716,71.4898349718155,1.220647682148936,1802.3794944295516,892.673876356479,909.7056180730724,0.97338199034286,50.93946474077329,19.38433891793052,0.0,27.055860789853792,37.985219936417664,13.36978633949919,0.04833708488866373,0,0.21972857140555258,0.1978722036713858,0.026560753790497715,-0.017919042192297452,0.01838288386360909,0.04287409457774191,0.04906229812272802,0.8738704915634713,0.15463509530654443,0.04833708488866373,0.04833708488866373
2020-12-18,30734.793093719025,30944.83870029888,30345.39659942924,30714.29296875,548400,26229.73418343855,25311.745438210983,25651.32984223553,71.73819294537041,0.248357973554917,1958.250443697456,1105.7891898246744,852.4612538727815,0.9216433754193168,52.90863937652082,19.38642884974297,13.21476205015514,28.59387405567718,37.53513433419249,12.987280106887688,0.04988338211330001,0,0.21344033913928562,0.1973762435574853,0.036267303156492625,-0.013238471693791554,0.0035876700859842625,0.044074688048194845,0.04702377774728851,0.9372851387027552,0.07564524285324893,0.04988338211330001,0.04988338211330001
2020-12-25,30595.44576394912,30607.144846947645,28976.413782660973,30401.845703125,0,26627.078137694403,25511.35721330565,25745.39946324324,69.87288408655101,-1.865308858819404,2033.130745225615,1291.2575009048626,741.8732443207525,0.8552955414442799,53.518974935914606,19.38642884974297,0.0,28.724570325622786,34.45725395980295,18.381723328249063,0.025164359303072148,0,0.19169848350007324,0.18086517735060892,0.043734283325656875,-0.009090643564172773,-0.01017269926880282,0.04196771382229114,0.047380986171296206,0.8857501123038155,0.10102532573129455,0.025164359303072148,0.025164359303072148
2021-01-01,30558.49398278785,31509.884314141207,30537.79500492364,31225.486328125,362800,27065.02177487827,25735.44070800445,25853.91603482505,71.94385514503473,2.070971058483721,2134.3315926311443,1459.872319250119,674.4592733810252,0.8706293166329848,53.95460164596658,19.38780907019859,12.801609753558902,29.242908451469653,36.96323488879363,17.401937054276686,-0.021147526412750417,0,0.2133262718292206,0.20776621561176567,0.051663427176527055,-0.004582490585217869,0.027091796762699127,0.02117431729575633,0.04714840870263093,0.44909929896689776,0.0998207377389168,-0.021147526412750417,-0.021147526412750417
2021-01-08,31484.78393540996,32297.67524789695,30893.29081987,32083.826171875,0,27543.003146020816,25984.397000705263,25977.28059199436,73.95329692246894,2.009441777434205,2257.768693175294,1619.451594035154,638.31709914014,0.8830956736677337,54.86996100876876,19.38780907019859,0.0,30.043528559858675,38.26076650947646,16.22173029663895,0.11127911448275851,0,0.23473429731712403,0.23507254957867096,0.05998238655579535,0.00027394740899455705,0.027488437961553425,0.013244018302861206,0.04713761379348321,0.2809649712199092,0.10388120532120439,0.11127911448275851,0.11127911448275851
2021-01-15,32279.926424077665,32718.56799151571,31725.48171940921,32246.42578125,0,27990.948158899788,26229.966756805057,26101.42208089051,74.32839544618088,0.3750985237119408,2341.720023487087,1763.9052799255408,577.8147435615463,0.850909950222839,56.67424586568936,19.38780907019859,0.0,30.951250581884665,38.463177608420814,15.425069773186571,0.11976690730622397,0,0.2293734902612503,0.2354279273104587,0.06713624223857861,0.004924815035601382,0.0050679619227440575,0.01268857474774494,0.04323502857665435,0.29347904154263466,0.10424673961826607,0.11976690730622397,0.11976690730622397
2021-01-22,32274.77587274443,32841.91814537505,31119.53961143344,31166.888671875,751600,28293.418683945045,26423.571537788197,26201.728350018915,67.38953987346775,-6.938855572713123,2294.690669297044,1870.0623577998415,424.6283114972025,0.7534269028880998,55.80895142108826,19.38494759827769,-13.529960877015506,31.21802504372874,35.23146227545386,17.08494467975562,0.149976308866951,0,0.1795108252986699,0.18949743526565865,0.07076436065740732,0.008466738713025501,-0.033477729181468185,0.02057792766486559,0.041018946097131394,0.5016688536106655,0.060596255284147534,0.149976308866951,0.149976308866951
2021-01-29,31506.783514219973,31697.18168777964,29687.35351213026,30565.14453125,0,28509.77352654552,26585.986164982776,26288.13263083537,63.8134822181403,-3.576057655327453,2183.6916065706937,1932.7882075540124,250.9033990166813,0.6927716072528662,53.46495408013809,19.38494759827769,0.0,30.2561371039969,31.866800534804167,22.258667295812817,0.13865633047856152,0,0.1496712719841966,0.1626974407226549,0.07236095549077737,0.011330342034185703,-0.01930716110164743,0.022102179828375926,0.04083677815339579,0.541232213407071,0.040418054940790454,0.13865633047856152,0.13865633047856152
2021-02-05,30975.99123905144,36614.77399946698,30906.0916571152,35654.0859375,1000000,29190.184232350708,26941.597920767766,26473.597052749526,75.60396397748264,11.790481759342336,2477.7965943170493,2041.78988490662,436.00670941042927,0.9720702675352948,54.19703288233495,19.389806025669447,14.060338102949464,31.22748814074675,43.54951846514247,16.996868992471825,-0.011957890520524539,0,0.3233842343856028,0.34677905184014257,0.08346150507463523,0.01767802339386426,0.16649492368822383,0.06252889728230128,0.05191575728496067,1.2044300334306228,0.11343598761848668,-0.011957890520524539,-0.011957890520524539
2021-02-12,36073.43254599389,36476.725592572286,35427.73848232362,36108.48046875,0,29849.06958819826,27301.08351088472,26664.3868233634,76.34509715469824,0.7411331772156018,2716.231728584793,2176.6782536422547,539.5534749425383,0.9577023600561188,52.18465848861912,19.389806025669447,0.0,32.129456960585905,41.70838824863658,16.278297348262267,-0.016955742412917862,0,0.3226024693984706,0.35418379233501307,0.09332911920135611,0.023878167225036107,0.012744528973384295,0.06225102630796674,0.04911751285710918,1.2673896271797207,0.10996331880819728,-0.016955742412917862,-0.016955742412917862
2021-02-19,36500.9741981774,37708.31324318035,35584.18659076922,35841.18359375,0,30419.747112536523,27635.989396487283,26846.10557129185,74.90356300662269,-1.4415341480755473,2850.7628468448784,2311.4951722827795,539.2676745620988,0.9039426293004628,49.92150685438061,19.389806025669447,0.0,33.30548472595657,43.0819599195277,14.904236916013542,-0.046872907094590355,0,0.29690249477030317,0.3350608153786421,0.10072943928698552,0.029422659577115873,-0.007402606576904613,0.0620539533546535,0.049152698037576215,1.2624729838271451,0.11289810141689294,-0.046872907094590355,-0.046872907094590355
2021-02-26,35873.8834460956,37231.76547850201,34658.29466014326,34803.1953125,728800,30837.218369675906,27917.05629515445,27003.671704781114,69.42176900671878,-5.481793999903914,2840.874910261245,2417.371119878473,423.5037903827724,0.8070018060368906,47.49418001472569,19.387037020637912,-13.499155997045497,33.71861561074776,38.807900747447405,16.994948174313432,-0.04267949534985671,0,0.246664223639538,0.28883196674095046,0.1046013606752767,0.033824459146109875,-0.028960770185921136,0.06455454717694505,0.04928046495653317,1.3099419259514713,0.11692633433070002,-0.04267949534985671,-0.04267949534985671
2021-03-05,35373.83893444791,36454.72555215375,34892.84374292419,35227.73828125,0,31255.36312315915,28203.74970637388,27166.52450827555,70.37669055860316,0.9549215518843824,2834.6199841172456,2500.820892726228,333.799091391018,0.8146526857158939,43.81962967718744,19.387037020637912,0.0,34.1022371466253,36.31780183735648,15.904471722074693,-0.03889357873506327,0,0.24904449401239503,0.2967333480776615,0.10819885471099688,0.03818026843228939,0.012198390548281646,0.06436926073674133,0.04870130537622818,1.3217153059753695,0.11289810141689294,-0.03889357873506327,-0.03889357873506327
2021-03-12,35462.03689172117,36496.92582696449,35090.34199477177,35496.234375,0,31659.25562333447,28489.7294973004,27331.46925811168,70.9936399972429,0.6169494386397361,2818.834531122749,2564.423620405532,254.4109107172176,0.8131387641088349,40.39943732021335,19.387037020637912,0.0,34.47311780800888,34.46598171221679,15.020488006580972,-0.08588405504281049,1,0.2459309021647087,0.2987312917495317,0.11125153456912984,0.042378264712021,0.0076217238701612455,0.06432824520698584,0.0485859790443714,1.3240084170834088,0.10020269270088838,-0.08588405504281049,-0.08588405504281049
2021-03-19,35543.83562708032,35543.83562708032,33360.61090016775,34161.203125,0,31897.536337778805,28712.140227798423,27466.711512901544,63.87075117921608,-7.122888818026816,2667.8453211570013,2585.1079605558257,82.73736060117562,0.6975551355429318,33.79779099120443,19.387037020637912,0.0,33.52919958560357,31.5360974254046,20.47866301182871,-0.06393583364169053,1,0.189782539858381,0.24373109277948868,0.11094248233353077,0.04534320442080886,-0.0376105035789448,0.06477662521735841,0.04934036592329632,1.3128525499397194,0.17565876811285355,-0.06393583364169053,-0.06393583364169053
2021-03-26,34088.0021751832,34359.65029642772,32414.874044294847,33317.8125,0,32032.800734180822,28892.75482670829,27582.57489878468,59.78958497915272,-4.081166200063365,2451.867111683466,2558.459790781354,-106.5926790978874,0.5994263622663556,30.121350380177983,19.387037020637912,0.0,32.039135024261206,29.1582845730716,22.601235503050567,-0.04789872862676681,0,0.15315457801902688,0.20792973905666878,0.1086793532256014,0.04750027626975961,-0.02468855156868832,0.0651893125525906,0.043933026929010285,1.483833851419515,0.20767842526617195,-0.04789872862676681,-0.04789872862676681
2021-04-02,33615.50692509653,33990.40490249239,33151.415828630044,33857.60546875,374200,32206.59166128265,29087.4548518864,27706.832929873104,61.48582009359714,1.696235114444427,2297.772317019775,2506.3222960290386,-208.54997900926355,0.6355593289551773,28.02024463846444,19.3884597150111,12.832548365186272,30.65550364587187,28.1714370210442,21.83630799597841,-0.03178569438388967,0,0.1639933999434895,0.22199478931585936,0.10723306061939519,0.0498296548547319,0.016201332808088775,0.021508104537558453,0.04233097020441214,0.508093824301638,0.20124099169702436,-0.03178569438388967,-0.03178569438388967
2021-04-09,33648.758280783884,33697.359279756216,32141.17782762297,32447.673828125,0,32229.551867648588,29219.228145072226,27800.71096746225,54.96383182985776,-6.521988263739381,2038.3841582217865,2412.734668467588,-374.3505102458016,0.4614564511481203,26.24170702899993,19.3884597150111,0.0,28.721406668356916,26.21656737413497,24.40524503809271,0.014067059530762593,0,0.11049045056986717,0.1671526626100146,0.10302543611454196,0.05102449283653909,-0.04164298157252566,0.02318163884066508,0.043599793463125036,0.5316914829028074,0.19116941010301022,0.014067059530762593,0.014067059530762593
2021-04-16,31637.533149858613,32324.775261852352,30519.94651315664,31977.078125,0,32205.506749301105,29327.37912467724,27883.41130721548,52.945159240987536,-2.018672588870224,1774.3899702165654,2285.065728817384,-510.6757586008184,0.3868925304450036,24.739773455361785,19.3884597150111,0.0,27.319664298517697,24.18660279573374,29.027496596335784,0.006007415956644779,0,0.09034898717196294,0.14681370126061966,0.09813790766601738,0.05178590960597784,-0.014503218493188141,0.023070826006434644,0.04380525012072028,0.526668057889297,0.19297826612318347,0.006007415956644779,0.006007415956644779
2021-04-23,30993.088439638188,32148.0262916372,30405.29645378291,31721.931640625,368400,32159.45197704624,29421.283144910485,27959.42161084735,51.83361514029084,-1.1115441006966975,1526.9823829094312,2133.4490596357937,-606.4666767263625,0.3384532146658001,23.63364700507686,19.387059087470654,-12.81692729780043,26.078000730050345,22.49112189858742,27.453840307325866,0.09093281221975946,0,0.07819674228289042,0.13457038139579836,0.09306762110439837,0.05228511356243448,-0.007979043093856775,0.022296736159827406,0.04382271236512928,0.5087940694782147,0.22548149307164922,0.09093281221975946,0.09093281221975946
2021-04-30,32316.27490844289,34286.602741865514,32144.427295762027,32781.41796875,0,32218.686833398977,29553.05313800223,28054.90668724146,55.96755097856968,4.133935838278845,1400.2604488535944,1986.8113374793536,-586.5508886257594,0.4587964513081121,22.631217947460204,19.387059087470654,0.0,24.734182186848415,28.57993804257715,24.70875874905355,0.07198044623937228,0,0.10923963814068394,0.1684736054979652,0.09019825068324372,0.05340051447906191,0.033399174430101874,0.026375540337527065,0.04421696196645304,0.596502770984988,0.21210011720291114,0.07198044623937228,0.07198044623937228
2021-05-07,32368.17495668508,33258.761499003405,31906.18032087176,32904.1171875,1000000,32283.965914741933,29684.467414453124,28150.93065754361,56.433887695629686,0.4663367170600025,1294.807470119209,1848.410564007325,-553.6030938881161,0.4588040770578658,21.595034457357883,19.391378601007126,13.944608010187382,23.345178595721404,27.04411470314931,24.327515151565255,0.0725477933398817,0,0.10846244024170204,0.16884651480190693,0.08757100014612806,0.05447552606928019,0.003742950316150573,0.0260675427671571,0.044216842546258475,0.5895387654576633,0.21084548973959735,0.0725477933398817,0.0725477933398817
2021-05-14,33174.91367858231,33297.21303277792,32115.127579912587,32169.177734375,0,32273.03370708794,29781.907034842217,28230.49990658977,52.82509834864018,-3.608789346989504,1138.8043256179808,1706.4893163294564,-567.6849907114756,0.3348180812436826,20.344598473834303,19.391378601007126,0.0,22.07698584922935,25.898760348318245,23.15634445430096,0.08945875076097631,0,0.08015842292234288,0.1395185292792438,0.0836456399293477,0.05495500020849109,-0.022335790045271198,0.02417455172147708,0.0445092749155562,0.5431351503106144,0.21181790632349212,0.08945875076097631,0.08945875076097631
2021-05-21,32437.470908866064,34694.04585712463,32318.321909280054,34606.49609375,0,32495.26822010337,29971.10660577978,28356.75725683056,61.595986249290334,8.770887900650152,1198.0317672766396,1604.7978065188931,-406.7660392422536,0.6745143147772573,19.689471451223078,19.391378601007126,0.0,21.648059964288475,28.832290566758704,20.84770932861749,-0.0014129843532131314,0,0.15466193987900034,0.22039680984376342,0.08421983370600072,0.05692997031811031,0.07576564062346414,0.03666860615086853,0.04710992932681262,0.7783625803488224,0.16205774345748974,-0.0014129843532131314,-0.0014129843532131314
2021-05-28,34868.895395061714,35436.23483580858,34409.99901424842,35141.0390625,0,32747.24639556972,30173.849055062925,28491.099470804213,63.21146088622286,1.6154746369325252,1273.423854205481,1538.5230160562107,-265.09916185072984,0.7314251980296966,19.68712491605472,19.391378601007126,0.0,21.60786316896317,30.650774026431808,19.975970597173543,0.00635152587130472,0,0.16461903810722545,0.23340410567553582,0.08528568350066035,0.05906229017181608,0.015446318728770114,0.03663759005143677,0.04689921143851898,0.7811984237616797,0.14879722624111552,0.00635152587130472,0.00635152587130472
2021-06-04,35097.040158559794,35810.48224657488,34929.69445274396,35291.23828125,0,32989.53133706308,30374.530985501635,28625.755684872445,63.67385529271828,0.4623944064954202,1329.9614798852854,1496.8107088220258,-166.84922893674047,0.7300572091947549,19.68860631774161,19.391378601007126,0.0,21.747634280966025,31.09132298310473,19.232650393910745,-0.013650586298807998,0,0.16186940625009827,0.23284914011545177,0.08609187588146261,0.061090974152111066,0.0042741826296843755,0.03147759063681383,0.0468999666647738,0.6711644565081621,0.2458944850794911,-0.013650586298807998,-0.013650586298807998
2021-06-11,35460.39042651194,35545.440223548656,34640.7948283768,35046.9921875,0,33185.47998948564,30557.764758129026,28752.90888294428,62.30249952757573,-1.371355765142546,1339.6170654049563,1465.371980138612,-125.7549147336556,0.6735526218695367,18.513013017399587,19.391378601007126,0.0,21.65276364148747,29.86223729432888,19.734797823917543,0.0007005103638753063,0,0.1469095486827694,0.21890248844663018,0.08599173572267205,0.06277124455589789,-0.006920870608265628,0.030705485060954146,0.04610761603204866,0.6659525627959437,0.2529817495424265,0.0007005103638753063,0.0007005103638753063
2021-06-18,34936.14469456993,35379.58938034768,33908.554431615696,34557.59765625,0,33316.157862510816,30714.6209502122,28867.853215088944,59.53566998305999,-2.766829544515744,1292.8756719043597,1430.8727184917618,-137.99704658740234,0.573427215376571,16.02832764705055,19.391378601007126,0.0,21.005885464181013,27.928823144275057,21.679878359121567,0.034544908890218995,0,0.12511880619549864,0.19709620936367656,0.08470027732120333,0.06397315800947645,-0.013963952416565673,0.03132631503481399,0.045963472879671376,0.6815480439614241,0.22967686418301678,0.034544908890218995,0.034544908890218995
2021-06-25,34109.051844306414,35491.53758607613,33937.10462876159,35364.23828125,0,33511.213140485976,30896.958884762706,28996.494503527774,62.49233816545232,2.9566681823923275,1305.8686964049848,1405.8719140744065,-100.0032176694217,0.7258075000097698,15.86541328575614,19.391378601007126,0.0,20.47128280799082,26.50650154106893,20.19216543906024,-0.00933841953907133,0,0.1445863786513435,0.21960391718893857,0.08461202493985676,0.06554117708965523,0.0233419184118,0.030497919751154817,0.027116599842910278,1.1246955712675237,0.2600052699992197,-0.00933841953907133,-0.00933841953907133
2021-07-02,35487.78756904865,35576.53653958219,34632.19738164868,34809.4921875,329600,33634.85876401112,31050.391563301426,29111.60336855693,59.28409502775506,-3.2082431376972598,1256.913472265529,1376.080225712631,-119.16675344710212,0.6423628918948346,15.116294529669306,19.390129234819216,-12.705638110993434,20.027859544947024,25.75434656002416,19.324578491625974,-0.0064793524575170736,0,0.12106451593484802,0.19572569558629271,0.08323460898845103,0.06659846832203531,-0.015686640536072938,0.031805593832383426,0.02715501703288687,1.1712603160537274,0.28883101650414783,-0.0064793524575170736,-0.0064793524575170736
2021-07-09,35010.54140437875,35810.58360086245,34859.494643754406,35071.54296875,0,33771.68583112911,31208.0837752798,29229.621974501348,60.32039091384071,1.0362958860856537,1225.1387752501032,1345.8919356201257,-120.75316037002244,0.7075603129606002,14.633691723586256,19.390129234819216,0.0,19.76803975786476,25.6432870828652,18.4209844254477,0.021022430155324345,0,0.12379674514109329,0.19986303618106627,0.08214544905445176,0.06768687609112356,0.007528141457464388,0.029471793954069788,0.027188988930503748,1.08396064411961,0.2602911575564926,0.021022430155324345,0.021022430155324345
2021-07-16,35284.639621107155,35984.83112795977,35059.94302067174,35751.38671875,0,33960.228772807284,31386.252518160974,29358.765830823104,62.95466829964253,2.6342773858018163,1240.514924024348,1324.8165333009704,-84.30160927662223,0.8227472547162812,15.146853206865597,19.390129234819216,0.0,19.643252476616063,25.34084424786828,17.602090351178575,0.011679070578009654,0,0.1390779035523031,0.21774147199387484,0.08200967137306159,0.06905898902634577,0.019384483614130366,0.015040991021838689,0.026692368649936044,0.5634940540158743,0.24090371813517955,0.011679070578009654,0.011679070578009654
2021-07-23,35070.09385074511,35346.6414292779,34356.95379761318,35033.9921875,0,34062.49195515897,31529.30113264486,29471.146550757298,58.53827563647013,-4.416392663172395,1181.1967882460522,1296.0925842899867,-114.89579604393452,0.6868144189027405,15.058312210790517,19.390129234819216,0.0,18.868849967380548,23.634911195581655,19.81097090033205,-1.5609839640107204e-05,0,0.11115663617505445,0.18875565723790122,0.08034402068910085,0.06983625758647927,-0.02006620154047778,0.016416901181263432,0.026996384573539856,0.6081148065046547,0.25856895498705157,-1.5609839640107204e-05,-1.5609839640107204e-05
2021-07-30,34947.44533397688,35185.690775098024,34114.80174162509,34583.94921875,0,34112.15455169145,31649.09125366859,29572.390167945272,55.88946859319997,-2.6488070432701605,1085.3606696790594,1253.9462013678017,-168.5855316887421,0.6110799180037866,14.659949631432006,19.390129234819216,0.0,17.930900734670015,22.38840188893864,19.958710601129088,0.030171149436984734,0,0.09273119223419157,0.16946750067693084,0.07782413966585389,0.07022432322614014,-0.012845894534125435,0.01685097475002699,0.027082669131988157,0.6222050961042017,0.30697859233165126,0.030171149436984734,0.030171149436984734
2021-08-06,34760.49550375668,36219.38058796922,34587.8490675249,35808.83203125,0,34273.742883077975,31812.21834298551,29695.884066228533,61.05470956622365,5.165240973023678,1095.618058469263,1222.2805727880937,-126.66251431883074,0.8247383171007442,15.31615027635204,19.390129234819216,0.0,17.831715465293822,25.646286469758067,18.365690190033863,0.026582565557270676,0,0.12563140505244674,0.20585169147980942,0.07737670204427038,0.07126692278421731,0.03541766744891928,0.02129273283193575,0.026802466735832194,0.7944318350172417,0.22681048060937237,0.026582565557270676,0.026582565557270676
2021-08-13,35823.78362528719,36316.57874983875,35530.93680437725,36168.9296875,649500,34454.2368644515,31983.06976826059,29824.06318744183,62.4469181860924,1.3922086198687538,1119.8945372681992,1201.8033656841149,-81.90882841591565,0.8503510060486118,15.95004027445758,19.39258970797312,13.383959654737488,17.808014655305136,25.119892851702584,17.637406464699566,0.014206772344097951,0,0.13087736573033348,0.2127431953245673,0.07726485025034258,0.07239142994197612,0.010056112858854105,0.020244587427482724,0.026049698057451786,0.7771524791893528,0.2401733555837351,0.014206772344097951,0.014206772344097951
2021-08-20,36100.23039755204,36261.13087807769,34926.094994840925,35033.4453125,527300,34509.39957378945,32102.69233862292,29927.219269126148,55.68689860760231,-6.760019578490095,1035.5722894637438,1168.5571504400407,-132.9848609762969,0.6310999061148128,16.00348644812084,19.390592622462403,-13.175526821970395,17.186737545549242,23.42032237009349,19.50936944013085,0.07929743921043308,0,0.09129305863082005,0.17062146661389255,0.07496901536420375,0.07269212184177287,-0.03139391695608906,0.022614957059133113,0.02707177148519157,0.8353704179094316,0.3018989788433728,0.07929743921043308,0.07929743921043308
2021-08-27,35423.785561652454,35909.88294826908,34817.09342747863,35627.38671875,749400,34615.87453997617,32240.91564764751,30040.093872089,58.23378286597369,2.546884258371378,1005.086397927902,1135.862999937613,-130.77660200971104,0.7169125155598509,15.444595212682364,19.39342969280808,13.527029499741689,16.503313189889926,22.102115681615302,18.97270839522732,0.06181965221408969,0,0.10503644214427221,0.18599452020528773,0.07366288595162618,0.0732628128570314,0.01695355398111764,0.022520786742849717,0.025200241281673346,0.893673456977087,0.2673954254804109,0.06181965221408969,0.06181965221408969
2021-09-03,35780.63548255951,37139.56983075075,35721.48382537098,36760.72265625,816700,34820.14578914511,32418.1629813182,30173.1756301912,62.645609678799474,4.411826812825787,1060.1560289419576,1120.721605738482,-60.56557679652451,0.8970049696097417,14.868794753079811,19.39651240854633,13.613028333785437,16.80841382038749,26.68465442568561,17.504483798058594,0.012642357220390199,0,0.13395452658543028,0.21832461742831333,0.07409373594707103,0.07440341642000292,0.031810807411915665,0.024726725508817552,0.02544237072320247,0.9718719131101932,0.24826300358516046,0.012642357220390199,0.012642357220390199
2021-09-10,36877.82089209323,36923.218801346135,36151.52713681151,36682.7734375,472500,34997.53889851224,32585.40260705082,30302.0785570686,62.15927299386118,-0.4863366849382942,1085.0020297627489,1113.5776905433356,-28.57566078058676,0.8706449375908688,13.29743473540749,19.394730068856237,-13.065795142315812,17.09172154870665,25.59607373780075,16.790401362888723,0.029769806374117636,0,0.1257425258745335,0.21056954454178745,0.07402505718740104,0.07535206027804286,-0.0021204484873408314,0.024248548157115194,0.02529051379602745,0.9588001395576264,0.2696750470929974,0.029769806374117636,0.029769806374117636
2021-09-17,36608.02184223074,38112.30508228477,36326.62668984899,37811.5078125,1000000,35265.53593793965,32790.3479092253,30450.78012648308,66.2456699369613,4.086396943100127,1182.1450628301682,1127.2911650007022,54.85389782946595,1.038589240336082,13.711298087740076,19.398978298668737,13.935602925061009,18.13410823601284,29.37890995904617,15.24102367415794,0.040435668456589635,0,0.15312920488599158,0.24172542231899286,0.07548526278423462,0.07683112790622704,0.03077014819839441,0.02385549145521163,0.025155776269374753,0.9483106861724588,0.27198473945178464,0.040435668456589635,0.040435668456589635
2021-09-24,37387.76279434971,38112.156862347314,36525.52389147455,37829.859375,689900,35509.75721765968,32987.97580984391,30596.900507641836,66.3093723904627,0.0637024535013921,1246.2464804718184,1151.0822280949255,95.16425237689282,0.9886911415676118,13.69090145736542,19.40156862399549,13.444303388018582,19.10203873136859,26.99526418511749,14.004449488053144,0.06590879145978845,0,0.14677722552807326,0.23639514942213413,0.07644547280961822,0.07814763137870395,0.0004853433137606,0.022470538564434515,0.02519161689989782,0.891984768334805,0.2577970511642874,0.06590879145978845,0.06590879145978845
2021-10-01,38054.30604660945,38376.80356547614,36875.922040145095,37225.46484375,998800,35673.157943954,33154.15185038925,30728.159207366745,62.14935222868383,-4.160020161778867,1234.0523410261449,1167.6762506811694,66.37609034497541,0.8742126344237778,11.337954044425782,19.39781631245272,-13.814310838588696,20.1683323243516,26.28049855835208,12.93530288324125,0.05076319669026974,0,0.12279949165138881,0.21144467498155883,0.07597860156193903,0.07895014558636171,-0.015976652867216723,0.021996587269069456,0.024835561803662917,0.8856891357225207,0.2890327449669745,0.05076319669026974,0.05076319669026974
2021-10-08,37391.71312036369,38106.40723791289,37355.166670840204,37774.8125,808300,35873.31552072029,33335.35422880536,30867.69689632978,64.33924326625026,2.189891037566433,1254.2578585855008,1184.9925722620358,69.26528632346503,0.9440338529075264,11.96747079120825,19.400854035618483,13.60268979288559,21.15846208926439,25.070672365126967,12.339824520808437,0.047609125293474275,0,0.13317567411233533,0.223765175188418,0.07613422297825334,0.07994303367573186,0.014757308164070837,0.022210485307137654,0.019111106957853643,1.162176809334968,0.269905705189333,0.047609125293474275,0.047609125293474275
2021-10-15,37782.310630428,39374.59335324525,37744.209511005,39340.44140625,792900,36203.51798600883,33570.84784360711,31035.4740153381,69.71671790083434,5.377474634584075,1380.6883294387226,1224.1317236973732,156.55660574134936,1.1284237750212274,14.386052596540935,19.40382494415502,13.583453650452784,22.832794843847743,29.500807763026,11.302770612436191,-0.015443117585444255,0,0.17186320671795574,0.2675959576711311,0.0784213182421325,0.0816927696034544,0.04144637134201523,0.019630464316952326,0.020708010693396235,0.9479647566152968,0.1374838474190424,-0.015443117585444255,-0.015443117585444255
2021-10-22,39793.78779125135,40586.87974703235,39292.34247278154,40323.1796875,1000000,36595.86671948418,33835.6451708186,31219.388979143285,72.51807627785487,2.8013583770205344,1542.4042782759934,1287.7862346130971,254.61804366289607,1.1325710755228304,17.374191716508285,19.41028996870919,14.365711306038452,24.947784796789,33.80140631503756,10.544982818297171,-0.05821393828417931,1,0.1917366872695705,0.29160694703021495,0.0815773287233228,0.08380228688726588,0.02498035726395975,0.019960615002769713,0.02113757173306571,0.9443192082250927,0.14586041924254164,-0.05821393828417931,-0.05821393828417931
2021-10-29,40960.77222736883,41829.11366140325,38426.20329350687,39115.1484375,1000000,36835.79831167617,34042.68451461003,31375.74065158599,64.60643666262362,-7.911639615231252,1555.160386017138,1341.2610648939055,213.8993211232325,0.8888656649909562,18.17037395328058,19.402488022291365,-14.553009974403306,27.370713300669937,34.23268683978958,8.86286158697933,-0.07899922484475419,1,0.14900305293823202,0.246668528780142,0.08204740128139498,0.08500018828684541,-0.029958729925618544,0.024336196883933795,0.022513220206440546,1.0809736084299364,0.18132342082959205,-0.07899922484475419,-0.07899922484475419
2021-11-05,39431.69134389287,40159.73339360422,39120.1949547704,39573.23828125,774500,37096.50688020701,34259.568976046896,31538.06733732191,66.11606899228178,1.5096323296581602,1583.9746416004637,1389.8037802352171,194.1708613652463,0.9053658652031834,18.70220643630053,19.405385356797478,13.559974229993813,29.62057548284509,32.51789360290331,8.418900667991625,-0.08532310888365702,1,0.1551002964724466,0.2547768973281166,0.08280716859408255,0.08629259395056144,0.011711315488983853,0.023999589946078165,0.022057578918693897,1.0880428008233671,0.14783956775967977,-0.08532310888365702,-0.08532310888365702
2021-11-12,39673.59101741613,39673.59101741613,38345.60405728725,38732.90234375,866300,37252.3540672111,34434.99381399604,31680.53931764722,60.97792251948693,-5.138146472794858,1521.4635745606138,1416.1357391002969,105.32783546031692,0.7561226729212533,18.80663669221737,19.40214404966019,-13.67198770221209,30.699572719378715,30.43090368362544,11.622066500928344,-0.04202327982820642,0,0.12481223469850256,0.22260867958691466,0.08181677825857325,0.08694468451850157,-0.021234955085749352,0.024538069420222457,0.022568784913196124,1.0872570018545782,0.2854477278597323,-0.04202327982820642,-0.04202327982820642
2021-11-19,38848.99829263539,39116.69440419672,37748.010460278245,37975.80859375,619400,37321.25449831004,34573.849295555025,31805.19811519381,56.702463101687925,-4.275459417798999,1394.7541080814117,1411.85941289652,-17.105304815108184,0.6287961411773245,18.08746337963904,19.399820073597617,-13.336508160985549,30.989580639661654,28.40731527879526,13.752646097206684,-0.06208094853148183,1,0.09839689150933939,0.19401264083333603,0.07946483422394723,0.08705027305076252,-0.019546527737087205,0.025850532707147475,0.02276881991520904,1.1353479364945007,0.3150374262578626,-0.06208094853148183,-0.06208094853148183
2021-11-26,38231.70598107975,38240.5574411416,35903.6850022177,36025.08203125,908000,37197.80950144718,34630.76038322934,31888.76017293749,47.46745053169431,-9.235012569993614,1123.9721608902255,1354.281962495261,-230.30980160503557,0.3263524148687808,17.572265916802195,19.396403484645056,-13.719000758904407,29.46601835506636,25.31234659724501,20.85291666604613,-0.03243399970571714,0,0.04026251900307365,0.12971096511374602,0.07412627068567001,0.08598641638688909,-0.051367610980139755,0.03153054972256677,0.02595670509867828,1.2147362156598338,0.3408644479036729,-0.03243399970571714,-0.03243399970571714
2021-12-03,36224.02836877486,36843.57058599445,35327.48800351136,36196.7265625,859000,37102.46826916649,34692.17082163211,31974.066438077345,48.26586973735193,0.7984192056576163,912.704704348529,1265.9665108659146,-353.2618065173856,0.3476993876252752,17.385344971108935,19.399635995870405,13.663525365110068,27.589375825559895,23.521863107367068,22.06622499543636,-0.019765362069817716,0,0.043368740128816974,0.1320651576364389,0.06947669720429972,0.08500965583526243,0.004764584050110043,0.03088849119621186,0.025635240671308443,1.2049230039327454,0.4579249104594127,-0.019765362069817716,-0.019765362069817716
2021-12-10,36252.32994887625,37397.11744255636,35696.3363911027,37105.21875,741800,37102.73021972206,34786.80015215634,32075.673414551064,52.3903864063025,4.124516668950577,809.2528863531988,1174.6237859633716,-365.3708996101727,0.470845426501884,16.517862443932195,19.40241908736617,13.516836292108977,26.24439330691219,24.23237492794409,20.328970178211083,0.017085071422736187,0,0.06664650349278944,0.1568024861223114,0.06657496686777509,0.08452283144818962,0.025098738857817215,0.027767410356347184,0.02567739846177532,1.0813950018216667,0.47034582134721037,0.017085071422736187,0.017085071422736187
2021-12-17,37357.76449315635,37580.61346240294,35534.63769056269,35618.234375,660100,36961.34966308186,34819.40541579727,32145.82313654015,45.93516577727303,-6.455220629029476,600.3588008998413,1059.7707889506655,-459.4119880508242,0.2064960208606131,15.679754789409287,19.399942898456388,-13.400148132597696,25.12657241821762,22.819660755297743,18.44745115814248,0.0772558999143258,0,0.02294206203878213,0.10802060422315818,0.06151581917343174,0.08317044077238323,-0.0400748041675405,0.026583168472404623,0.027246332781620437,0.9756604195312786,0.5085936937908606,0.0772558999143258,0.0772558999143258
2021-12-24,35123.94520596271,35476.88728986667,34018.05565648867,34856.64453125,735000,36760.90155528835,34820.86577326601,32199.502768118567,43.01203086663447,-2.92313491063856,369.1000421298304,921.6366395864984,-552.5365974566681,0.1016955981197408,16.376103172361983,19.397178508347032,-13.507627138738266,23.774591586702105,21.16939330801399,23.967348035846413,0.0779541113764961,0,0.0010275091439990724,0.08252120482314806,0.05571474858364445,0.08141004611235503,-0.02138202123473454,0.02606510848402568,0.0265112939648385,0.9831699847844249,0.5201053143490931,0.0779541113764961,0.0779541113764961
2021-12-31,34573.24779897619,35596.53381131151,34232.60330890128,35481.28515625,1000000,36639.03332680851,34846.76457259872,32264.48855798256,46.04474243186649,3.03271156523202,233.53701839686252,784.0167153485714,-550.4796969517089,0.2156232439867673,16.737367678707272,19.40160349634289,13.97890495412925,22.42256330078829,20.397664988618587,22.47537642846041,0.06222085168358449,0,0.01820888083682326,0.09970083959293286,0.05143285972721601,0.08003461793530509,0.017920274122771307,0.02701531570182191,0.026741399162935633,1.0102431640624823,0.511355476527943,0.06222085168358449,0.06222085168358449
2022-01-07,35584.78703524051,38134.40948052595,35526.1900577274,37739.1640625,1000000,36743.807682588646,34960.192003575234,32372.897973913598,55.303920941715006,9.259178509848518,304.7809778693554,688.1695678527283,-383.38858998337287,0.559201364301756,15.78404706816067,19.40545520812411,13.844293331017704,22.16264589024644,29.07951422500033,19.882606736325208,0.0278156209160203,0,0.07948961088773698,0.16576415534100764,0.051018474922306156,0.07992160701048467,0.06363577013366095,0.03789516216244231,0.029304907264337165,1.2931336659972688,0.5015671527157,0.0278156209160203,0.0278156209160203
2022-01-14,37930.11031517277,38850.9985628448,37928.91111034862,38369.953125,829900,36898.67867710401,35093.90812598405,32491.65154126184,57.498307350428135,2.194386408713129,407.4449627510039,632.0246468323835,-224.5796840813796,0.6471750194013076,15.264188734591247,19.408550284626987,13.629061695550266,22.29336130856883,30.829911756060014,18.898695278808542,0.003827152349433538,0,0.09335081710635462,0.18091729120857947,0.05142688995027256,0.08009000654883769,0.01671444183170956,0.037749518619517065,0.02929945008258275,1.2884036564890176,0.4800943698989297,0.003827152349433538,0.003827152349433538
2022-01-21,38212.10551067158,38855.09794884346,37223.81657585008,37573.86328125,781800,36962.98197273696,35191.16126932782,32592.28939749923,53.90157791219771,-3.596729438230426,419.73071878076735,589.5658612220603,-169.835142441293,0.5011078275051941,15.132379531701073,19.40563485677076,-13.569355511439689,21.851127824424815,28.59411286304145,20.66273038552757,0.0006613016091534529,0,0.06770739941449189,0.15284516601441944,0.050348457950815995,0.07973885602611275,-0.02074774084702513,0.03280381201346164,0.029041149182447788,1.1295631521802165,0.5740715230090738,0.0006613016091534529,0.0006613016091534529
2022-01-28,37601.51192081784,38421.2532181741,36374.92852948309,37688.9609375,1000000,37032.12282652391,35289.114197491435,32693.213586410136,54.34622807380626,0.4446501616085498,433.75463447325455,558.4036158722992,-124.6489813990446,0.5126331254602061,14.958216774181926,19.409879875352036,13.94574991277367,20.808389865783163,26.0427210133363,22.52052747367587,-0.03339526432122142,0,0.06800529836419522,0.1528068612125204,0.049392246551668295,0.07940181849117334,0.0030632372132848307,0.032816560082829814,0.029030325176087727,1.1304234411352998,0.5505083290484074,-0.03339526432122142,-0.03339526432122142
2022-02-04,38091.35802145327,39424.39361874547,37647.413962944105,38788.90234375,1000000,37199.43516149782,35426.36079146236,32813.92029447627,58.46902786674346,4.122799792937201,527.5435736542859,552.2316074286965,-24.688033774410652,0.6962619736448115,15.179577680316555,19.41381918091073,13.875100291527362,20.425909027479925,28.38475295784604,20.78606313877105,-0.11295756608864149,1,0.09491636953852756,0.1820868093678989,0.05004957693714829,0.0796137880979082,0.029184710294190452,0.03319427996599433,0.028948969432987047,1.1466480712840093,0.5154031086666951,-0.11295756608864149,-0.11295756608864149
2022-02-11,38591.602444073695,39196.743930395016,37318.61760917495,38516.80078125,869800,37324.89855385517,35547.55451655207,32926.84862094704,57.09541922359187,-1.3736086431515917,573.3069361333983,556.4466731696368,16.860262963761443,0.641505607720026,15.29001015612826,19.410592132975857,-13.676019728834598,19.8211504699525,26.097022749996096,20.521749004131227,-0.10309664988928835,1,0.08352884762622304,0.16976881767989194,0.049999052296987534,0.07959176190149608,-0.007014933294286485,0.02833551275229558,0.029013681708866087,0.9766258910752692,0.578271997969654,-0.10309664988928835,-0.10309664988928835
2022-02-18,37663.56151759803,38461.25190559371,36651.42396270381,37598.7109375,826700,37350.97592372611,35627.99202325591,33019.3607460273,52.604846536408175,-4.490572687183693,529.3900737750519,551.0353532907199,-21.645279515667998,0.4789454840717816,15.241420859105377,19.407515307685724,-13.62519836086868,18.763467386456064,24.025812305210053,21.731718549048665,-0.03113356820120372,0,0.05531378004569332,0.13868682154979828,0.04836039873775477,0.07900308238227982,-0.0238360877624324,0.02873635965802746,0.029311674808393605,0.9803724913664298,0.5831157438165376,-0.03113356820120372,-0.03113356820120372
2022-02-25,37399.565815608046,38053.95665606025,34990.94416269976,36430.328125,1000000,37263.29518099029,35659.456184108625,33086.90465452181,47.48622765233903,-5.118618884069143,395.7450133942984,519.9772853114356,-124.23227191713715,0.2913331039386444,15.555899154763557,19.402880186575423,-14.031106497582412,18.134504739173916,21.06887876388074,25.729007777771763,-0.02801612753110494,0,0.021617602268284353,0.10104975081195056,0.04497654110598592,0.07775135076696404,-0.03107507633552098,0.031828960098637386,0.029956268625103828,1.0625141768145387,0.5820586621086157,-0.02801612753110494,-0.02801612753110494
2022-03-04,35938.53044735812,36269.827368192266,34093.70675759289,34407.40234375,816600,36991.30538696741,35610.35603350633,33113.053123615435,40.19389312738257,-7.292334524956459,125.15443352738656,441.0127149546258,-315.85828142723926,0.0227796404308848,16.797384951241984,19.39981744415436,-13.612905882456625,18.04317002851602,19.134243745072364,26.892413722961265,0.07965332677890546,0,-0.03378100709311782,0.03908879121784947,0.038779431246397156,0.07541747662373899,-0.05552861819714949,0.027365135622139925,0.03050176780427731,0.8971655609516006,0.553675177079898,0.07965332677890546,0.07965332677890546
2022-03-11,33277.76088633603,35373.73560735664,32154.97458559436,34545.84765625,1000000,36758.4046507086,35568.61060694726,33141.4252925785,40.86322200333975,0.6693288759571772,-77.22892387292086,337.3643871891165,-414.5933110620373,0.0822360750562603,16.58157418984456,19.40441814295537,14.020572416324976,18.856870962907124,16.840254654759537,30.889499824032324,0.09279742262801349,0,-0.028754650048025576,0.0423766434688011,0.0334506752852739,0.07323720367911557,0.00402370719872569,0.025844341302363873,0.029723015787029235,0.8695060248106463,0.5271016651147753,0.09279742262801349,0.09279742262801349
2022-03-18,34659.84741565458,36611.52521983307,34624.648605749135,36428.12890625,773300,36726.94981790302,35602.31720691991,33206.50853245318,49.18929465802818,8.326072654688431,-84.75779164954292,252.93995142138465,-337.6977430709276,0.405965333134938,15.945564123643312,19.407305424733696,13.55842364375548,18.741328880910203,20.136786046392952,28.5258802232928,0.028407606115680828,0,0.023195448052734546,0.09701773887634957,0.03158874756513086,0.07214876782740576,0.05448646878576335,0.03468936418090179,0.032224821227775334,1.0764796470306623,0.5197968471247092,0.028407606115680828,0.028407606115680828
2022-03-25,36545.42747421494,36827.17174831618,35203.44379524983,35409.69140625,891700,36601.49663584083,35594.763253952464,33250.135916092724,45.459842711637,-3.729451946391187,-170.9334539628544,168.16527034453682,-339.0987243073912,0.2536526519150285,15.065092898329032,19.40397533427119,-13.700886153575746,18.4885709178179,19.71971993384018,26.790543906350923,0.017922794573916656,0,-0.005199412238875101,0.0649487718067363,0.0282831880270078,0.07051481966198403,-0.027957447461026907,0.03559369397639485,0.03248751437120718,1.0956114884535642,0.5333127623023182,0.017922794573916656,0.017922794573916656
2022-04-01,35488.28772802542,37209.36647200313,35015.89476797541,37148.06640625,1000000,36653.550899689326,35655.67710306217,33327.32265847208,52.13128803758464,6.671445325947644,-97.82824974721008,114.96656632618745,-212.7948160733975,0.5861381854078926,14.326011890187942,19.408206528811437,13.940821631152534,17.98979590934663,19.533081194686392,24.612328816211225,-0.028543502800501108,0,0.04185558722876315,0.11464298488455538,0.027986393127322096,0.06986323109270809,0.049093198244963165,0.03903202823303262,0.034392989642069,1.134883260781994,0.543234939733904,-0.028543502800501108,-0.028543502800501108
2022-04-08,37824.50942092961,38765.40082463055,37346.36573392472,37751.61328125,1000000,36758.12826936177,35737.87067867738,33414.93237377461,54.22484872544644,2.093560687861803,8.708948709463584,93.71504280284267,-85.00609409337909,0.7046448900553731,14.220776006888055,19.412576787265195,13.977460175434706,16.865403635335827,24.183206302471163,23.11969328432177,-0.08372665779080424,1,0.0563475821119388,0.1297827228547377,0.02854835980178083,0.06951797115489322,0.01624706030186429,0.03969794737913925,0.034337222646307064,1.1561199281622367,0.5532776577083313,-0.08372665779080424,-0.08372665779080424
2022-04-15,37591.31275648078,37988.16189015591,37264.01731622934,37462.96484375,446400,36825.25556216064,35805.52143024885,33495.091432586,53.03030829483736,-1.1945404306090808,69.05293027853622,88.7826202979814,-19.72969001944517,0.6353949150767513,14.207377915202708,19.410919838957685,-13.0089729301901,15.770340485398814,23.49612605102637,22.785919027534803,-0.115901131106669,1,0.046290162726157824,0.1184613398996075,0.028479801192067056,0.06897816661623235,-0.007645989466716685,0.03881808278683008,0.03220261394707471,1.205432666137847,0.5493003789463582,-0.115901131106669,-0.115901131106669
2022-04-22,36832.72144890834,37123.1198289168,35925.88372730932,36044.33203125,825400,36750.88189255011,35814.88655185674,33545.57144444073,47.49278444099651,-5.537523853840852,2.376760649989592,71.50144836838304,-69.12468771839345,0.3655712200831016,14.250392160699176,19.407848867555888,-13.623624607833689,15.323810863391632,22.063217045338103,26.705472395801262,-0.04905991959337397,0,0.00640642764737076,0.07448853840358027,0.02613425395995983,0.06764872409982714,-0.0378676065393333,0.039665068029673206,0.033428876048196436,1.1865510516263147,0.563324654499875,-0.04905991959337397,-0.04905991959337397
2022-04-29,35791.93695303597,36718.37550835769,35510.98708252526,36087.73046875,770700,36687.72461409296,35825.58631330353,33595.91122710032,47.67279904474479,0.1800146037482832,-46.42750556211831,47.915657582282776,-94.34316314440107,0.3840076369057904,14.323583681360647,19.410716614449832,13.555055769286977,15.135866118983582,20.980836322072115,27.0811437237282,-0.013158038586305376,0,0.007317232805457818,0.07417031271471042,0.02406487623816722,0.06636745379909903,0.0012040294563475662,0.03295441387967409,0.032919681532073135,1.0010550632929762,0.5494415028468662,-0.013158038586305376,-0.013158038586305376
2022-05-06,35627.18594204003,36308.87847368281,34352.79964327097,34590.796875,751300,36488.01721036982,35777.16319807594,33615.61193299932,42.28745532963109,-5.385343715113699,-203.54888394127192,-2.3772507224281654,-201.17163321884377,0.1260436938005676,14.997509854980573,19.407921155248744,-13.529561649382588,15.556202247105562,19.32662405011991,29.61428250786397,0.019769528654433488,0,-0.03315987677691956,0.02900988219236811,0.019868931708149296,0.0643020055498289,-0.041480402738162336,0.03709904457317677,0.033009145812896754,1.123901987148122,0.569954591455973,0.019769528654433488,0.019769528654433488
2022-05-13,34091.35369733804,34792.795714690015,33007.51304340762,33120.96484375,1000000,36167.34555640603,35672.99855672983,33605.816941133,37.77514675187269,-4.512308577758404,-441.58159161506046,-90.21811890095464,-351.3634727141058,-0.0617367044055332,16.74228451781639,19.4036187756765,-13.95718458418492,16.547884222510163,17.936625036841047,32.9039686745613,0.04113508166737767,0,-0.0715396466860333,-0.01442762418876209,0.013857736093870976,0.061512613105578984,-0.04249199683261129,0.032607965669390324,0.03401898614293157,0.9585225595021318,0.621754315801308,0.04113508166737767,0.04113508166737767
2022-05-20,33255.61334665584,34655.396604567155,33001.366302712275,34276.0,783200,35987.21740817688,35618.21429960317,33619.08789279373,42.92881336794198,5.153666616069287,-530.9026282784034,-178.3550207764444,-352.547607501959,0.151323234044706,17.46777262693981,19.4065453022598,13.571144647010698,17.471374026541856,16.735680309069323,30.72576903412835,-0.04473480213925196,0,-0.03768336863586452,0.019539855135304762,0.010359955315834668,0.05946402868466727,0.0348732339682416,0.03548003805255585,0.034745017533948444,1.0211547027682237,0.5849186031125788,-0.04473480213925196,-0.04473480213925196
2022-05-27,34320.99914144521,35694.43655183963,34115.40436959846,35612.88671875,797400,35951.5668663267,35618.005374863824,33658.56905766416,48.26934516443383,5.340531796491852,-488.18709108269104,-240.32143483769372,-247.8656562449973,0.3764921710584537,17.349236702024843,19.40951611604199,13.589112968004352,17.52316707790184,19.89570071732064,28.7469491975069,-0.05576150399384705,1,-0.000143709791156299,0.0580630049286317,0.00936496830612188,0.058215080796891305,0.03900358031129647,0.0334652138629168,0.032704087702529486,1.0232731200854885,0.5415145768824585,-0.05576150399384705,-0.05576150399384705
2022-06-03,35958.381274277126,36083.278254671655,35174.69256839707,35274.640625,622600,35887.09770048606,35604.54009055544,33690.57047483912,47.06921750403439,-1.2001276603994384,-476.1397108315432,-287.48509003646365,-188.65462079507955,0.3423879857807994,16.865716238797983,19.407197297318135,-13.341661143156038,17.284881043103532,20.77455372768172,27.64373508521436,-0.04920197627810696,0,-0.009265657264955096,0.047018205029917715,0.007935999431869512,0.05681024656871614,-0.009497856672537441,0.032375567875347955,0.032422297888487224,0.9985587075505878,0.5803558692365243,-0.04920197627810696,-0.04920197627810696
2022-06-10,35158.740035825824,35449.48633139148,34346.247693990896,34483.3984375,507900,35753.412056392146,35560.573751219934,33706.27003845617,44.29481024338061,-2.7744072606537813,-524.39382148,-334.86683632517094,-189.5269851548291,0.2404674560556406,17.085327535296997,19.405301678196786,-13.138041825678911,17.506219518027752,19.78184226276525,29.9110530591491,0.018566678938574332,0,-0.03029128048539942,0.023055900227381798,0.005422811974893804,0.05501361351013179,-0.022430907118561216,0.03277281495953735,0.03247103027738024,1.009293966947742,0.6182510046459108,0.018566678938574332,0.018566678938574332
2022-06-17,33728.25798193151,33773.65980008683,32290.17518524732,32742.669921875,605200,35466.67471024766,35450.067718696606,33687.18884802882,38.86704507138776,-5.427765171992853,-695.0852846706184,-406.9105259942604,-288.174758676358,0.0330881264509374,18.48774135934773,19.40303820740545,-13.313315913241304,18.631743598610647,17.945916796375865,35.83554321111451,0.059236958271970064,0,-0.07637214739067211,-0.028037926536843893,0.0004684614901959705,0.05233083943633776,-0.050480190308968886,0.0345681451575693,0.03404599512875203,1.0153366064596627,0.6280167754451571,0.059236958271970064,0.059236958271970064
2022-06-24,32873.01538049235,33721.50671535386,32426.022542258448,33627.05859375,880400,35291.47317534312,35378.57716477713,33685.998149924286,42.70816401023086,3.841118938843103,-750.3471890188739,-475.5978585991832,-274.74933041969075,0.1905883784304261,17.722558673189628,19.40632924446374,13.68813276448114,19.676873102009047,16.945509400777706,33.83786636570998,0.0925286056487944,0,-0.04950788616708257,-0.0017496752185275355,-0.0024620546221608697,0.05024577295646049,0.027010279674356985,0.03703007999472999,0.03392945132253608,1.091384580396514,0.549726325050076,0.0925286056487944,0.0925286056487944
2022-07-01,34125.80101247146,34147.10154517034,33080.06393960031,33539.05859375,676600,35124.576548524725,35306.4391815996,33683.08845574262,42.42253444281566,-0.2856295674151994,-792.1125307274051,-538.9007930248276,-253.21173770257747,0.1982119450708328,16.789269805729642,19.40380099936282,-13.42483701330578,20.291494072661973,18.02639278136107,32.24350841330607,0.11782985299672166,0,-0.05005830745941353,-0.004276028968717149,-0.005150976345687508,0.04819483011452341,-0.002616940157125658,0.034501241536357696,0.03394065418548911,1.0165166925718319,0.5685960531745778,0.11782985299672166,0.11782985299672166
2022-07-08,33558.461472188166,35261.689794181075,33515.21197492903,35123.640625,683300,35124.48741295094,35299.27061075256,33711.614241272466,49.0325422160025,6.610007773186844,-689.4023369152637,-569.001101802915,-120.4012351123488,0.4852870798562826,15.77694303645745,19.406354248358845,13.434690744253825,19.988243887313065,21.537942590442068,29.7709656309943,0.07961929576456028,0,-0.004975456509831111,0.041885457445666185,-0.004951467686937883,0.04709523424530526,0.0472458708648813,0.03453732828810572,0.03568965898621919,0.9677124766432087,0.5512315298455456,0.07961929576456028,0.07961929576456028
2022-07-15,35017.19277706553,35542.68664252929,34463.498631407856,34682.24609375,567800,35082.369192074664,35275.07357087011,33730.8346739948,47.40014443534123,-1.6323977806612715,-636.2859102172515,-582.4580634857823,-53.82784673146921,0.4201126510533225,15.530702957066865,19.404233039865268,-13.249526284202972,19.49742122745067,21.75641894092701,28.325531477983112,0.12570124641626457,0,-0.016805846653418777,0.02820598508606431,-0.005462905085322878,0.04578122396911377,-0.01256687870037676,0.03329243673866175,0.03515368962674274,0.9470538396440451,0.5650750374774078,0.12570124641626457,0.12570124641626457
2022-07-22,34841.44740161468,36823.0224581983,34803.99471106599,36738.5234375,800800,35240.09816782946,35332.46376171835,33790.39286733153,54.92824600082753,7.528101565486295,-423.3858344114924,-550.6436176709244,127.25778325943202,0.7691465940270059,15.859653409586969,19.407223398109604,13.593367755733617,18.151182391606863,25.332170882436078,25.66368347059188,0.061161212972333345,0,0.03979512114592687,0.08724759672796556,-0.0026141849182043098,0.045636370682084815,0.05928904772175514,0.037074685040931865,0.035304408221892326,1.050143223132736,0.4055773067703617,0.061161212972333345,0.061161212972333345
2022-07-29,36766.27297027975,37754.20786554537,36248.1819757291,37490.9609375,706200,35454.46605065523,35417.11070978822,33863.67144297843,57.334550947173504,2.406304946345976,-191.7353666501513,-478.8619674667698,287.1266008166185,0.8587111774809179,16.618496352029396,19.409853100037186,13.467655178504874,17.37951324312073,27.75798202666624,23.95798853940828,0.03989586656617017,0,0.05855503699059872,0.10711447814007413,0.0010547258124218306,0.04587332680171885,0.02048088571877571,0.03697333121143712,0.03549937972979401,1.041520485508823,0.2264673607303769,0.03989586656617017,0.03989586656617017
2022-08-05,37593.71063033792,38231.40854326938,37249.068363964696,37920.16015625,1000000,35689.29406071187,35515.26951161025,33943.99795215213,58.68936970249757,1.354818755324068,26.18029781129735,-377.8535144111564,404.0338122224537,0.895725151861563,17.559645745002587,19.41440278044552,14.01943132983804,16.94099788133313,28.686648211539616,22.88935199948581,0.03956689017972681,0,0.06771427269765118,0.11713888887522073,0.004899992355252625,0.0462901147258199,0.011448071962345985,0.03483678267058897,0.03357450526964305,1.0375963068050695,0.2520288851288658,0.03956689017972681,0.03956689017972681
2022-08-12,37846.91079248344,39088.44477168754,37681.01038083108,39041.84765625,664200,36008.58487933455,35653.56669375298,34044.945471045154,62.07849829322723,3.389128590729655,286.0929375140113,-245.06422402612284,531.1571615401341,0.9886749530566352,19.545184853409346,19.41685860586002,13.40634009349426,17.010250670861986,30.76047957944748,21.4154842981036,0.035177198184680236,0,0.09503343639083073,0.14677368743194652,0.009957438161264598,0.04724992801283645,0.02958024162814943,0.023973292008664486,0.0332873549920474,0.7201921574841824,0.22454916002810488,0.035177198184680236,0.035177198184680236
2022-08-19,39283.64401349645,39758.68632577778,38847.94691122208,38985.49609375,455100,36292.1002330884,35784.23059179208,34142.77815664327,61.80417492488494,-0.2743233683422872,481.9725968251005,-99.6568598558782,581.6294566809787,0.9369162100069082,20.854890264692493,19.41517656133697,-13.02827465132159,17.423576268916236,32.59992713756273,20.495796426364983,0.045935853347704336,0,0.08946023007945292,0.14183725515506906,0.014192554454777406,0.04807612396443006,-0.0014433631060741803,0.025280854619409165,0.03167678531727329,0.7980877594174167,0.22325972256817464,0.045935853347704336,0.045935853347704336
2022-08-26,38693.19852163497,39471.29081406086,37950.411012885525,38986.6953125,1000000,36548.7283358895,35909.81744358455,34238.69730824439,61.80804278401375,0.0038678591288103,630.0426653386312,46.28304518302369,583.7596201556075,0.9101726845067276,21.76383550631245,19.41903577317152,13.8598154401835,17.11397171630351,30.26267624577305,23.257376335980783,0.014340629425463103,0,0.08568347287616596,0.13867344196860953,0.01779209524828973,0.0488079356610851,3.076063844664745e-05,0.024973988945856004,0.03152415045576676,0.7922176675593006,0.2175386371196953,0.014340629425463103,0.014340629425463103
2022-09-02,38111.15817075209,39667.18714543041,37943.410122361645,39420.54296875,659900,36822.23449140002,36047.49295437535,34341.30811340291,63.257633523692434,1.4495907396786831,773.4809347257105,191.72262309156108,581.7583116341494,0.9256280012716912,23.11573805149986,19.42146445464522,13.399845102751485,16.939731848896265,28.74195664373375,21.38588900283008,-0.02001603502456828,0,0.09357238847771887,0.14790452473663152,0.02149224463418986,0.04968316394175276,0.011128095181509146,0.022314695152177218,0.031498735695017044,0.708431454780812,0.2048082999121833,-0.02001603502456828,-0.02001603502456828
2022-09-09,39411.59440265754,40685.47733433219,39257.79525817987,40415.23046875,974000,37164.42458448097,36218.77677846848,34461.583803607806,66.4058940653673,3.148260541674873,956.3950382657204,344.65710612639293,611.7379321393274,0.9687613107528664,25.44718924959366,19.42503839919767,13.78916760931819,17.342669907521202,31.593580589536817,19.95374806519458,-0.03062302761596203,0,0.11586403693170144,0.17276184110026027,0.026109324779147958,0.05098990762800382,0.02523271941709493,0.019534569497426983,0.030325991405296772,0.6441527083600984,0.17637879436599038,-0.03062302761596203,-0.03062302761596203
2022-09-16,40539.97695334109,41839.66061234929,40288.43092462966,40776.328125,1000000,37508.41539786373,36397.50428225403,34586.628245615575,67.49477261550769,1.0888785501403788,1117.6102311302238,499.2477311271591,618.3625000030647,0.9412239719780836,27.650923772398954,19.428808726533287,13.846331669953647,18.27873381188,34.704423497102574,18.50381172275382,-0.036079354404842,0,0.1203056069116506,0.1789622230715442,0.030521628818142466,0.05235769222077935,0.008934692492455598,0.011209156872831855,0.03030854700034657,0.3698348479953091,0.1564698060301681,-0.036079354404842,-0.036079354404842
2022-09-23,40685.127549124045,41677.16554316215,39412.23983787201,39545.7890625,968200,37702.45098497195,36520.96643049897,34684.829449910314,60.31963140341314,-7.175141212094545,1133.0194714812678,626.0020791979808,507.017392283287,0.7874035142700174,28.105161943040983,19.42526949507023,-13.783194989331651,18.433268987852674,31.145767379798777,20.573249019908893,0.031300148305139164,0,0.08282427678241766,0.14014656233525913,0.0323508567803481,0.05293775433551695,-0.030177780076905858,0.018457350085595545,0.029459065096164583,0.6265422892866548,0.19049370237819482,0.031300148305139164,0.031300148305139164
2022-09-30,39027.397555632575,39228.94208605911,37385.91682776734,38631.5,1000000,37790.931843546045,36603.73245283234,34762.9813419913,55.59097850950612,-4.728652893907025,1059.2455953006793,712.6507824185205,346.59481288215875,0.6781462496069481,26.88646222729548,19.42115893965728,-13.929018691455203,17.1969531281399,28.178369188004705,27.551493525982973,0.06106092178662492,0,0.055397835446990173,0.1112827067376927,0.03243383423380486,0.05295147423439017,-0.02311975773337116,0.021084247461355583,0.028025297526638744,0.7523291212631902,0.21073545154866422,0.06106092178662492,0.06106092178662492
2022-10-07,38444.45221148561,39607.8907442624,37962.80936442989,39177.59375,737800,37922.99488225594,36704.668189976175,34850.39940947662,57.72281169406662,2.131833184560506,1032.9374091728605,776.7081077693886,256.22930140347194,0.7107260324336819,26.42869170252425,19.423868183241847,13.511429419524656,16.269938428939557,27.805575508611952,25.55445081770205,0.053101142792875144,0,0.06737359801822618,0.12416484212076839,0.033192690531186564,0.053206528818012355,0.014135970645716478,0.018840300651413417,0.02735814696476998,0.6886541210438966,0.17418859619786,0.053101142792875144,0.053101142792875144
2022-10-14,38641.102890138834,39570.3914470194,38437.50216387478,39305.14453125,877600,38054.62818216013,36806.64765433985,34938.6121841652,58.22721284359449,0.5044011495278653,1010.7292070451076,823.5123276245324,187.2168794205752,0.703316695294555,26.503703320587103,19.427081251484346,13.684947327413791,15.409139065396388,26.387109940887427,24.250823472323297,0.07203682883035456,0,0.06788167453809257,0.12497726939090592,0.03390638939846857,0.05346621841554655,0.0032557073837644612,0.01884109566743974,0.026308926433634968,0.7161484036593797,0.161813107017937,0.07203682883035456,0.07203682883035456
2022-10-21,39295.14399463325,41031.77446730909,39146.24338473958,40783.578125,1000000,38314.5281767163,36962.6057120128,35054.35408398371,63.64191263381356,5.414699790219075,1099.749059500049,878.7596739996359,220.9893855004132,0.8166192496954364,27.007366810093806,19.4317007633092,14.05192644092432,15.449747391274824,30.669570641654463,22.219187068896854,0.040540310150876335,0,0.10337400027361676,0.16343830005511273,0.036575410165526456,0.05443693594973342,0.03761425155362441,0.022786779915929214,0.0270164997270667,0.8434393850473565,0.15063731389225035,0.040540310150876335,0.040540310150876335
2022-10-28,41347.87058829255,41530.16714795477,40838.82598068995,40990.375,902600,38569.370731314746,37120.55744879661,35171.89905261769,64.33823539493784,0.6963227611242786,1173.4578221413904,937.6993036279868,235.7585185134035,0.8048842219425134,26.780021628842803,19.43497947143286,13.713035874284904,15.746390805267762,31.91423360818259,21.452820617679432,0.04862298085221228,0,0.10424998483768322,0.16542967835423905,0.039029944108910586,0.05540384365551865,0.0050705917554898505,0.022687733224531634,0.02609007178890926,0.8695925947653413,0.15214953525151786,0.04862298085221228,0.04862298085221228
2022-11-04,41265.21924083606,41676.76501976088,40818.673543842415,41257.96875,1000000,38825.427685475246,37282.808872373214,35292.41528424902,65.26525798549355,0.9270225905557083,1239.180623958484,997.9955676940864,241.18505626439764,0.8131764339184201,24.463369305264354,19.43921863361144,13.973711026316812,16.099270857508884,31.30703355423205,20.57445887457849,0.044725450765193075,0,0.10662179159393759,0.16903216789510567,0.04137614251068733,0.05639720523782077,0.006528209366223114,0.02123608213006234,0.022050857342027934,0.9630501798942452,0.1422116653147828,0.044725450765193075,0.044725450765193075
2022-11-11,41740.16343564171,42345.00930325477,41318.12050736358,42136.5625,1000000,39140.77385828713,37473.15215188799,35427.94295188766,68.18913927396738,2.9238812884738365,1346.6383818042668,1067.7241305161224,278.91425128814444,0.8813078345467318,22.93852258897702,19.44423538248585,14.146755585070652,16.77862549431161,32.90294189695091,19.48600824637758,0.03551260039900028,0,0.12444670598326102,0.18935955602115762,0.04450177288635504,0.05772870309681255,0.021295128592582424,0.02217664364384265,0.02188046928314787,1.0135360150123878,0.14187948999067415,0.03551260039900028,0.03551260039900028
2022-11-18,42177.06133025349,42622.255903253215,41964.96222909416,42436.95703125,913000,39454.69606523598,37667.81116676493,35566.73530989484,69.14545949184634,0.9563202178789538,1439.4457229876643,1142.0684490104309,297.3772739772335,0.9023834910269848,20.57404222802481,19.44751056310618,13.724492254866757,17.552854851517093,33.2118865896009,18.837086346643943,0.018428254927046694,0,0.12661064491830598,0.19316424916412944,0.04743798068223448,0.059074183743976105,0.0071290706556805805,0.017262878635786624,0.021655314434998827,0.7971659191374636,0.14550876489733325,0.018428254927046694,0.018428254927046694
2022-11-25,42286.45772398986,43338.64430573424,42202.06026744004,42983.44921875,1000000,39790.76779414208,37876.26756096043,35713.600931852365,70.86166491376153,1.7162054219151912,1539.348905846593,1221.5245403776637,317.8243654689295,0.9357882621049484,19.69819308501913,19.453018609231584,14.248721174805116,18.63293112908708,34.953072746623306,17.73711990831161,-0.03061370914658923,0,0.13483856743724165,0.20355965506725981,0.0505461693156628,0.060555826706883975,0.012877742084512978,0.011390765636436916,0.020017482137654186,0.5690408792727305,0.14482818099765443,-0.03061370914658923,-0.03061370914658923
2022-12-02,42756.70227834148,43514.54391168495,42739.50325948733,43103.25,1000000,40106.24228993807,38081.24726445218,35859.93061637014,71.23933233773423,0.3776674239726958,1609.634950113883,1299.1466223249074,310.48832778897554,0.9440681659031744,17.43176693234875,19.457088145550696,13.95082872835025,19.72307399211681,34.4490599851842,17.00779454020139,-0.002721390643396937,0,0.1318760044983014,0.20198921914040935,0.05317564867094493,0.06194425393193592,0.0027871374547052685,0.011989539875734334,0.019377066181798273,0.6187489769218332,0.15494558532722927,-0.002721390643396937,-0.002721390643396937
2022-12-09,43268.84839580863,43852.88806519864,42947.95096184205,43632.94140625,1000000,40442.11839625349,38298.96076020895,36013.851622110335,72.91112973979456,1.671797402060335,1688.6135305926582,1377.0400039784577,311.57352661420055,0.9702199424589776,17.296511207555056,19.46297309422055,14.324675403401072,20.906313310619183,34.59357625178516,16.171668692673883,-0.03309748502981147,0,0.13927220321818323,0.21155998153393862,0.055958636827325936,0.06345084002888757,0.012288897153927003,0.011454286113013405,0.015733112118533083,0.7280368961154632,0.150600048478201,-0.03309748502981147,-0.03309748502981147
2022-12-16,43455.3466881986,44151.28786944239,43080.04849504141,43218.99609375,1000000,40706.582938872205,38491.9033223086,36156.527750261615,69.51064577704102,-3.4004839627535404,1698.2265982829413,1441.2773228393544,256.9492754435869,0.8748200185211364,16.947985258949156,19.457465503642897,-14.258593171698111,22.156331839144634,34.19619383925179,15.21792453633766,-0.019615126920372705,0,0.1228074572426181,0.1953303810661764,0.0575362459481199,0.0645907037362039,-0.009486990772542891,0.00894129300727399,0.01598253580343232,0.5594414501704922,0.18471588032341202,-0.019615126920372705,-0.019615126920372705
2022-12-23,43345.84843854809,43614.14074168416,41597.16488090006,41667.56640625,1000000,40798.10517386056,38616.43912952199,36265.657228598015,58.49863883897063,-11.012006938070392,1562.644421564131,1465.5507425843098,97.09367897982156,0.630316691509389,15.839280028616082,19.452792769858792,-14.089119821314208,21.823776847614173,30.54363941811514,21.445285416314285,0.020141190076176763,0,0.07901109852449983,0.1489538475368426,0.05649578504691033,0.06482115810299494,-0.035896939487781276,0.017775422912907044,0.018617850197780363,0.9547516348061629,0.3574659411070124,0.020141190076176763,0.020141190076176763
2022-12-30,41715.86610274812,43497.5440125112,41568.96546852383,42985.94921875,1000000,41006.47127337384,38787.79246635446,36398.73231751192,63.75364903146874,5.255010192498112,1543.7812946868507,1481.196853004818,62.584441682032775,0.801651786779894,15.870307619424931,19.457591730767057,14.115838088525027,21.48909349531589,27.51712155783061,19.46519373910819,-0.06143050195453581,1,0.10823396964488574,0.1809737999603045,0.05720044029172122,0.06563580643420175,0.031640504262861135,0.02063779190235827,0.018766766712474722,1.0996988569501338,0.31103384017489555,-0.06143050195453581,-0.06143050195453581
2023-01-06,43038.25,43578.3984375,41877.0,42188.80078125,1000000,41119.07408364776,38921.1653414484,36513.38713857604,58.89751625775991,-4.856132773708829,1447.8193536042236,1474.521353124699,-26.70199952047551,0.6596581342162817,15.308397662950073,-21.13990231297676,-21.31044126007833,21.23414377559363,25.55841975474047,17.790399212239986,-0.01633375563512718,0,0.08395523132812754,0.1554337761417357,0.05647078454402643,0.06594234037325353,-0.018544395366109412,0.021037646068717365,0.019452423219159336,1.0814923072410172,0.37171094405334615,-0.01633375563512718,-0.01633375563512718
2023-01-13,42404.8515625,42716.80078125,41729.0,42371.25,870500,41238.328932824166,39056.462779038666,36629.38442296066,59.654981854717526,0.7574655969576156,1370.6904844100936,1453.755179381778,-83.0646949716845,0.6686510021716178,14.622393375321373,-21.13932826194667,13.676824186954798,20.843651748410903,24.25366697328237,17.64707065847884,-0.01916043455173022,0,0.08487167001565643,0.1567557213284787,0.05586440754067712,0.06626041890446355,0.004324588880731728,0.020931632915169265,0.019428408104526347,1.0773725156768095,0.3419479943210446,-0.01916043455173022,-0.01916043455173022
2023-01-20,42622.5,42715.6484375,41861.1015625,42506.80078125,1000000,41359.13577553139,39191.770151674405,36745.76890530303,60.24121803466803,0.5862361799505038,1305.4546465439198,1424.0950728142066,-118.64042627028677,0.6710046929988396,14.103175293014852,-21.138640945721555,13.856269510497423,20.48105200888409,23.152523824241385,16.845874246504014,-0.032348959601225524,0,0.0845848660763786,0.156780822597389,0.05530154967405543,0.06656552085424927,0.0031991216036817427,0.020352601068435738,0.019363625876476546,1.0510738638655803,0.34360766310179675,-0.032348959601225524,-0.032348959601225524
2023-01-27,42891.44921875,43078.8984375,40148.80078125,40345.30078125,958600,41262.5800617903,39237.006646951886,36817.04676423267,48.21114981421504,-12.03006822045299,1067.0396209046885,1352.683982432303,-285.6443615276146,0.3027059966303319,14.130218189190616,-21.13927351040326,-13.773230208895106,19.51879632531339,19.82834927853565,22.817605742003604,-0.010804290346314138,0,0.0282461438577708,0.09583207582105646,0.05162405565399486,0.06572933180154417,-0.05085068648481894,0.026694258132183308,0.02222545968290567,1.2010666376774533,0.38885055207731595,-0.010804290346314138,-0.010804290346314138
2023-02-03,39856.1484375,42015.6484375,39419.80078125,41499.69921875,1000000,41285.162838643606,39325.73968898319,36909.772555411226,53.54666563602787,5.335515821812827,960.1759904647696,1274.1823840387965,-314.0063935740268,0.4933451746801649,14.026782066711103,-21.138140074038883,14.356206197675723,19.174864260613823,17.439439287348108,23.452015518109565,-0.0059843242463260005,0,0.055280829984638125,0.12435532233226554,0.04982546202962679,0.06545602875078571,0.028612959009999273,0.02898495411227921,0.023054908877868752,1.2572139957622182,0.4815945700236476,-0.0059843242463260005,-0.0059843242463260005
2023-02-10,41530.1484375,41791.94921875,41095.1015625,41559.3984375,804100,41311.28051472517,39413.334149709335,37001.84435505654,53.81168030120098,0.265014665173112,870.271078191734,1193.4001228693842,-323.1290446776502,0.4855844391943794,13.287035484700988,-21.13760888658235,13.59748016216188,18.855498771964225,16.852463813004093,22.662669157469846,-0.025841308082576786,0,0.054450209151018836,0.12317099760516781,0.04815493045593633,0.06517215119097841,0.0014385458177736954,0.029047789519666387,0.021847223944601885,1.329587209492749,0.4810725867886991,-0.025841308082576786,-0.025841308082576786
2023-02-17,41563.5,41979.1015625,40882.69921875,41131.75,656900,41294.182370465634,39480.72300658348,37083.6246648574,51.54323849804002,-2.268441803160961,755.8007322149424,1105.8802447384958,-350.0795125235534,0.3690648715751379,11.564936806152048,-21.13804285499876,-13.395288601181123,18.724657892593196,15.943220163618136,22.485162996009677,-0.03728624329137464,0,0.04181856024118935,0.10916207279432522,0.04593277999442291,0.06464034633587779,-0.010290053599864457,0.026383706634346922,0.021228319931378685,1.242854202293597,0.5169049728620788,-0.03728624329137464,-0.03728624329137464
2023-02-24,41221.55078125,41292.6015625,39600.25,39909.3984375,814200,41162.29818637367,39497.533807795895,37139.58058114735,45.62312486944999,-5.92011362859003,559.9933481053304,996.7028654118628,-436.70951730653246,0.0843651977700348,10.88623692836851,-21.138580479408805,-13.60996254324972,19.493843920211297,14.63102913796279,26.871470086749493,-0.012880346362649897,0,0.010427603700735588,0.07457859816970203,0.04214856519090282,0.06348895678820576,-0.029717956627179687,0.024270884570877643,0.022294383665628744,1.0886546555801886,0.5353214486657604,-0.012880346362649897,-0.012880346362649897
2023-03-03,39820.3984375,41390.1484375,39745.3984375,41251.3515625,1000000,41170.77946029047,39566.31097464704,37221.001788698886,52.12439897225502,6.501274102805034,507.2517055908975,898.8126334476698,-391.5609278567723,0.3373772852595383,9.491572258406986,-21.137903086067844,13.840984328785728,20.09561208351594,13.941013454052134,24.740291590447423,-0.015580171331507464,0,0.04258776080824633,0.10828160393643183,0.04055137934571462,0.06301037245752594,0.0336249900409189,0.028048108340848196,0.023448702303569966,1.1961475725920232,0.5289137101296806,-0.015580171331507464,-0.015580171331507464
2023-03-10,41418.3984375,41671.19921875,40341.69921875,40485.44921875,602300,41105.50991347709,39602.35561167068,37285.64431206624,48.55619545263005,-3.568203519624973,399.0516368192912,798.8604341219941,-399.8087973027029,0.1550068482639717,9.673143330436606,-21.13830087419125,-13.308512599332609,20.322182918439783,14.40590735086213,23.142528666022724,0.013722233344831247,0,0.022299017152885625,0.08581868345636323,0.03795618413575985,0.06213413613600127,-0.01856672120402114,0.028422556617519544,0.022384732247745426,1.2697295774168682,0.5153950877822472,0.013722233344831247,0.013722233344831247
2023-03-17,40356.1015625,40690.05078125,38613.1484375,39598.1015625,914200,40961.94721338404,39602.18878621301,37331.43554474809,44.73530933948136,-3.820886113148696,238.9463381455862,686.8776149267126,-447.9312767811264,0.0030683842993316,10.662214947621298,-21.138904353994278,-13.725805738731731,21.596310846214276,12.994127242033274,29.030846106299563,0.06400431128623008,0,-0.00010320701552823941,0.06071735481575358,0.03433543621822266,0.06082683958785973,-0.021917693229868918,0.02873277695489475,0.022863277376389764,1.2567217062487397,0.5291113354799346,0.06400431128623008,0.06400431128623008
2023-03-24,39512.1015625,40201.6015625,38941.8984375,39395.3515625,681000,40812.74762758556,39594.07752253799,37372.305168862,43.88555617877556,-0.8497531607057951,94.61088946225208,568.4242698338205,-473.8133803715684,0.0270547460969058,11.783533178427655,-21.13935365772921,-13.431319053559353,22.779429636290583,12.212384725806134,27.284315057263115,0.06911090597022773,0,-0.005019082965750932,0.05413223467209516,0.03077910084794544,0.05944970061753452,-0.0051201949588413065,0.023088737374618723,0.022796909795235305,1.0128011902492333,0.5597066848008467,0.06911090597022773,0.06911090597022773
2023-03-31,39484.69921875,40690.3984375,39273.75,40608.6484375,844100,40793.309609482174,39633.86461724238,37436.391174181554,50.00560090605217,6.120044727276614,77.2365890469664,470.1867336764497,-392.9501446294833,0.2926156155047679,11.988579892269094,-21.138796715448965,13.646027434664866,23.28749081611908,13.726254234697082,25.43136047465377,0.06464755910407782,0,0.024594720441002416,0.08473726136044424,0.029253896975148574,0.05869885889472015,0.030797970493425586,0.023521503853792206,0.023400321761583916,1.0051786506802327,0.2527756303604928,0.06464755910407782,0.06464755910407782
2023-04-07,40695.80078125,41274.69921875,40535.8984375,41041.0,541400,40816.89917048387,39689.046396958365,37507.76956677202,52.01399602044036,2.008395114388186,97.23363970112403,395.5961148813846,-298.36247518026056,0.3925689510948034,11.938634055584323,-21.138439333110597,13.201915503223802,23.095641708526845,16.127667071552157,24.496999782831335,0.039477576539314274,0,0.03406364540784845,0.09419996107574624,0.0284172303422221,0.05815533302515363,0.010646785331095865,0.023961224374462447,0.023482332020244058,1.0203937306484525,0.2637387152049558,0.039477576539314274,0.039477576539314274
2023-04-14,41116.1484375,42196.19921875,40727.25,42132.55078125,748700,40942.19932389017,39784.87009830313,37599.34939280128,56.73913510670525,4.725139086264889,198.8680449606327,356.25050089723425,-157.38245593660156,0.6245698104517696,11.614230592972834,-21.13794489989897,13.526094983866342,21.98436855639177,19.526626727724995,22.71037485793778,0.03942320057059501,0,0.05900938414895074,0.12056595291291505,0.029089682151215657,0.05812655646430631,0.026596593193392026,0.02548842932784612,0.024113473470794358,1.0570202322248214,0.5040425787948065,0.03942320057059501,0.03942320057059501
2023-04-21,42603.55078125,42603.55078125,41799.0,42118.0,937600,41054.18034066253,39876.36538856576,37688.8276226468,56.65904178844924,-0.0800933182560115,275.0690916601234,340.0142190498121,-64.94512738968871,0.6369868265406652,11.18486224877974,-21.138564041973407,-13.751079764357218,20.575793592373063,20.80949035747968,21.773709876797664,0.0439574157723539,0,0.056214617094390684,0.11751950529476685,0.02953666766315921,0.058042075169366436,-0.00034535723520623396,0.021919634252562326,0.0240996523950904,0.909541510940125,0.5418906511435275,0.0439574157723539,0.0439574157723539
2023-04-28,42469.94921875,43302.05078125,42269.1015625,43233.8984375,1000000,41261.772540361344,40008.03335126906,37798.63100511914,61.1843062891867,4.525264500737464,420.65361509522336,356.14209825889435,64.51151683632901,0.89340696453366,10.859958496371322,-21.137863054126868,13.875194502188124,19.550907896979147,23.1522684522451,20.437746536624637,0.018136267855500376,0,0.08063043384082302,0.14379535152066092,0.03133718616170156,0.05845191445824316,0.026494573282207057,0.020796908774595477,0.024709768750086254,0.8416472442512389,0.5469570013667479,0.018136267855500376,0.018136267855500376
2023-05-05,43395.05078125,43739.80078125,42582.19921875,42661.19921875,844100,41395.05127163645,40112.07907156243,37894.919484596976,57.84615103302405,-3.33815525616265,484.2363825005596,381.76095510722746,102.4754273933321,0.7818224246080058,10.504460213787322,-21.138420516500425,-13.646027434664866,18.954681380729983,24.04202542767553,19.197574513342555,0.029925374043139774,0,0.06354993822782862,0.1257762201102013,0.03198468465783377,0.058508095995999154,-0.013246531991046528,0.01996485377785838,0.024798533838505957,0.8050820225048114,0.46525287952041244,0.029925374043139774,0.029925374043139774
2023-05-12,42796.8515625,43905.94921875,42780.30078125,43793.55078125,1000000,41623.47979636155,40256.45051115802,38011.72406472872,62.233594373652735,4.3874433406286855,618.8636168494631,429.1814874556746,189.68212939378856,0.967972733386052,11.587854045158704,-21.13773554898099,13.851939878804531,18.535701657086395,23.33991090626895,17.937168346742958,0.004462968068660977,0,0.08786418636465698,0.15210640555728627,0.03395801835098755,0.059053528921941156,0.026542891040023164,0.017186677336789108,0.024006395017220784,0.7159207921247813,0.08712614741495418,0.004462968068660977,0.004462968068660977
2023-05-19,43821.05078125,44151.69921875,43446.3984375,43969.3984375,1000000,41846.90061932712,40402.056312191045,38129.69781468458,62.8797324986272,0.6461381249744633,731.3159511900594,489.6083802025517,241.70757098750775,0.9650176147481194,12.302692781578694,-21.1370707394258,13.82139421525654,18.349722886131968,23.783016228820188,17.246236198331722,-0.0007107215725141725,0,0.08829605349152825,0.1531536035558725,0.03576165272310905,0.05959550239685685,0.0040153779064036055,0.016095043574816892,0.023032584943047857,0.6987944954773742,0.0838379865158182,-0.0007107215725141725,-0.0007107215725141725
2023-05-26,43935.30078125,44095.25,43390.30078125,44018.0,787800,42053.67198891501,40543.85802543846,38246.29785795815,63.06780407957583,0.1880715809486304,814.9625947481909,554.6792231116796,260.28337163651133,0.9232399087267223,13.244478883016084,-21.136549765588764,13.577000798875842,18.110968129402007,22.83618364479008,16.876447083730866,-0.008975909003135052,0,0.08568849003915124,0.15090877981124384,0.037239030447700605,0.06007274680579955,0.0011053497256525713,0.015040669776960891,0.022551813325146743,0.6669383769769663,0.0867118169785877,-0.008975909003135052,-0.008975909003135052
2023-06-02,44276.80078125,44498.6015625,43706.1484375,43937.8515625,918700,42233.11766258977,40676.955811205575,38359.00189171145,62.50538631025242,-0.5624177693234103,864.8167837780857,616.7067352449608,248.11004853312488,0.8731427830275879,13.977431282915427,-21.13715727758825,-13.730715994753576,18.242459770699032,24.126503267704315,16.100476216039002,0.01842375016558373,0,0.08016567823878606,0.14543782151938678,0.038256595665782545,0.060427899715372435,-0.0018208105206960479,0.015625418562656944,0.022565602028893975,0.6924441254724549,0.07571219893998685,0.01842375016558373,0.01842375016558373
2023-06-09,44103.25,44459.25,43917.8984375,43989.0,659800,42400.34455186694,40806.83989704065,38470.48700276667,62.73378238401983,0.2283960737674064,898.1010889009049,672.9856059761496,225.11548292475527,0.8518669017751211,14.64033913047849,-21.13672100665989,13.39969355338626,18.36455915190341,23.337094975396795,15.573675904613246,0.021278046784423355,0,0.07798104707417264,0.14344796302777385,0.03904994012883245,0.060731045440260756,0.0011641087509079995,0.013954447757015563,0.022564783099458818,0.6184171013525159,0.05086597331515675,0.021278046784423355,0.021278046784423355
2023-06-16,44035.19921875,44212.3515625,43397.5,43938.1484375,868900,42546.80206478437,40929.636310392,38578.757526226735,62.32728795835308,-0.4064944256667502,909.8872307902784,720.3659309389755,189.52129985130296,0.8091128800447062,14.819202896579007,-21.13729549833961,-13.674984473707058,17.791805677894335,22.16167343866404,18.005929060196664,0.020054380420772677,0,0.07350449205785248,0.13892077544565362,0.0395108752525557,0.06093713055862637,-0.0011560063311282232,0.014005713324139343,0.01887864336150776,0.7418813447525587,0.05980472259144227,0.020054380420772677,0.020054380420772677
2023-06-23,44015.30078125,44042.1484375,43345.94921875,43622.8984375,1000000,42649.28743361443,41035.25443302369,38678.64150466779,59.74280195036792,-2.584486007985156,883.6041541418963,753.0135755795596,130.59057856233665,0.7363597793686412,15.0988311092971,-21.137957516367216,-13.81740975335046,17.1931985225466,21.18011777521333,17.536389038842643,0.05621590653274655,0,0.06305904618429437,0.1278291258558173,0.03933283765122275,0.060928017031609105,-0.007174858550273888,0.011611027377274515,0.018149098028611702,0.6397578193125606,0.22849466647271477,0.05621590653274655,0.05621590653274655
2023-06-30,43714.75,44787.1015625,43541.75,44747.3515625,693100,42849.10306493686,41180.82686947374,38798.813981060506,65.27402692867796,5.531224978310036,942.6424014499426,790.9393407536363,151.70306069630624,0.8666772531735009,15.921037005974734,-21.13749958855123,13.448931010698283,17.39098767896703,24.21763341623574,16.157791486048755,0.016107098517178287,0,0.08660643712499194,0.15331751079667666,0.040510993155889574,0.06139396141273812,0.02577667154811003,0.012819260408477294,0.018865159643761623,0.6795203778048281,0.050034157282149966,0.016107098517178287,0.016107098517178287
2023-07-07,44957.94921875,45655.5,44844.80078125,44925.0,1000000,43046.80753494288,41327.65718831791,38920.12459529693,66.06726109927487,0.7932341705969179,992.326460293014,831.2167646615119,161.10969563150206,0.8498800659382848,16.530011259874282,-21.136492414109853,14.236390248594084,18.303926401166414,28.369663361920068,15.218258888011654,-0.0010127991096271494,0,0.08704444085204388,0.15428715779159385,0.04159805959460283,0.061858296139984725,0.00397003244430838,0.009792909468926228,0.01856895129237788,0.527380858225741,0.0920870495788839,-0.0010127991096271494,-0.0010127991096271494
2023-07-14,44958.6484375,45184.30078125,44547.80078125,44819.30078125,1000000,43215.616415543554,41464.584388040734,39036.9399653158,65.11420643552876,-0.9530546637461156,1011.5123070613045,867.2758731414705,144.23643391983398,0.8054352288555722,16.134640419639766,-21.1372833362089,-13.994577658087705,18.7344036259647,27.17689544611057,16.54024867794371,-0.01383777095892269,0,0.08090558346888521,0.14812536077550664,0.04222958105924857,0.06218838937892879,-0.002352792849193097,0.009977492925150051,0.016835730902695203,0.5926379426480838,0.10573419635864219,-0.01383777095892269,-0.01383777095892269
2023-07-21,44951.19921875,46369.5,44695.05078125,46075.19921875,1000000,43487.95763489655,41645.39281277444,39176.31143568084,70.5502248304138,5.436018394885039,1115.202377953137,916.861174103804,198.3412038493334,0.9249693258151056,17.089805497602434,-21.136380612267654,14.126738976537869,20.007974050400517,31.817961132969693,14.77978112415228,-0.04827213935506758,0,0.10636966316756058,0.17609845159607906,0.04424414557465561,0.06302485575109107,0.02802137506851521,0.013410948894044806,0.016391725492209283,0.818153580013209,0.08020922916392521,-0.04827213935506758,-0.04827213935506758
2023-07-28,46131.8984375,46310.1015625,45238.80078125,45468.1015625,1000000,43676.54277085878,41795.3029598225,39300.90133918221,65.25668665131124,-5.293538179102555,1135.3027358119507,960.5494864454332,174.75324936651737,0.810715688468658,16.86095103874746,-21.137218755460754,-14.052478904888128,21.1905751588052,29.6440226488128,13.76996359250922,-0.02719824011235894,0,0.08787586983657314,0.1569226153388299,0.04501079494135274,0.06346932349242129,-0.013176235079694343,0.014856244862772178,0.01601212879167872,0.9278119765369838,0.09171980479445305,-0.02719824011235894,-0.02719824011235894
2023-08-04,45546.3515625,45782.75,44279.3984375,44879.5,1000000,43791.11012601509,41916.25186335887,39411.36863939642,60.51575553569463,-4.740931115616611,1091.158985720569,986.6713863004604,104.4875994201085,0.7131962862758234,15.223340822009376,-21.137977134328867,-13.953271368976214,21.00324480315001,26.869615640574786,18.45395721341625,-0.009879754397887686,0,0.07069449211014645,0.138745025848646,0.0447286715608064,0.06355737723501731,-0.012945373619589473,0.01608020932848039,0.015300394172198877,1.0509669978109748,0.34916709016818004,-0.009879754397887686,-0.009879754397887686
2023-08-11,44993.69921875,45096.8515625,44120.8984375,44199.1015625,1000000,43829.96645329937,42005.77538097225,39506.17523193313,55.4965901507064,-5.019165384988227,989.8617678629888,987.3094626129662,2.552305250022755,0.5894712903988386,12.535295792405874,-21.13866147439156,-13.851264692548051,20.6352795267878,25.21947069711424,18.318024157346564,0.021658740588795133,0,0.05221487192261853,0.11878969054877131,0.043427149142768684,0.06327112494096054,-0.01516056189351489,0.017268451755069334,0.015852667711540685,1.0893088828511786,0.4734682019559589,0.021658740588795133,0.021658740588795133
2023-08-18,44066.6015625,44212.75,43600.3515625,43851.05078125,606300,43831.974484532766,42078.13912215961,39592.212371523565,53.07171086687277,-2.424879283833633,871.4526400644463,964.1380981032622,-92.68545803881592,0.4957385883178637,10.67346310027086,-21.13906160027493,-13.31513184140697,19.67336859079214,24.21456100006247,20.975126323845483,0.05428488431496925,0,0.042133794318787166,0.10756757843594444,0.041680440222926274,0.0627882758182019,-0.007874612128887626,0.017316725863913095,0.014989351542405962,1.1552685127787432,0.3877229811327924,0.05428488431496925,0.05428488431496925
2023-08-25,43952.8515625,44949.8984375,43862.0,44231.44921875,872300,43870.01969731536,42162.58265535924,39684.07844770627,55.36711710558379,2.295406238711017,799.0960461759678,931.1296877178032,-132.03364154183555,0.5515082874912828,8.859226398640324,-21.13848587794092,13.678889826815242,19.46034147182852,27.27941479253427,19.475548969058185,0.008604772604616784,0,0.04906878168023665,0.11458930001451417,0.04049650031908292,0.0624558841883911,0.008674784998827345,0.014638973421847406,0.014949442256298871,0.9792320790883919,0.4894075445773953,0.008604772604616784,0.008604772604616784
2023-09-01,44253.6484375,44779.6484375,43830.75,44436.1015625,1000000,43923.93225590437,42251.74025956084,39778.17791532595,56.59711981448946,1.2300027089056726,749.625442531993,894.8288386806414,-145.20339614864838,0.5829587549071261,7.929406299327031,-21.137506791751694,14.209106168128992,19.22367852299189,25.578780059317825,18.46672572944613,0.0033407345273348543,0,0.051698729792434506,0.11709746125348341,0.03957687863436932,0.06218390267900786,0.004626851422793621,0.014674905718599007,0.013965242193011512,1.0508164137634952,0.5173724986129896,0.0033407345273348543,0.0033407345273348543
2023-09-08,44647.6484375,45383.3515625,44207.25,45156.3984375,1000000,44041.30998748491,42365.64842340159,39884.67733160663,60.70200498751753,4.104885173028073,759.7832622692586,867.8197233983649,-108.03646112910631,0.7799208709090085,6.925687315749007,-21.136803210476074,13.877828803613395,19.533407962530028,27.55704634765746,17.04811831665992,-0.017623125460314193,0,0.06587294466044047,0.13217409437873995,0.03955236439052667,0.06220361446496914,0.016209722493025103,0.01589649855915096,0.014259219086739309,1.1148225202552837,0.49417262842141313,-0.017623125460314193,-0.017623125460314193
2023-09-15,45340.80078125,46310.3984375,45231.30078125,46231.5,1000000,44249.89951248634,42517.25044601329,40010.35698840649,65.88779473925939,5.185789751741858,844.8462569378316,863.2250301062584,-18.378773168426733,1.0345193195738955,7.50901235171164,-21.135838427619923,14.192714042131216,20.517422216663647,31.519473588598977,15.76815132436985,-0.042039535408758044,0,0.08735864890188316,0.15548831552280729,0.040751672516384785,0.06265611322421338,0.023808399245746514,0.014914692436755079,0.014043084417608783,1.0620667079415527,0.5011315609740044,-0.042039535408758044,-0.042039535408758044
2023-09-22,46100.94921875,46252.94921875,44548.8984375,44612.05078125,1000000,44284.390109511456,42599.39947876767,40101.479637769735,54.27037107086996,-11.617423668389437,772.6763434936947,845.1152927837456,-72.43894929005091,0.5230414864675117,6.528075032204733,-21.13662576611434,-13.989380668349648,20.55677641081811,28.157613951047605,18.35760948488072,-0.019927351117730696,0,0.047246001753744604,0.11247892058406661,0.039554328261918625,0.062289966942897124,-0.03502912989520135,0.019174435224831112,0.016100209721017132,1.1909431962119663,0.4738225214096451,-0.019927351117730696,-0.019927351117730696
2023-09-29,44615.0,44936.55078125,44182.5,44584.55078125,1000000,44312.97684015322,42677.24854945326,40190.253323779245,54.09594171219951,-0.1744293586704515,705.1338034050495,817.1189949080065,-111.98519150295692,0.4999834069539011,6.3362208928295125,-21.137434228700496,-14.016654686793704,20.15731000672509,26.795643881780467,19.81996860377865,-0.04042994153051016,0,0.04469131203682464,0.1093373913836666,0.0383278760064516,0.061880556104943585,-0.0006164253720333246,0.01867746617849156,0.01506538760678639,1.2397600822482697,0.4059048552451401,-0.04042994153051016,-0.04042994153051016
2023-10-06,44561.5,44566.30078125,43857.5,44360.6015625,903800,44317.51252799577,42743.26239310215,40272.83447702124,52.61290927080382,-1.483032441395686,626.3152510888176,778.9582461441687,-152.6429950553511,0.41229528810127,6.225883770361658,-21.138031362449507,-13.714364482398182,19.40905331602819,25.51419182008168,21.00986464470955,-0.023497236867525806,0,0.03783845871481373,0.10150184705303378,0.03683036920335003,0.06134229060759244,-0.0050230228818225475,0.01788080724138199,0.015105787268376013,1.1837057495715886,0.42758321395695853,-0.023497236867525806,-0.023497236867525806
2023-10-13,44057.80078125,44710.55078125,43796.75,44287.94921875,833300,44314.69697473427,42803.83834704913,40352.34169962973,52.11376831708062,-0.4991409537231988,551.6296997602767,733.4925368673904,-181.8628371071137,0.3797202304654596,6.143665919233777,-21.138581601633497,-13.63315020041758,18.852889970747636,24.92274639183156,19.73256394905328,-0.01056376880173826,0,0.03467237820281088,0.09753108130417076,0.03529726973163583,0.06075227717061815,-0.0016377673248555435,0.01759231033950737,0.015112944231156222,1.1640557968340668,0.3972371739311739,-0.01056376880173826,-0.01056376880173826
2023-10-20,44204.75,44589.8515625,43558.1015625,43723.05078125,787100,44258.34971821195,42839.88589348838,40419.08841411726,48.2785463819389,-3.8352219351417176,441.7658773546064,675.1472049648337,-233.38132761022732,0.1831733599041276,6.254056283393187,-21.139101056434438,-13.57611185461633,18.042420649071023,23.20720806131264,19.966454987168746,-0.0031814239860785687,0,0.0206154817955726,0.08174262450656267,0.033110821729316786,0.059892431382138955,-0.012755127466160476,0.017950193144180802,0.015393229740545314,1.1661096109610138,0.3137727450360495,-0.0031814239860785687,-0.0031814239860785687
2023-10-27,43822.69921875,43831.30078125,42105.3984375,42782.0,910700,44117.74498314415,42837.61585844962,40465.87874255058,42.64784514125967,-5.630701240679237,275.58628605552803,595.2350211829727,-319.64873512744464,-0.0556981250621871,7.128276932547782,-21.13970174581025,-13.721969911611748,17.7125178413834,20.646933657386736,27.049613910289583,0.02307282414333134,0,-0.0012982949058929494,0.05723640087454673,0.02988329530113254,0.058610789870358504,-0.021522989920308988,0.01906276531053438,0.016111806118243154,1.183155083336678,0.29644548320432795,0.02307282414333134,0.02307282414333134
2023-11-03,42721.3984375,43416.1015625,42390.5,43318.25,760400,44041.60260379709,42856.46425615748,40522.361341708,46.47852042081852,3.8306752795588537,185.02579388609595,513.1931757235974,-328.16738183750147,0.1386439883515034,7.443258883811731,-21.13920021780176,13.541601204692864,17.406179519959178,19.28536771034651,25.26582200239727,0.03453392551061052,0,0.010775171303968989,0.06899619286041725,0.027653665980373887,0.05760036772701804,0.012534477116544318,0.018527181439589188,0.016404923200280478,1.1293671548107234,0.2929297320326465,0.03453392551061052,0.03453392551061052
2023-11-10,43627.75,43908.69921875,43283.8515625,43820.1015625,710400,44020.5072665307,42894.25395444542,40587.66312825833,49.854138867654974,3.375618446836455,151.99902815350652,440.9543462095792,-288.9553180560727,0.2846419377331716,7.355673114209988,-21.13873144032605,13.473584878316764,16.54554198773976,21.755074857637105,24.21796754219331,0.07854610817345709,0,0.02158442035238206,0.07964091019547137,0.026256507766317272,0.056829850462151166,0.011585222452430655,0.016162243949482756,0.016543880144393928,0.9769318810593237,0.34314832638590964,0.07854610817345709,0.07854610817345709
2023-11-17,43915.1015625,44420.94921875,43513.8515625,43583.94921875,743800,43978.93030959921,42921.3008275554,40646.99552608986,48.3100772218675,-1.5440616457874723,105.5528107344944,373.8740391145623,-268.32122838006785,0.2377194457432653,7.573684998304039,-21.139222252325887,-13.519528804919634,15.536209119970774,23.86895881095123,22.743327181782117,0.10461653072361887,0,0.015438683786796581,0.07225512377107957,0.024641132995782966,0.055952605402427524,-0.005389132734281321,0.011398479827089431,0.015455385387201644,0.7375086121455326,0.3413391047653694,0.10461653072361887,0.10461653072361887
2023-11-24,43591.5,43806.5,43230.94921875,43769.1015625,552500,43958.946619399285,42954.54791520029,40708.81940799897,49.62736222259167,1.3172850007241692,82.73043065424281,315.64531742249835,-232.91488676825557,0.3112574226398535,7.639789489594982,-21.13885769664832,13.222210522327158,14.561457681555876,22.915520843082454,23.79826612863777,0.0850542932594609,0,0.018963152607444078,0.0751749178434713,0.02338282563657401,0.05516565058528933,0.004248177300792744,0.011661565298053312,0.015460409198185714,0.7542856821294097,0.46728536415503164,0.0850542932594609,0.0850542932594609
2023-12-01,43851.55078125,44951.1015625,43739.80078125,44814.19921875,851600,44040.39924790888,43027.47541730028,40790.11405771681,56.38401890922443,6.756656686632759,147.27646521354472,281.97154698070767,-134.69508176716295,0.6193847597565701,7.638729728357455,-21.138295525608072,13.654873386260988,14.51289208739908,28.857795605397456,21.822579399582335,0.07761046368970503,0,0.04152518324910415,0.0986534422369898,0.02354132611278703,0.05485057865780085,0.023877521332204,0.014746473888673622,0.016438113754042163,0.8970903906202399,0.558330268902669,0.07761046368970503,0.07761046368970503
2023-12-08,45671.5,47303.6484375,45484.19921875,47262.0,1000000,44347.21836715565,43193.53520485713,40918.27021498975,67.41015469983844,11.026135790614012,391.4345151222369,303.86414060901353,87.57037451322338,1.204069389229098,8.922209289563968,-21.137431519049247,14.0839341200614,16.037512139637922,39.04697935130452,18.43524786822609,0.018979306842706656,0,0.09419152138964937,0.15503416326446584,0.026709625799945735,0.055605111797562445,0.05462109831086437,0.02376517769417153,0.019588364495876875,1.213229297380791,0.42271252453267116,0.018979306842706656,0.018979306842706656
2023-12-15,47233.30078125,48219.94921875,46886.8984375,48143.55078125,1000000,44708.77383516463,43387.65346275489,41061.34507768797,70.32016863559022,2.9100139357517776,648.5887816162576,372.8090688104624,275.77971280579527,1.201810467820884,11.312968092426283,-21.136721601884776,13.88671524824229,17.896219182018957,41.48625097347466,16.920651827855313,-0.00900951410856321,0,0.10961407079960428,0.1724786582164446,0.030449223845300244,0.05665446128629137,0.018652422268418567,0.022321546556802668,0.01963018890137129,1.1371029931985712,0.09758186261065381,-0.00900951410856321,-0.00900951410856321
2023-12-22,48068.5,48166.1484375,46919.69921875,47491.8515625,963400,44973.82885681562,43548.60240784293,41188.681839763456,65.65301603738558,-4.667152598204638,790.6841948196525,456.3840940123004,334.3001008073521,0.9891991579863988,12.607371903345287,-21.137358553971907,-13.77822501116817,19.622161435658487,38.31635774120561,15.627773863322112,-0.037705481384388784,0,0.09054823660533606,0.1530315960888915,0.03272726035212581,0.05729536519911682,-0.013536583990473194,0.020712000612300094,0.019655962665760193,1.053726086302528,0.09871539300916231,-0.037705481384388784,-0.037705481384388784
2023-12-29,47576.3984375,48636.44921875,47411.6484375,48292.25,868700,45289.86896569033,43734.6278036138,41329.346555807744,68.42481493191765,2.7717988945320684,956.8513119183845,556.4775375935171,400.3737743248673,1.0236377181868448,14.256296486050507,-21.13678423079027,13.67475427139274,21.45005612430504,38.32247608805071,14.458691810600536,-0.07094516330260037,1,0.10421083761937489,0.1684735913932276,0.035560864243779244,0.05819790169094885,0.016853384552646178,0.020744737977932425,0.019399819683384587,1.0693263296513897,0.0785186023962709,-0.07094516330260037,-0.07094516330260037
2024-01-05,48203.44921875,48450.0,47481.3515625,48159.0,920100,45563.11954038649,43908.132595628944,41464.58721806898,67.44894056344484,-0.975874368472816,1065.5053060906866,658.2830912929511,407.2222147977356,0.9354353356204148,15.289011908393327,-21.1373925256938,-13.73223872560825,23.147386906619683,36.02705658282429,13.592652697526148,-0.04543389151041344,0,0.09681275775308729,0.16144891897088054,0.037692036689401354,0.05893089842445476,-0.0027592419073453334,0.021573225324271056,0.019259698902384843,1.1201226682520846,0.07527626872590891,-0.04543389151041344,-0.04543389151041344
2024-01-12,48096.6484375,48154.5,47010.80078125,47709.80078125,881700,45767.56537284968,44057.21762251605,41588.25481337949,64.12855736250006,-3.320383200944775,1102.6570127802115,747.1578755904031,355.4991371898084,0.8313274722936461,15.866824631701384,-21.137975086680825,-13.689608275247096,24.10736599863703,33.468032155240394,15.538109094815184,-0.04349735203286731,0,0.08290544332666272,0.14719410553147627,0.038821056858105774,0.05936682893320788,-0.009327419978612528,0.02206783498355591,0.019491848724604695,1.1321571029688697,0.07360371608598211,-0.04349735203286731,-0.04349735203286731
2024-01-19,47891.05078125,48305.3984375,45430.69921875,45701.1484375,1000000,45761.23995043543,44121.68549761346,41669.69825148089,51.83936790111972,-12.289189461380346,958.9642084027146,789.5191421528655,169.4450662498491,0.543487894403255,15.7545784913795,-21.13894084683676,-14.195863648877584,23.273644170074345,28.08860877300563,21.87544818454921,0.014960305120888195,0,0.035797883106074346,0.09674776528711337,0.03715983272920664,0.05884341257607795,-0.04210146156257699,0.02919933863018169,0.022042755119341086,1.3246682854341183,0.08776662328868025,0.014960305120888195,0.014960305120888195
2024-01-26,46495.44921875,46580.30078125,44429.0,44866.1484375,1000000,45675.99313967968,44150.88012270704,41732.9942947684,47.74344384968695,-4.095924051432768,768.8463222562059,785.3845781735336,-16.53825591732766,0.4288708427092942,15.786189145945505,-21.139704779012405,-13.962292152655388,21.634396386293407,24.8673312934198,24.70662482344725,0.04336457730955634,0,0.016200544877135847,0.0750761884134532,0.03454320758122931,0.057937032048566595,-0.01827087564641683,0.029270881626617527,0.02219071239480728,1.3190600241147301,0.4315794596840818,0.04336457730955634,0.04336457730955634
2024-02-02,45171.5,46892.3515625,45071.19921875,45970.94921875,1000000,45704.08419482924,44222.2553813754,41816.91419425318,53.03133596221736,5.287892112530408,699.2640370587324,768.1604699505733,-68.89643289184096,0.5851785488764217,15.74369076200512,-21.138659296128235,14.275906303964966,20.36054974541624,23.880899262591505,22.13215322662619,0.02862566993098481,0,0.039543298330077414,0.09933863137772381,0.03350866663571228,0.05752077200026351,0.024624373157170476,0.02248457580555095,0.022237662621213537,1.0111033784684669,0.5417349939381683,0.02862566993098481,0.02862566993098481
2024-02-09,45962.25,46181.19921875,44859.1484375,45634.55078125,1000000,45697.46196496455,44277.63951470381,41892.510958352126,51.32818786730327,-1.7031480949140845,609.9439777209991,736.5171715046586,-126.57319378365946,0.5310490517132052,15.659017668384587,-21.13953292701136,-14.096244296557533,18.993164556798124,22.251652757327523,21.71649136728256,0.048236477894824326,0,0.030645519531265375,0.08932479188507125,0.03206635371312494,0.056934485467411644,-0.007317630878128423,0.02067535101925602,0.020757453333750706,0.9960446826894129,0.5778619476068124,0.048236477894824326,0.048236477894824326
2024-02-16,45664.30078125,46693.3984375,44633.8515625,46384.8515625,1000000,45762.9276409203,44360.275281284055,41981.46819803822,54.81389477104716,3.485706903743889,592.8659995051567,707.7869371047582,-114.92093759960152,0.6238072102411011,15.639583766697283,-21.138633090588435,14.125786212313765,18.15247544445685,22.52051313822193,19.48615437591715,0.004511171060190833,0,0.04563939850188725,0.10488874147254212,0.0316195594085511,0.05666326561101531,0.016441506893462687,0.021894295683051828,0.02102172914104491,1.0415078386821772,0.6206357572599873,0.004511171060190833,0.004511171060190833
2024-02-23,46554.8984375,47363.3984375,46317.69921875,46811.75,906900,45862.81548464218,44456.41154476311,42077.11734263153,56.71340076262484,1.8995059915776764,606.7840856664843,687.5863668171035,-80.80228115061914,0.6664360395984573,15.61033058250543,-21.138034268623866,13.717788572092456,17.894675329381172,24.729832367276064,18.450062077238396,0.0011108322162705075,0,0.05298084963212335,0.11252274291545761,0.031635570461258755,0.056546036240009645,0.009203402040099062,0.021068154464102665,0.02100550522462235,1.0029825152411416,0.6325244885888485,0.0011108322162705075,0.0011108322162705075
2024-03-01,46615.8515625,47342.25,45661.75,47286.8984375,1000000,45998.44243253341,44567.4110307528,42180.28132470813,58.78988668299958,2.0764859203747434,648.6772298308715,679.8045394198571,-31.127309588985558,0.7112361353833617,15.62244505100317,-21.137198064942822,14.050978649168504,17.02697333021181,22.645923339146584,20.184522974053674,-0.0034321742462029015,0,0.06101964067131194,0.12106645457104959,0.03210936800419373,0.056593498930656905,0.01015019599779965,0.021636219999222675,0.02103680036358652,1.0284938595830246,0.6200141645614531,-0.0034321742462029015,-0.0034321742462029015
2024-03-08,47318.5,48161.25,47191.6484375,47835.80078125,783000,46173.42894193498,44695.58317783111,42292.27180899608,61.11078020745454,2.3208935244549598,717.8942422265463,687.422479981195,30.47176224535133,0.760914309426361,15.452538010847414,-21.136680332119955,13.570889252111332,16.85137220832823,25.721837660804717,19.18025099995365,0.013739709365492958,0,0.07025789530309634,0.13107664202315905,0.03306469362361697,0.05682625373470285,0.011607915974347405,0.021898172558239233,0.02074999473407796,1.0553338850865157,0.6154882211299533,0.013739709365492958,0.013739709365492958
2024-03-15,47792.19921875,47853.80078125,46310.5,46594.1015625,1000000,46213.49300103641,44770.03487919068,42377.456556590216,53.73788615664226,-7.372894050812277,664.8900351465054,682.9159910142572,-18.025955867751804,0.5650422606006744,14.03815384351326,-21.13750388404399,-14.035208981635362,15.887686908698806,23.70052810544533,22.159725391511724,0.04228967085258417,0,0.04074302573655486,0.09950207842886805,0.03224161262641001,0.056458752294523684,-0.025957529684267455,0.0177598500512735,0.021066331753768444,0.8430442593830573,0.6468089664884851,0.04228967085258417,0.04228967085258417
2024-03-22,46458.75,46990.25,45828.80078125,46863.75,831400,46275.42223903294,44852.14135451653,42466.29405051912,55.00737156470476,1.2694854080624935,637.2958447259953,673.7919617566048,-36.496117030609526,0.5864134300928173,12.832234112904125,-21.13695430766836,13.630867508590423,14.914943390137994,22.281442873280152,23.316179526811283,0.015158804779813906,0,0.0448497794025815,0.10355167663675902,0.03173272984374664,0.056182140620962384,0.005787179674197729,0.015638863245594416,0.02098454129638645,0.7452563782410359,0.7092125870481716,0.015158804779813906,0.0
2024-03-29,46552.94921875,47440.44921875,46529.05078125,47124.6015625,804800,46356.29646031551,44941.25744110412,42558.53776362765,56.25786785119018,1.2504962864854292,629.2225057101969,664.8780705473232,-35.65556483712635,0.6107440896529197,11.833775491807112,-21.13642202671525,13.598350320871573,14.067109700671834,23.587364707328152,22.19322145559564,0.02284261687225797,0,0.04858217695081568,0.10728901975515481,0.03148641359369653,0.05598687837233074,0.005566169213944594,0.013645769644794073,0.020915337544119464,0.6524288511246477,0.6954314806953567,0.02284261687225797,0.02284261687225797
2024-04-05,47391.05078125,48557.3984375,47279.80078125,48493.05078125,1000000,46559.79687183308,45080.54345444318,42676.0528728875,62.19421427287477,5.936346421684583,724.890653495997,676.880587137058,48.01006635893896,0.8424815936116679,10.81877199322132,-21.04279963985009,18.72149028046384,14.124162093232275,27.68631097059668,20.5200316637922,0.008877560662082562,0,0.07569800772822055,0.13630590264963538,0.03281356665286839,0.05634285318554544,0.02903895573387638,0.015567066020824437,0.021522967092921803,0.7232769512500874,0.6486410823493557,0.008877560662082562,0.008877560662082562
2024-04-12,48586.75,49057.3984375,48424.6484375,48564.55078125,866100,46750.72581558707,45217.17119274933,42792.656791864974,62.48072164690509,0.2865073740303216,797.2871720917537,700.9619041279972,96.32526796375656,0.8487643843943515,9.5431283962415,-21.042170230864848,13.671756808919556,14.514708634955372,29.46320527683613,19.809741375389294,-0.023544935562164526,0,0.07402894741538879,0.1348804776823831,0.03391531540751602,0.05665725343197825,0.00147443806582781,0.015266988771914331,0.021540862393415582,0.708745476066966,0.5248097968374481,-0.023544935562164526,-0.023544935562164526
2024-04-19,48057.5,48255.5,46579.05078125,47574.1484375,734200,46829.147017674026,45309.60167293563,42887.33979474884,56.13473028095392,-6.345991365951164,765.9157427483515,713.9526718520681,51.9630708962834,0.6081240398966857,8.55267492426611,-21.042703811538388,-13.50653811207064,13.622768546188045,26.377757867015887,27.469537295868047,0.011382232111025292,0,0.049979401295797254,0.10928186884944102,0.03353693894082621,0.05647964853449294,-0.02039352424386842,0.017728387053030297,0.021818433234999976,0.8125417101257003,0.5863303519203227,0.011382232111025292,0.011382232111025292
2024-04-26,48145.69921875,48679.6484375,47628.44921875,48201.05078125,976500,46959.80451896698,45422.991834046,42992.56179448153,58.97509397182285,2.84036369086892,782.6179068069614,727.6857188430467,54.93218796391466,0.7455907502925604,8.766300982904038,-21.041994076565857,13.791731053363886,12.81698443703896,27.086125678262285,25.84655296417353,0.015987154714680152,0,0.061159752694267766,0.12114860732576815,0.033833365502117685,0.056531407716123416,0.013177373938150216,0.01795418162478658,0.018375977849784154,0.9770463249114915,0.5226035092745679,0.015987154714680152,0.015987154714680152
2024-05-03,48359.8984375,49974.75,48342.69921875,48923.55078125,1000000,47146.82797251774,45560.26865550499,43110.00712095219,62.02686693187935,3.051772960056504,844.4202529291579,751.032625660269,93.38762726888888,0.8922603008726148,9.17374479819797,-21.04108853336806,14.034566566646928,12.929813348961774,31.340715133831388,23.45237852729838,0.00123454729952166,0,0.07382050688014608,0.1348536928789401,0.03482330907680131,0.05683741892406058,0.014989299782673049,0.018235809707107517,0.01820980553623865,1.00142803122291,0.42001953529357716,0.00123454729952166,0.00123454729952166
2024-05-10,49174.55078125,49252.6484375,47313.3515625,47421.1015625,1000000,47172.94926680177,45633.242494994985,43195.37532771551,53.16933916479293,-8.857527767086417,763.3643727208473,753.4989750723846,9.865397648462704,0.5463019317636502,9.167953986516372,-21.042069253099825,-14.114355839296593,12.253748286415076,28.25857473475532,26.36589029491115,0.05023286211752054,0,0.03917887420998212,0.09782820968042683,0.03374090219373871,0.05643815220457782,-0.030710142554203457,0.019355499983021298,0.019301662738113852,1.002789254254305,0.5686717650779358,0.05023286211752054,0.05023286211752054
2024-05-17,47389.80078125,48188.6484375,46983.25,48115.6484375,925400,47262.7301402016,45730.59174764224,43292.80647840431,56.277637801957376,3.108298637164445,746.565193096445,752.1122186771968,-5.547025580751779,0.7103479390438462,9.10113794383652,-21.041396243801287,13.737982436068242,11.389867048605394,26.51324528948432,26.42884978902172,0.0392045337381306,0,0.05215451186416642,0.11140053859759491,0.033503576796343415,0.0563092455198988,0.014646367378973624,0.019826879604170296,0.019206939155928464,1.0322768996771918,0.5217344258404983,0.0392045337381306,0.0392045337381306
2024-05-24,47927.1015625,49052.94921875,47435.25,48971.6484375,691200,47425.48426375383,45857.6920099896,43405.25879442601,59.81749951848607,3.5398617165286907,793.1804775149649,760.3258704447505,32.85460707021434,0.8825528078634447,9.510622703806272,-21.040893263860543,13.446185943230196,11.17702949348716,28.718874510598525,24.26302215021628,0.054925673671835984,0,0.06790477869736788,0.12824228671086302,0.034188206711813995,0.05650083155081953,0.017790469998796743,0.020471758922473878,0.019597616767129112,1.044604513177896,0.523164092213904,0.054925673671835984,0.054925673671835984
2024-05-31,49105.8984375,49688.8515625,48313.6015625,48983.94921875,1000000,47573.90949756299,45980.29033190178,43515.72791173936,59.86778231837275,0.0502827998866806,821.6445891389958,772.5896141835996,49.05497495539623,0.8526815846215411,9.994204069807692,-21.04015062956072,13.835216121726411,11.381435602086878,29.94161181394927,22.56969859550973,0.06855920836951457,0,0.06532492216049013,0.12566080287342407,0.0346587451744631,0.05663612993355316,0.00025118168659776785,0.01802709689920205,0.019447880843814904,0.9269440225378225,0.47990129887944266,0.06855920836951457,0.06855920836951457
2024-06-07,50889.8515625,51133.19921875,46077.8515625,49803.19921875,1000000,47786.22280434271,46130.20832746445,43640.2322940564,63.173120166900375,3.3053378485276284,899.9353365465577,798.0587586561912,101.87657789036643,0.9605427353436994,10.426659330433957,-21.03863890113422,14.544893713312776,11.103300823652672,23.460068964433965,27.257577440532373,0.05736885157117233,0,0.07962224807683715,0.14122213839665942,0.035898699288819946,0.057056892287605354,0.016724866268773786,0.018824416188815748,0.01677070960639286,1.1224579418893539,0.42669953353852014,0.05736885157117233,0.05736885157117233
2024-06-14,49808.1484375,50252.94921875,49530.44921875,50002.0,816700,47997.24920392912,46282.04329501487,43766.207892193896,63.94905573849648,0.7759355715961078,966.8773196402616,831.8224708530054,135.05484878725633,0.9659652300536112,9.989448918773665,-21.0380429273152,13.613028333785437,10.845032815106622,22.703636510677715,26.37870039127684,0.04553614730410782,0,0.08037580971248559,0.14247960717013175,0.03705985705905501,0.057483513513851836,0.00399172712533602,0.016234061131692658,0.015900115525828255,1.0210027156923445,0.21767134886157788,0.04553614730410782,0.04553614730410782
2024-06-21,50194.3515625,51957.0,49900.19921875,51661.44921875,1000000,48346.22063391206,46493.00039006331,43922.54930460095,69.68993228098749,5.740876542491009,1140.6839127947023,893.5947592413448,247.0891535533575,1.1470429209524966,11.57245645402981,-21.03720327659271,13.95509944188742,10.633449111089757,28.11426302439109,24.005717433133903,0.011694452108608866,0,0.11116617093594394,0.17619423363794562,0.03986019891813286,0.058522356424177246,0.03318765686872527,0.018777276061107306,0.016542970396379312,1.135060730400449,0.07457693779737956,0.011694452108608866,0.011694452108608866
2024-06-28,51280.25,53180.75,51138.8984375,52342.25,1000000,48726.79485925377,46722.38272770788,44089.27605104449,71.68226058949881,1.9923283085113184,1318.16681690095,978.509170773266,339.6576461276841,1.1310042235187676,12.915422379502198,-21.036346395484166,13.974564340769724,11.09218799134497,30.90594549047832,21.899549365663344,-0.0199896026871218,0,0.120282120564013,0.1871877855150219,0.04290046899421518,0.059722157234219475,0.013178120078809474,0.01870357716210735,0.016308873021142697,1.1468344341059113,0.06847205029096165,-0.0199896026871218,-0.0199896026871218
2024-07-05,52351.1484375,53357.69921875,51996.6484375,52660.3515625,363300,49101.41930718199,46955.244250640906,44259.00031859807,72.58889254338953,0.9066319538907236,1467.5741534012775,1076.3221672988682,391.2519861024096,1.065302703585399,14.339347872845844,-21.036080718502493,12.80298697075161,11.608625473669605,29.845075323953747,20.60200372960362,-0.024880257843417186,0,0.1215009612431357,0.18982243574018542,0.045706823397299035,0.06091967537978604,0.006077338335665816,0.010269822675847936,0.01615728095845989,0.6356157760858083,0.1090866244278915,-0.024880257843417186,-0.024880257843417186
2024-07-12,52533.1015625,52794.55078125,51749.44921875,52278.8984375,840400,49404.03636721228,47164.01500306675,44417.8101823387,69.70680176396283,-2.8820907794267043,1537.4773825294396,1168.5532103449823,368.9241721844571,0.9445983599705154,15.123947596028149,-21.036695185878934,-13.64163443786184,11.898380106272771,28.451099111296223,20.744512861667165,-0.03432357014264986,0,0.10844885521516057,0.17698054503116878,0.04749428911003184,0.0618266593840322,-0.007243649418999243,0.012510536783078018,0.01642813959742883,0.7615309517479413,0.1359413348297543,-0.03432357014264986,-0.03432357014264986
2024-07-19,52330.05078125,52782.75,52146.30078125,52265.6015625,618400,49676.56638581111,47364.07722108375,44573.21199184684,69.60305873997308,-0.1037430239897503,1573.663040592481,1249.5751763944822,324.08786419799844,0.8907347851894202,15.758670626762784,-21.037147094586707,-13.334892393330367,12.167437979404289,27.605492958260136,20.127957147986592,-0.03345801201405618,0,0.10348611498408689,0.17257875811283752,0.04882369298431022,0.06261306072686468,-0.00025434497277898593,0.012633328959692172,0.016443421948901697,0.7682907486623238,0.1770756782033665,-0.03345801201405618,-0.03345801201405618
2024-07-26,52145.6015625,52547.55078125,50438.30078125,51295.94921875,1000000,49830.79332228148,47518.26827981576,44706.33550129047,62.31927133543939,-7.28378740453369,1506.7289613331304,1301.005933382212,205.72302795091852,0.7407577872076219,15.879663374380746,-21.03793539966814,-13.891916815606866,11.43937875475611,24.95803838107694,25.96354037374997,-0.0070668348187520325,0,0.0794995498718305,0.14739776015122774,0.04866602101002915,0.0628978588156508,-0.018552399948759346,0.015707087802347683,0.017185890353513998,0.913952520308967,0.2621855766222845,-0.0070668348187520325,-0.0070668348187520325
2024-08-02,51546.6484375,52340.25,51087.8515625,51350.1484375,1000000,49975.49380944515,47668.53808992102,44837.89615349264,62.555146777405405,0.2358754419660158,1441.4406151318326,1329.092869732136,112.34774539969658,0.7252019396934115,15.253004632381897,-21.036995190108797,14.068058336467123,10.763323760439944,23.515941227794716,24.463344441264294,1.6583447680407204e-05,0,0.07723354848084618,0.14523991629121258,0.04839577238916637,0.06313056988085042,0.001056598417135568,0.015129096898603794,0.015737979558550313,0.9613112561443303,0.39407460145485046,1.6583447680407204e-05,1.6583447680407204e-05
2024-08-09,50586.25,50747.55078125,49659.05078125,50484.5,836600,50023.97058949799,47778.967968747646,44949.71009104724,56.47450936423515,-6.080637413170251,1304.8075270523914,1324.2358011961871,-19.42827414379576,0.5920515976367922,14.359753613423168,-21.03760632097804,-13.637102533303889,11.03801839526624,21.69322505508687,29.1159642363282,0.001829305281819238,0,0.0566260039987061,0.12313293896093747,0.04698725644762369,0.06294273916271398,-0.01685775920499255,0.016818450552625267,0.016474874780805657,1.020854530088441,0.4057773343195855,0.001829305281819238,0.001829305281819238
2024-08-16,50412.6015625,50830.69921875,49654.6484375,50516.8984375,580200,50070.91609883152,47886.33779105166,45059.95144444234,56.64437234363759,0.1698629794024313,1185.473700613482,1296.4833810796465,-111.00968046616435,0.5774883021439681,13.45875742004622,-21.037182528339105,13.27112987421156,11.22749537506847,20.89093436155345,27.518526543804235,0.028132216895862427,0,0.05493342710663307,0.12110414721120866,0.04562007471342033,0.06272501980154543,0.0006417501906526013,0.010907315400453641,0.016484780763190793,0.6616597185695554,0.3192163219655511,0.028132216895862427,0.028132216895862427
2024-08-23,50683.55078125,51117.8515625,50283.55078125,50933.44921875,661900,50153.06211025233,48005.83235684375,45176.25833106229,58.86703546694291,2.222663123305324,1111.6979877982303,1259.5263024233632,-147.82831462513286,0.6230958169621328,13.22577529152668,-21.036698840552347,13.402871276908108,11.168433349867994,21.43513058927774,26.411477878849592,0.05614679633648789,0,0.06098460787314908,0.12743841788528965,0.044728518348509994,0.06263409432993927,0.008245771101037747,0.009978576795109356,0.015417833966578635,0.647210030717674,0.30029576803267677,0.05614679633648789,0.05614679633648789
2024-08-30,51100.6484375,51466.55078125,50938.1015625,51351.0,962000,50267.15143308544,48137.0154016734,45298.53044331849,61.024039811666654,2.157004344723745,1074.5364746917112,1222.5283368770329,-147.99186218532168,0.667026291738,13.034697576108591,-21.03599543534083,13.776770769148342,10.826039241796058,22.619682901379505,25.700023518249104,0.0483593460935523,0,0.06676742568079685,0.13361293396161922,0.04425151857956666,0.0626617448861102,0.00819796789054461,0.010288472376152805,0.015465890723171914,0.6652363294367525,0.30714249074606736,0.0483593460935523,0.0483593460935523
2024-09-06,51579.5,51750.1015625,50447.30078125,50576.8515625,752700,50296.64668350588,48232.69525111758,45403.0516535993,55.24020459164959,-5.783835220017068,971.4204682727432,1172.3067631561748,-200.88629488343167,0.5279740475832098,12.047252712369689,-21.036545844499468,-13.531423349572291,10.858377181117342,21.12225036057656,26.492622548583327,0.017502062532621654,0,0.04860098112240796,0.11395269085377757,0.04279154257589379,0.062322762335600856,-0.015075625352962918,0.011081602390097178,0.015085241377094482,0.7345989442982032,0.3701794860917236,0.017502062532621654,0.017502062532621654
2024-09-13,50549.25,51994.1015625,50369.3984375,51938.05078125,716700,50452.97088329103,48378.00331112277,45532.45757691912,62.05099456780072,6.810789976151135,988.1469482918036,1135.4748001833009,-147.32785189149695,0.7295190851125749,11.575932002126208,-21.036021767110284,13.482414017264976,10.671590981523138,20.623855662221292,24.32952972074406,-0.014743525959900694,0,0.07358814391805901,0.1406819123151819,0.04289072367918911,0.06249488575038131,0.026913482684225665,0.015643471381483504,0.015857608334660614,0.9864962642122355,0.3628674889648347,-0.014743525959900694,-0.014743525959900694
2024-09-20,52038.69921875,54066.1015625,51921.44921875,53793.19921875,847100,50771.08786762045,48590.36393495129,45696.03661933161,68.9789820923304,6.9279875245296765,1137.979855591169,1135.9758112648744,2.0040443262948884,0.9714549963695024,12.332916176541865,-21.035401982076767,13.649575210917115,10.86414683438621,28.526540600765404,21.79929806975152,-0.03158391812859129,0,0.10707545411192698,0.17719616838701735,0.04487976125448534,0.0633386947697614,0.03571848403232192,0.01832311366734217,0.017240452095709083,1.0627977483202165,0.3227693180882812,-0.03158391812859129,-0.03158391812859129
2024-09-27,53917.8984375,54467.3515625,53741.3984375,53834.30078125,928800,51062.82243082327,48796.00851715908,45857.19036511217,69.11351839499449,0.1345363026640882,1245.6806357477471,1157.916776161449,87.76385958629817,0.949100705146795,11.648854733861318,-21.03472197903761,13.741649786023292,11.290300721961714,29.503452999190245,21.003055468026403,-0.05659684473065896,1,0.10325213920559095,0.1739554986388081,0.0464549044593896,0.06408631075406546,0.0007640661477088528,0.018334916062870098,0.015126049401248712,1.2121417546974613,0.32028310949019306,-0.05659684473065896,-0.05659684473065896
2024-10-04,53556.94921875,53726.3984375,51347.25,51462.05078125,947600,51100.84417848296,48900.55919418226,45968.1777000852,54.438559988110185,-14.6749584068843,1126.6264819017888,1151.658717309517,-25.032235407728194,0.5259690786170058,10.26082313794308,-21.03541574136144,-13.761688806563804,10.987085658697607,25.99971057945092,29.940887876837152,0.004116580140781867,0,0.05238164203595619,0.11951470247546081,0.04499508841122779,0.06379155408833226,-0.04406577155407643,0.0246358690169719,0.01872490271042028,1.3156740730760759,0.2910354202880762,0.004116580140781867,0.004116580140781867
2024-10-11,51543.19921875,51784.80078125,50194.30078125,51172.30078125,1000000,51107.649569222674,48989.64709955746,46071.22964228648,52.95943493880719,-1.4791250493029937,997.3974271005136,1120.8064592677165,-123.4090321672029,0.4453089907761667,9.349964704247856,-21.03616562873003,-13.840204146163924,11.341791923559146,24.03400205281697,33.15779405365338,0.007599784093399453,0,0.04455336608685756,0.11072140202399772,0.04323367476726214,0.0633457687135901,-0.005630362482669793,0.024808742487247255,0.01851763418406522,1.3397360721487659,0.29664149666836154,0.007599784093399453,0.007599784093399453
2024-10-18,51263.25,52199.44921875,51000.8984375,52094.19921875,569300,51201.60667870146,49111.39424148659,46190.49636657289,56.96584890640967,4.006413967602477,958.3249953946652,1088.3101664931062,-129.985171098441,0.6177285675825442,8.287626491080017,-21.03574919974146,13.252164571480751,11.37476427212877,24.64457208098635,31.24096868413791,-0.036753582283896025,0,0.06073549780722165,0.12781206777525567,0.0425606413643449,0.06323590575284443,0.01801557529025133,0.025400084706023573,0.01883432089856353,1.348606347041735,0.2960195051234539,-0.036753582283896025,-0.036753582283896025
2024-10-25,52361.1015625,52577.5,50382.1015625,50787.44921875,1000000,51162.16311108704,49177.12188765378,46281.52513592293,50.41180091594485,-6.554047990464817,812.5494435408618,1033.1580219026573,-220.60857836179548,0.2881860194977809,7.794744898432173,-21.03648143734451,-13.816710837340697,11.7480004680146,22.121899281626277,30.928264071583456,0.006851086717336807,0,0.03274545701912057,0.09735902327319046,0.04036513621045423,0.06256485159524994,-0.025084366773981737,0.027114492189612958,0.01956622355113552,1.3857805579472373,0.28444727261067965,0.006851086717336807,0.006851086717336807
2024-11-01,51061.3515625,52354.8515625,51012.55078125,51673.8984375,1000000,51210.89980884065,49275.034693530106,46388.30480526109,54.2565662821089,3.8447653661640473,759.7919039141998,978.484798304966,-218.69289439076613,0.4866797965477181,7.219682879385632,-21.035427231682828,14.180987351722058,12.094576935622868,20.507867885877385,28.671713284870066,0.007386768495155627,0,0.04868314672713714,0.11394237522642658,0.03928693561254315,0.0622296913066247,0.017454100026404573,0.027150749841383603,0.019897486699692882,1.3645316240770586,0.2869167938041483,0.007386768495155627,0.007386768495155627
2024-11-08,51764.5,52493.94921875,50865.44921875,51561.19921875,1000000,51244.26165740345,49364.68820432304,46490.73835800344,53.686651982782045,-0.5699142993268538,700.8088009569692,922.9495988353668,-222.1407978783975,0.4578690723393503,7.224941107312427,-21.03623363947424,-13.912910371145044,12.504401505219525,18.960046245606843,27.189486772846816,0.03778618051500837,0,0.044495591774741605,0.10906389185952081,0.03807526232720737,0.06181768558263512,-0.0021809699317791864,0.025382612673165106,0.01848588965861276,1.3730803949345816,0.09373319973397364,0.03778618051500837,0.03778618051500837
2024-11-15,51562.69921875,52177.69921875,49904.3984375,50179.55078125,633100,51142.86062157931,49396.64359949665,46563.78414856278,47.148084242546936,-6.538567740235109,536.393573700363,845.638393808366,-309.2448201080029,0.134879179310485,7.593592869286852,-21.0366965015629,-13.358385246060273,13.43754607028121,17.027998605858848,28.726773346898543,0.06784138054245048,0,0.01584940037831495,0.07765190692300772,0.03535092457375888,0.06083825665662346,-0.026796282057721554,0.02199145894998474,0.01914292929701458,1.1488032269656034,0.04230919964731852,0.06784138054245048,0.06784138054245048
2024-11-22,50312.44921875,51271.5,49787.1015625,51135.3984375,785300,51142.14993738128,49464.83006373208,46654.3111641853,51.54483823582146,4.3967539932745225,477.7154329158439,772.0538016298617,-294.33836871401786,0.3954920301624471,7.405599627612893,-21.036122333459748,13.573822362760856,14.369027056198757,15.88941575550892,27.33431657308532,-0.007356923584154851,0,0.03377285177398792,0.09604872864899683,0.03390934268829149,0.0602413545375482,0.019048549486161637,0.02394787026431571,0.01964182662373563,1.2192282684837754,0.06110190149934936,-0.007356923584154851,-0.007356923584154851
2024-11-29,52046.3515625,52760.19921875,51759.44921875,52055.6015625,1000000,51229.14533024974,49566.4289460367,46761.26740969649,55.39219119643423,3.847352960612767,499.7049971682427,717.584040737538,-217.87904356929528,0.6406402176178305,7.348961084250676,-21.03536524093148,13.849719695663858,13.940648124931958,21.42263362129315,25.33724028053861,-0.014298188070237972,0,0.05021892174587106,0.11322050162621689,0.033545212345703845,0.05998899712796324,0.017995422996942345,0.019563316457020856,0.020045431282033323,0.975948892382047,0.15143117580321383,-0.014298188070237972,-0.014298188070237972
2024-12-06,52087.6484375,53888.30078125,51693.94921875,53509.5,869700,51446.32196546405,49721.05918344703,46894.89577782132,60.70144637139553,5.309255174961301,627.2191465435681,699.511061898744,-72.29191535517589,0.9668217084606262,7.990594734085846,-21.034728497195967,13.675904753398973,13.1566511922267,24.303001733740743,22.903475519539807,-0.04710750836300093,0,0.07619388803797245,0.14105168830137416,0.03469883406247676,0.060265906528836455,0.027929721180042222,0.021310871962457498,0.020996380484629002,1.014978366297883,0.22067820236167499,-0.04710750836300093,-0.04710750836300093
2024-12-13,53380.75,53775.1015625,52264.55078125,53583.80078125,584600,51649.89137649128,49872.53924610597,47027.349342245645,60.9571917239129,0.2557453525173727,725.902725936845,704.7893947063642,21.113331230480757,0.9222605778801848,8.630647144766277,-21.034300259115447,13.27868484222915,12.42865404042896,22.687457260826317,21.38096469180313,-0.09050594159134351,1,0.0744149303653876,0.13941783942125263,0.035637891257443544,0.06050074996050081,0.0013885530840318516,0.020752556942293755,0.0204664734974165,1.0139781504084409,0.2207360421682612,-0.09050594159134351,-0.09050594159134351
2024-12-20,53502.5,53738.8984375,50609.3515625,50759.19921875,725600,51565.06355194449,49907.31022542535,47101.24735960217,48.13317229388795,-12.824019430024949,569.6221837129124,677.7559525076738,-108.1337687947614,0.2988381106483797,8.763859314372358,-21.03483175673341,-13.494755555951905,12.440462978911505,19.757144416296597,25.450598095627697,-0.04370828717546971,0,0.017069423086052193,0.0776614647000875,0.033216643394149425,0.05957512853958713,-0.05271372170912492,0.02744942015002542,0.02389459628440431,1.14877103690349,0.286627230742814,-0.04370828717546971,-0.04370828717546971
2024-12-27,51044.3984375,51740.0,50951.80078125,51311.30078125,392300,51540.89566902121,49962.36867859494,47184.61475409024,50.33263596234346,2.199463668455508,484.7310324410282,639.1509684943447,-154.41993605331652,0.4092807133653832,8.52994750175398,-21.03454443443084,12.879784681263985,12.45142842178815,18.931856668020814,24.387485615805595,-0.057365530695639766,1,0.026998962185573294,0.08745829649487669,0.03159431852762706,0.05886990789225233,0.010876876920786094,0.02695510232664171,0.02368725964701384,1.137957819026982,0.2811277755134574,-0.057365530695639766,-0.057365530695639766
2025-01-03,51255.3515625,51979.75,50485.05078125,50988.80078125,785300,51488.31520351919,50002.62091791475,47259.94517046964,49.02484373954199,-1.3077922228014671,386.97037509193615,588.7148498138631,-201.74447472192696,0.3275397452263957,8.3639784591963,-21.03511950896777,-13.573822362760856,12.755613960823796,17.717251142089747,24.826287496411627,-0.02748841982993666,0,0.01972256344230794,0.07890097200346169,0.02971232824062131,0.05803383261559247,-0.00628516516030031,0.027029391657453963,0.023744609968073597,1.1383379930770394,0.23957757040580988,-0.02748841982993666,-0.02748841982993666
2025-01-10,50990.6484375,51026.1015625,48631.19921875,48734.1484375,698400,51226.013606755456,49952.87689907495,47289.13731437123,41.00353976004919,-8.0213039794928,126.10904205384576,496.1936882618597,-370.0846462080139,-0.0756530954695527,9.727867628745026,-21.035630669013194,-13.45654871535072,14.035501312167172,15.951380067964294,30.06710810007835,0.02923418528236188,0,-0.024397563007978018,0.030556935592259693,0.025486754451655713,0.05632878364846383,-0.04421857955480879,0.029943159465886705,0.02568964190544377,1.1655732522897329,0.23427763875850097,0.02923418528236188,0.02923418528236188
2025-01-17,48264.25,49459.0,47898.3515625,48540.6015625,743100,50970.26007873112,49897.493552542604,47313.918784631205,40.39256752016132,-0.6109722398878787,-95.14627205922444,377.9256961976429,-473.0719682568673,-0.0167568802807137,11.065468554286262,-21.03617425830648,-13.518587249858555,15.55385695968383,14.908580366104434,31.171320248406204,0.011512994035115964,0,-0.027193590167285286,0.025926467504256978,0.021499407080615818,0.05460496264686099,-0.003971483676342813,0.028569037230320175,0.025582086917991492,1.1167594466356068,0.28023390697981326,0.011512994035115964,0.011512994035115964
2025-01-24,48834.1484375,49650.6015625,48074.05078125,48367.80078125,724000,50722.406812304354,49837.50560072721,47334.7877350593,39.82205132512164,-0.57051619503968,-281.19484233803087,246.1015884905081,-527.296430828539,0.020889432677907,12.213907263099086,-21.036703591607814,-13.49254805258237,16.785830487921963,14.725630622364005,29.101620379529404,0.01268195840191666,0,-0.029489935376215137,0.02182354871796721,0.017755728359812428,0.05287269649704651,-0.0035599225326349293,0.02693920051716898,0.02541308381834907,1.0600524009493884,0.3195037180824834,0.01268195840191666,0.01268195840191666
2025-01-31,47881.6484375,49674.80078125,47844.1484375,49587.19921875,1000000,50614.291803394415,49827.68966417908,47379.38994265713,45.65527377587244,5.833222450750803,-326.4809426437787,131.58508226365075,-458.06602490742944,0.2407124353614924,12.560960127667531,-21.03584160006369,13.980008378165644,18.041350373072078,13.596697522557587,27.833349789416506,-0.0250568699094863,0,-0.004826441824814731,0.046598516333050455,0.0157864461410262,0.051674361457273,0.025210954763374316,0.02642154924880971,0.025314075033521264,1.0437493455250455,0.2912506064405496,-0.0250568699094863,-0.0250568699094863
2025-02-07,49074.80078125,50641.75,48906.05078125,50158.8515625,764700,50570.91654235685,49840.676405289705,47434.428786614415,48.190694118341625,2.5354203424691875,-312.6390286509122,42.74026008073815,-355.3792887316504,0.3488776794340247,11.867590873114574,-21.03528201944152,13.547240186733829,18.29318416157812,16.653943105464137,25.812743306244524,-0.03312180224919803,0,0.006383845087153173,0.05743555568343628,0.014651489300206322,0.05072787172161153,0.011528224073075855,0.027230623090995647,0.023958366871511264,1.1365809379676626,0.23272403151885096,-0.03312180224919803,-0.03312180224919803
2025-02-14,50052.5,50155.6484375,48719.75,49099.44921875,611100,50430.77679725144,49811.60867248423,47467.39948824087,44.08577443744968,-4.104919680891946,-382.7421145835542,-42.35621485212032,-340.3858997314339,0.1967550886372022,11.27802765497505,-21.03572922610302,-13.323017527275058,18.635588702894623,15.640129162024422,25.02945387406238,-0.021162167759169237,0,-0.014297057909065769,0.0343825393449968,0.012430197322842895,0.04938566699496749,-0.021120944972791933,0.021486799940958253,0.024264895144060585,0.8855096967611527,0.29024661011220215,-0.021162167759169237,-0.021162167759169237
2025-02-21,48880.3984375,49628.25,48525.6015625,48981.19921875,543200,50292.7217897751,49779.0435958672,47497.37572052817,43.63894616997804,-0.4468282674716377,-442.7374996922299,-122.43247182014224,-320.30502787208763,0.2074014953587351,11.677939113351714,-21.036126575308923,-13.20523469616749,19.070466281105613,14.892085398793592,24.67447135157418,0.032917764126175086,0,-0.016027716072541054,0.031240115389796763,0.01031916559261803,0.04803776715505781,-0.0024083773215697324,0.020675918432319994,0.02238792020494818,0.9235301110171994,0.2982263845665705,0.032917764126175086,0.032917764126175086
2025-02-28,48619.80078125,48972.55078125,48078.69921875,48344.69921875,676800,50107.195830629855,49722.794796764574,47514.15440366128,41.2173370833865,-2.4216090865915447,-535.471918228177,-205.0403611017492,-330.4315571264278,0.1435903485073008,12.360849614597214,-21.036621431714888,-13.42513256481443,19.743755760318034,14.289659839778183,25.67947071988119,0.06660817826540733,0,-0.027715569562156706,0.017479945197650837,0.007730881488791308,0.04648384088538249,-0.012994781878601813,0.020842945947556927,0.022507103063119583,0.9260608035207533,0.3721059011689282,0.06660817826540733,0.06660817826540733
2025-03-07,48478.6015625,48839.1015625,47841.30078125,48497.5,661500,49953.89146580797,49674.74402042087,47533.62659368778,42.04872673737161,0.8313896539851129,-589.8356092523172,-281.9994107318628,-307.83619852045445,0.2008906143108908,12.57453964688835,-21.036137764928167,13.4022667742518,20.51130437991412,13.633028616249923,25.592746336460674,0.06196606461673282,0,-0.023699045533821295,0.020277716542676183,0.005619504456275459,0.045044268240568286,0.0031606522270126725,0.014270488473991894,0.022031248427986896,0.6477385301444698,0.3915113530551608,0.06196606461673282,0.06196606461673282
2025-03-14,48312.0,48599.1484375,47702.8984375,48060.3984375,735400,49773.5587964453,49611.43635050241,47544.05771930783,40.29311811917027,-1.755608618201336,-660.5749720575259,-357.71452299699547,-302.8604490605304,0.1692387287905452,13.211327303942925,-21.03667545041169,-13.508171207652572,21.30941695362417,13.052833012428952,25.1607662350619,0.06121366490179758,0,-0.03126371714062859,0.010860257684368602,0.0032678442284457265,0.043483428431793536,-0.00901286793133671,0.014553214943237754,0.02148254809001068,0.6774436106117669,0.3784589775932297,0.06121366490179758,0.06121366490179758
2025-03-21,48219.55078125,50672.1484375,48196.1015625,50593.55078125,756700,49851.65327118861,49649.950641904274,47604.44372053441,52.63533013586807,12.342212016697792,-506.3947990039669,-387.45057819838974,-118.94422080557716,0.5599718135422665,12.98896723231614,-21.036122187188766,13.536723474209426,20.00785619001825,20.866682712495606,22.196280228160344,0.07306560580187593,0,0.019005056946609145,0.0627905049844375,0.004062494054406951,0.042968823107736975,0.05270768504019441,0.02384958281574007,0.0244502086217797,0.975434736965614,0.42842833209772946,0.07306560580187593,0.07306560580187593
2025-03-28,50982.69921875,52063.94921875,50795.8984375,51564.8515625,1000000,50014.81501321826,49725.04479565313,47682.86763819709,56.36033727213756,3.7250071362694896,-302.3448028195125,-370.4294231226143,68.08462030310176,0.7088788684278973,12.990134200225516,-21.035313347253236,13.915809183847298,19.357468705967616,25.78632258722851,20.716395628440683,0.06010294075982303,0,0.03699959998844893,0.08141255164765271,0.005827450105996945,0.04282832091709432,0.019198114507708475,0.023240454871456446,0.02484939691427179,0.9352522699699293,0.42248176354392053,0.06010294075982303,0.06010294075982303
2025-04-04,51178.1484375,51893.6015625,50742.0,51502.69921875,807000,50156.51827088795,49794.7567338138,47758.50786751496,56.056537586813846,-0.3037996853237104,-143.9890690958564,-325.1413523172627,181.15228322140632,0.686415682224945,13.167059428135309,-21.03590385389904,-13.60108018640869,18.70895572061543,24.41345457648194,19.86263142433996,0.07014491276283996,0,0.03429964512260364,0.07839841566285233,0.007265052804816374,0.04263635857191184,-0.0012053238178076908,0.0231757838753036,0.02402604540052072,0.9646108416494255,0.10780164241210839,0.07014491276283996,0.07014491276283996
2025-04-11,49336.1015625,51244.69921875,49156.94921875,51002.3515625,680900,50237.07382247005,49842.11339376227,47822.74239612853,53.55386741153392,-2.502670175279931,-58.19405862465646,-271.7518935787415,213.55783495408505,0.6120461610454834,13.14307401785034,-21.03640181822659,-13.43117220011442,17.830024427285082,21.860391879259005,24.851802310882967,0.05083880170353661,0,0.023278269915475436,0.06648738669217091,0.007924231173495944,0.042226164716919756,-0.009714979289237813,0.021748816452609548,0.023784882524019377,0.9143966311646194,0.10454732142445407,0.05083880170353661,0.05083880170353661
2025-04-18,52299.0,54407.19921875,51863.30078125,54290.19921875,699200,50623.0857649729,50016.54813199709,47950.81084806163,64.7049230247767,11.15105561324279,271.9658800906618,-163.00833884486082,434.9742189355226,1.0337001508456387,14.56707505345788,-21.035890467091143,13.45769353352839,17.96341695908535,31.83901484562122,21.360107207264477,0.019611260118240548,0,0.08544474271743918,0.13220607240147708,0.012126739161909317,0.043080341028664204,0.06446462869895253,0.02985141097561138,0.02758681099294243,1.0820899517254208,0.12318089526889907,0.019611260118240548,0.019611260118240548
2025-04-25,54891.25,56098.69921875,54176.44921875,54664.05078125,966700,51007.93957604691,50198.80313785015,48083.74629228318,65.71294230693795,1.0080192821612428,557.36178714579,-18.934313646730644,576.2961007925206,1.043459337376798,15.44253117951479,-21.035183052243283,13.78164452289925,18.797407109754527,36.25857213048992,19.679060955766577,0.013431116213616479,0,0.08895127700829653,0.13685091109514658,0.0161186400395803,0.04398693963466016,0.006886170393179958,0.02812485604180568,0.026958523815571987,1.0432639499926917,0.13203877893439078,0.013431116213616479,0.013431116213616479
2025-05-02,54610.30078125,55957.75,54582.3515625,55115.3515625,720200,51399.12166999482,50391.60895842465,48222.986000604295,66.94039274384563,1.227450436907688,810.6120696716534,146.9749630169462,663.6371066547073,1.0500354584914764,16.58360236272369,-21.034655696475365,13.487285618699142,19.57182653537591,34.185468055155354,18.553899674750465,0.011509454957039589,0,0.09374065844916069,0.14292697598214543,0.01999366030168659,0.04497073154684328,0.0082558971536153,0.027853855273804937,0.027001925035899325,1.0315507222826876,0.11348713981145757,0.011509454957039589,0.011509454957039589
2025-05-09,55065.80078125,55345.5,53483.05078125,53595.25,1000000,51608.27674904293,50517.24194044722,48329.36746593886,59.24678972827791,-7.693603015567724,878.5281256999297,293.2855955535429,585.2425301463868,0.8347499169202853,17.37081744598597,-21.035452627020337,-13.900312078351767,19.500594355997404,31.55451826983657,21.668557583168123,0.05566068704782601,0,0.06092985169660148,0.10895823409591232,0.021597275834692065,0.04527008295836499,-0.027580365894540826,0.03088685870201837,0.024831172590519535,1.2438743514597808,0.09682006324684839,0.05566068704782601,0.05566068704782601
2025-05-16,54658.75,55499.6484375,54442.30078125,55354.8984375,809200,51965.09786222932,50706.95395993948,48468.486891118286,64.35406755217011,5.107277823892197,1062.0978099021377,447.0480384232619,615.0497714788758,0.9641339660161944,19.07745960170333,-21.03486024277185,13.603802620063396,19.50845853219315,29.72164848126897,19.975661650219408,0.0031154085702951306,0,0.09166286109855037,0.14208018422055657,0.024812058387175595,0.04618396843808603,0.03283217146109041,0.02800510214585997,0.02566842406943386,1.0910331725120843,0.10580783074883252,0.0031154085702951306,0.0031154085702951306
2025-05-23,55326.05078125,55695.55078125,54576.6015625,55398.25,638100,52292.06473249319,50890.92635366734,48605.70992297733,64.472197370378,0.1181298182078904,1197.274777611543,597.0933862609181,600.1813913506248,0.9126985638985776,20.522174140782788,-21.03439286667319,13.366251857007692,19.614050183869782,29.146291116781924,19.034676017176675,0.01542650828320391,0,0.08856831599033854,0.13974778041070524,0.027532184599836418,0.047015390461558004,0.0007831567525853345,0.02805207515096868,0.02556624239872156,1.0972310562295,0.09085347525432766,0.01542650828320391,0.01542650828320391
2025-05-30,55534.8984375,55875.75,55037.8515625,55749.69921875,831300,52621.36325499384,51081.46646602352,48747.17505754709,65.47121547108169,0.9990181007036938,1317.574336399688,741.1895762886721,576.3847601110159,0.8932764404104441,21.39208921462866,-21.033783653465026,13.630747222453618,19.80620249914825,28.86667658150283,18.338048503720145,0.030389387610905594,0,0.09138799403559639,0.1436498454102475,0.03014590017681984,0.04788567554367518,0.0063440491125621445,0.027772230791764635,0.02285530737280629,1.2151326752581153,0.09307088391129492,0.030389387610905594,0.030389387610905594
2025-06-06,55598.25,56695.0,55400.55078125,56578.3984375,1000000,52998.22374856586,51297.03242568927,48902.24878784319,67.77240276556606,2.3011872944843645,1462.918095505498,885.5352801320373,577.3828153734607,0.9120841303656588,22.255935803600497,-21.03300343891506,13.87745289944198,20.403488848883462,30.842325990869867,17.28556103364531,0.008015426603157794,0,0.10295656029345368,0.15696925683231666,0.03316354265407062,0.04897082848348289,0.014864640174978572,0.02657761898441815,0.022767760306262208,1.1673356811081699,0.11877626545810721,0.008015426603157794,0.008015426603157794
2025-06-13,57049.5,57049.5,55149.30078125,55527.3515625,766100,53239.09306417864,51462.9272937995,49033.43894179678,62.11786586416504,-5.654536901401016,1476.275784599733,1003.6833810255764,472.5924035741566,0.7906345943304096,22.04919517029396,-21.03356532220139,-13.549069293816682,21.132436832539224,29.828602840421816,15.847663742019892,0.02210347912719257,0,0.07897771235392215,0.13243844936945104,0.03451350056787672,0.04954758231186962,-0.018576822674842064,0.018861394677059898,0.02340537891230175,0.805857266730531,0.05429107904973548,0.02210347912719257,0.02210347912719257
2025-06-20,55554.1015625,56328.19921875,55381.44921875,56252.8515625,623200,53526.11768306639,51650.76746119952,49176.39760755328,64.33017183514191,2.212305970976871,1527.7921987379596,1108.505144568053,419.28705416990647,0.8175136659593288,22.406705699901035,-21.03310827049552,13.342624378158698,21.809317103076715,28.554119900125745,15.170542618016643,0.0005359450527855358,0,0.08910001394960121,0.14389939684926834,0.036308274088582504,0.05031620805966042,0.013065633054430759,0.01916843432770713,0.02306809137954674,0.8309501645507946,0.059302853616012126,0.0005359450527855358,0.0005359450527855358
2025-06-27,55832.3515625,57475.3984375,55779.25,57443.8984375,732900,53899.23965967912,51877.94906811327,49340.11049527499,67.66838644675323,3.3382146116113205,1645.7556106839984,1215.9552377912423,429.80037289275606,0.8709425198957487,23.262187861723973,-21.0325704979421,13.504765910355635,22.99840214533261,31.53046090164533,14.015193003160736,-0.015928584669362866,0,0.10728931018608523,0.16424340887929434,0.0389624229152159,0.05143560781205214,0.021173093308464175,0.020122638425988135,0.023276983539277422,0.864486516993636,0.11021224164332326,-0.015928584669362866,-0.015928584669362866
2025-07-04,57529.94921875,57628.3984375,56623.6015625,57031.8984375,879700,54197.58811470967,52080.064729657846,49492.423127794296,65.38873110368888,-2.2796553430643485,1686.555940719394,1310.0753783768728,376.48056234252135,0.8053802054398537,23.075954750267947,-21.033215951677384,-13.687337355991286,24.172816720855643,30.775041274549,13.365801761529369,-0.02479834818316451,0,0.09508117421793938,0.15233595029764535,0.04065900063764638,0.052283590867676866,-0.0071722151735272854,0.016275488982747093,0.022587039629092965,0.7205676020412894,0.11089733174350318,-0.02479834818316451,-0.02479834818316451
2025-07-11,56938.69921875,57363.69921875,56607.75,56754.69921875,497400,54441.12250557066,52263.38372923009,49636.23057513995,63.83064283234614,-1.55808827134274,1677.189242348613,1383.498151171221,293.6910911773923,0.7577030429228463,22.33241411391837,-21.03358071985683,-13.117151820803784,25.24561361724697,29.66151689103933,12.958062663927786,-0.030830940967649823,0,0.08593617881285387,0.14341275639039575,0.04166853772084789,0.05292813583241629,-0.004860424189697565,0.013195973633679449,0.022651663781938107,0.582560899751726,0.14977017145510524,-0.030830940967649823,-0.030830940967649823
2025-07-18,56780.75,57276.55078125,56204.8515625,56283.0,679900,54616.53940980202,52421.01573984852,49767.84977167183,61.16000793249157,-2.6706348998545764,1613.108965578365,1429.4203140526502,183.6886515257152,0.6994030511652682,20.59251253058908,-21.034079109227623,-13.429702478318,25.779823818408108,28.10874548332793,14.247765231267463,-0.016721717703391814,0,0.07367244235246173,0.13091082412076882,0.04188250912285452,0.0533108418456707,-0.008311192293204206,0.013811548252406672,0.02245052369669637,0.6151993797115326,0.21134583348331412,-0.016721717703391814,-0.016721717703391814
2025-07-25,56558.8984375,57316.6015625,56255.69921875,56528.8984375,701200,54798.66884101135,52582.10917897211,49901.731923470405,62.05137511528005,0.8913671827884855,1564.136442147792,1456.3635396716786,107.77290247611336,0.7049504180779218,18.492830373645944,-21.03356510223317,13.46054985815484,26.29966044987203,26.82250489123421,13.494647469694431,-0.024403447407085332,0,0.07505954630108747,0.13280433881920284,0.042154255442565125,0.0537131107916724,0.004368964651848772,0.013741624807365857,0.022438820261247664,0.6124040679223206,0.24739808713371353,-0.024403447407085332,-0.024403447407085332
2025-08-01,56215.1015625,56578.3984375,55547.3515625,55617.6015625,712200,54876.66243353408,52701.14809597321,50014.91746087693,56.84474609762838,-5.206629017651672,1435.246692256056,1452.1401701885543,-16.893477932498172,0.5944040912772791,14.97123595316272,-21.034087170552905,-13.4761154539248,25.96358397735824,25.41639956334241,16.388749165558703,-0.03527575928989435,0,0.05533946739102702,0.11202026087528072,0.04128020766452911,0.05370858878648588,-0.016120902762815303,0.01390509497022237,0.02277499485075179,0.6105421784437141,0.27973190422795524,-0.03527575928989435,-0.03527575928989435
2025-08-08,55557.5,55752.44921875,54905.6015625,55004.8984375,547200,54888.87538629273,52791.49124662131,50113.72896536451,53.58896292363541,-3.255783173992967,1269.0320042524836,1415.51853700134,-146.48653274885646,0.4919516848195832,13.122983283678868,-21.034488102842776,-13.212571472774188,24.97807747148945,24.29008644094905,19.02068456380178,-0.016186697576792475,0,0.04192734735487025,0.0976013873466881,0.03972958691152062,0.05343370642219636,-0.011016352877271762,0.012837668914080946,0.020468620754998293,0.6271877850365701,0.18849177544319864,-0.016186697576792475,-0.016186697576792475
2025-08-15,54999.3515625,55582.1484375,54927.55078125,55341.8515625,334200,54932.01597450295,52891.505376655776,50217.25614550581,55.11162355006034,1.5226606264249227,1151.2243697282902,1362.6597035467305,-211.43533381844009,0.5138930623571092,11.717633113429573,-21.034243254313367,12.71949788735918,24.06296428746843,23.42592342907092,18.34398989247575,-0.009622930317908951,0,0.04632778304180607,0.10204849508594305,0.038579174166363916,0.05325359122372708,0.0061258748688148845,0.011946553246192286,0.02017731079975131,0.5920785661060209,0.15889181873120994,-0.009622930317908951,-0.009622930317908951
2025-08-22,55940.6015625,56156.30078125,55102.6015625,55149.3984375,407500,54952.71906621695,52980.05020257124,50314.92232950569,54.021468200451984,-1.0901553496083525,1030.4531888933489,1296.2184006160542,-265.7652117227053,0.4481220003330672,9.904710873071828,-21.034541797392183,-12.917798665647773,23.680377636038877,25.23039557228467,17.278383960723037,0.005611178612414003,0,0.04094651150072859,0.09608434007577271,0.037234182604643395,0.052968935450441235,-0.003477533179074288,0.007458710953753835,0.020212929438156495,0.3690069258181758,0.13416461154330617,0.005611178612414003,0.005611178612414003
2025-08-29,55147.75,55306.0,53606.44921875,53655.6484375,441900,54829.18853014867,53006.54425099982,50381.0753217432,46.35675594209608,-7.664712258355905,804.9292929241637,1197.960579077676,-393.0312861535124,0.0320620282414409,7.35045841438025,-21.034865441935512,-12.998841154071693,22.11828233689908,22.91790528181301,23.763322600866367,0.013674294251697416,0,0.012245736741986146,0.06499609416521479,0.03438526893053351,0.05211220507878944,-0.027085517563584016,0.010827226572881151,0.021166622980997096,0.5115235709825598,0.18423015174554755,0.013674294251697416,0.013674294251697416
2025-09-05,53658.1484375,54450.55078125,53561.75,54114.55078125,455500,54761.12779215832,53049.99548748022,50455.005528862144,48.7619446258901,2.405188683794023,655.6713928152676,1089.5027418251946,-433.83134900992695,0.1505474061156602,7.435367982549416,-21.03453183518339,13.029153191069422,20.706552630106977,21.792970721873136,22.84374875582228,0.027251436027091014,0,0.020067019497127303,0.07253086614556925,0.032255088599996595,0.05143176442887598,0.008552731298822058,0.01224803217653509,0.01552748799425503,0.7887967571487869,0.12829328801356177,0.027251436027091014,0.027251436027091014
2025-09-12,54215.3984375,54852.25,54067.1484375,54809.30078125,464000,54765.71569588133,53118.98785194178,50541.22919722626,52.25237407273799,3.490429446847884,586.6810563445906,988.938404729074,-402.2573483844833,0.315933904950883,7.392509884867874,-21.034191888591543,13.047641986378483,19.430793274251855,23.10328823864156,21.824673645319923,0.03284933748627439,0,0.031821256346593385,0.08444732452723902,0.031000738352346957,0.05100308590945368,0.012838506279178485,0.013826764327099013,0.015723191075040038,0.8793866500196942,0.13056989380085723,0.03284933748627439,0.03284933748627439
2025-09-19,54884.05078125,55835.25,54777.75,55458.8515625,650300,54831.7286355593,53210.74721314015,50638.60785792476,55.3171341550857,3.0647600823477177,577.7589911599352,906.7025220152462,-328.943530855311,0.4697419554720514,7.355616824295827,-21.033715255950277,13.385190611607868,19.06556372353401,27.34873958952746,20.49821394777712,0.040651761377699325,0,0.042249065594867075,0.09518910389675894,0.030463421532612056,0.05079403767244095,0.01185110504953224,0.014642918034179771,0.01583965670795241,0.9244466786220306,0.12670696147068683,0.040651761377699325,0.040651761377699325
2025-09-26,55429.30078125,55666.3515625,54310.94921875,54389.3515625,747900,54789.59748574413,53256.96699154642,50712.88001049061,49.66459054334635,-5.652543611739354,478.8683817855199,821.1356939693011,-342.2673121837812,0.1780981556988319,6.885895021072379,-21.03426340419698,-13.525025895256016,18.261425836358267,25.231986132012324,21.57728953602696,0.06086209717349034,0,0.0212626560414777,0.07249581469734845,0.028778028129934574,0.05016648592092432,-0.01928456810532242,0.015105184328304004,0.015161661335822876,0.9962750119351741,0.13102526679732698,0.06086209717349034,0.06086209717349034
2025-10-03,54460.3984375,55616.44921875,54226.6015625,55589.25,755100,54865.75486805421,53348.42907030931,50809.44179246108,55.19615432538686,5.531563782040507,491.6511884661304,755.238792868667,-263.5876044025366,0.4882974308983134,6.87070099430937,-21.033709977491025,13.534606794118544,17.430329582946822,23.24520514487944,20.356145515252912,0.039343966009615094,0,0.042003503547170196,0.09407322810320906,0.028441808394117363,0.04997077685322937,0.02206127491924903,0.016917855876925906,0.014121256938255325,1.1980417855789047,0.1514088368830227,0.039343966009615094,0.039343966009615094
2025-10-10,55834.69921875,56760.25,55727.25,56609.75,730900,55031.84964252524,53476.32400872855,50924.29938072918,59.29340297861098,4.097248653224121,577.4707528060171,719.6851848561371,-142.21443205011997,0.7342062285110047,7.016189199458578,-21.033173995538444,13.502033298643768,17.57880502522342,28.208419402705925,18.99877463349264,0.02238220061473517,0,0.058594640700434075,0.111645141679108,0.029088118202417634,0.05011408421978425,0.01835786595429867,0.017923893819213926,0.014687948096107285,1.220312987350783,0.15597681281805595,0.02238220061473517,0.02238220061473517
2025-10-17,56337.05078125,57830.19921875,56230.1484375,57713.3515625,672800,55287.23077776093,53642.48195201371,51058.736057595925,63.211482910490936,3.918079931879959,726.1640318152713,720.980954247964,5.18307756730735,0.9480692351463168,7.682750221250256,-21.0326803652885,13.419204873965572,18.418267572950672,31.66296069436597,17.301157691543715,0.013934370418240194,0,0.075888912338693,0.13033255459746296,0.030661311070925956,0.05060340490025528,0.019494902600700303,0.018570666416561892,0.015215941118876423,1.2204743874517037,0.16044457936321535,0.013934370418240194,0.013934370418240194
2025-10-24,57872.8515625,58577.5,57482.05078125,57699.6015625,804400,55516.98037630751,53801.58468183671,51190.238344821744,63.12995261206069,-0.0815302984302448,833.2893754058241,743.4426384795361,89.84673692628803,0.9064195062015172,8.1540133889679,-21.0332705213642,-13.597853180042469,19.62213753505017,33.922416419200715,16.23179777725296,0.020244466592801658,0,0.07245171129651218,0.12716024437766116,0.03188373919866927,0.051012584067781086,-0.00023824643046610472,0.013503443680303154,0.01490729160279403,0.9058281034612783,0.14685754562434827,0.020244466592801658,0.020244466592801658
2025-10-31,57796.44921875,58469.8984375,57652.75,57776.3515625,1000000,55732.15858451632,53957.45789284311,51320.65642834013,63.41361575712532,0.2836631450646294,913.8458198097578,777.5232747455805,136.32254506417735,0.875021303600726,8.648833500678217,-21.032469426938093,13.903339184248042,20.74001678557114,32.31775536273054,15.46397117410702,0.03420686150651231,0,0.0707760116727707,0.1257913593364508,0.032890739500694766,0.05137895046577956,0.0013301651644312962,0.013791592768658727,0.014171665612711956,0.9731807922625337,0.145647930542729,0.03420686150651231,0.03420686150651231
2025-11-07,57726.8515625,58247.55078125,57157.8515625,57876.80078125,509200,55936.41022230048,54111.157613957104,51450.48106899181,63.80609574167647,0.3924799845511515,974.5586889175612,816.9303575799767,157.62833133758443,0.8584559976033773,9.13124504812845,-21.03209558832437,13.140598109528346,21.191988482066893,30.261941955752224,17.36929852546343,0.03283523643061592,0,0.06959088168392102,0.1249030053507354,0.033731538721925025,0.05171334630277791,0.0017385870868176223,0.013828231122998845,0.013933986411390077,0.9924102632750679,0.12458756746972041,0.03283523643061592,0.03283523643061592
2025-11-14,57846.19921875,58615.94921875,57594.25,58517.55078125,628300,56182.23313267663,54283.95734600781,51590.42304349197,66.29025920828978,2.4841634666133103,1062.1336297978414,865.9710120235497,196.16261777429168,0.9460385174714614,9.677539433552292,-21.031634117545345,13.350774629986145,21.85323324104856,30.611723964472592,16.320987752438466,0.014908321107990341,0,0.07798977160521137,0.13427158238106118,0.03496936994790456,0.05220996734694605,0.011070929825955034,0.01379113912652149,0.013354995973023828,1.0326576776495209,0.12104506324408963,0.014908321107990341,0.014908321107990341
2025-11-21,58696.30078125,59440.1015625,58605.30078125,58867.69921875,694200,56437.99180754076,54463.71192925261,51734.52752220995,67.59899355140446,1.3087343431146792,1146.5744573559132,922.0917010900224,224.48275626589063,0.9543891557520872,10.496102140667636,-21.03112399709641,13.450516822915844,22.96645425492741,33.867051203416324,15.416219097361369,0.0034229297674983616,0,0.08086094637137631,0.13788029074930153,0.0362494550656538,0.05275363548784706,0.005983648201697944,0.00903163526946419,0.01325432523356729,0.6814104158687074,0.12596469878514657,0.0034229297674983616,0.0034229297674983616
2025-11-28,58996.8984375,59897.5,58649.5,59752.69921875,705800,56753.67822765592,54671.1231955074,51893.30319936916,70.69572038285892,3.096726831454461,1270.2637159002115,991.7261040520604,278.5376118481512,1.0128891172123478,11.818212199372857,-21.03060508567571,13.467088607054269,24.253340300828903,34.07504781285514,14.264229854392838,-0.012406931669078025,0,0.09294808166041446,0.15145299171235616,0.03809241351601944,0.05352945033130996,0.015033711385786797,0.007967171075235643,0.013483048363518726,0.5909028033150522,0.14105723477652218,-0.012406931669078025,-0.012406931669078025
2025-12-05,60102.05078125,60114.30078125,58925.69921875,59777.19921875,724900,57041.632607760126,54871.361470928685,52049.419952228185,70.77898245759336,0.083262074734435,1354.649730817815,1064.3108294052113,290.3389014126037,0.9471591924850384,12.919099176119714,-21.03007185129247,13.493790372788638,25.566792660591226,32.947786460679986,13.248792266664228,0.006252383933751826,0,0.08940616045075656,0.14847003623891486,0.03955198264911419,0.054216579575536494,0.0004100233181150159,0.007499953268689988,0.013248410287932735,0.5661021289113678,0.14052053826964048,0.006252383933751826,0.006252383933751826
2025-12-12,59672.05078125,59713.1484375,58799.8984375,59389.94921875,578800,57265.28180880678,55048.560990451086,52194.77696740683,67.51371894242251,-3.265263515170844,1374.4347883080482,1126.3356211857788,248.09916712226936,0.8541899324441315,13.626294964079214,-21.03049763780638,-13.268714001450482,26.610560375366266,30.994075868191963,13.226465475600108,-0.002330334329639472,0,0.07886469964313858,0.13785234211913977,0.04026846076394652,0.05467566275503599,-0.006478222550757029,0.006838145865672894,0.013414703031205333,0.5097500742108098,0.15214652201375992,-0.002330334329639472,-0.002330334329639472
2025-12-19,59053.69921875,59533.0,58712.69921875,59069.19921875,657700,57437.08346689661,55206.23307783536,52330.90414070075,64.8453098447988,-2.6684090976237087,1348.6859326287886,1170.8056834743809,177.8802491544077,0.7825206988228613,13.95838097305267,-21.03098124610832,-13.39650569973834,27.452400806531653,29.417312419260437,13.094383059930244,0.017368598733675356,0,0.06997336941044763,0.12876320768187322,0.040409393372592195,0.054945141582186,-0.005400745483357561,0.0074674228835312426,0.012830551340864317,0.5820032736822521,0.14766696807579913,0.017368598733675356,0.017368598733675356
2025-12-26,59224.75,59478.1484375,58947.05078125,59011.3515625,362000,57587.01376171598,55355.45341056731,52463.19022826113,64.35131592944398,-0.4939939153548209,1308.5280596449884,1198.3501587085025,110.17790093648593,0.748963957365813,13.96577678783666,-21.03124732577424,-12.799402253235032,28.234109778328083,28.40959483852527,12.645822707770646,-0.009121126456999251,0,0.06604404673225539,0.12481439473559641,0.04031328827888658,0.055129380613765155,-0.000979320136637929,0.007583220884196556,0.012439966550896957,0.6095853114371746,0.1932385244601412,-0.009121126456999251,-0.009121126456999251
2026-01-02,59007.05078125,60203.75,58737.6015625,60150.94921875,847400,57831.19809095732,55543.51206971172,52615.42307955794,69.31121842502913,4.9599024955851405,1353.061413109026,1229.2924095886074,123.76900352041866,0.8494133912109633,14.40245870158819,-21.03062435299825,13.649929297254143,29.44111375161585,30.35805074119537,11.47699065932939,-0.008985726859178422,0,0.08295185121271342,0.14321895934957807,0.04118727707341163,0.05565077345717273,0.01931149899258,0.009561275783356755,0.012921230482584117,0.7399663519851242,0.16906872884415938,-0.008985726859178422,-0.008985726859178422
2026-01-09,60360.3984375,60437.3515625,59154.19921875,59251.55078125,1000000,57966.4697757471,55688.92535251714,52746.83154889838,61.981655576875546,-7.329562848153579,1300.785829918641,1243.5910936546145,57.19473626402669,0.717303741801752,14.232176971280152,-21.031782357860248,-14.27014734475754,30.70504863219608,29.38420582585283,10.557297910839154,0.014666282798373453,0,0.06397367889900996,0.12331962018081577,0.040897618490801424,0.05577764042360189,-0.014952356516090393,0.011399835049734066,0.013523356174509555,0.8429738078792781,0.26985050729907945,0.014666282798373453,0.014666282798373453
2026-01-16,59217.25,60235.1484375,58864.19921875,60095.1484375,1000000,58169.20107686642,55861.71841467333,52892.34277441524,65.65075633040796,3.669100753532412,1312.3009458102897,1257.3330640857494,54.96788172454035,0.7991114244745412,13.299390538439235,-21.03082244660879,14.082633482029944,31.38939614464233,26.903625090366432,11.451794011063985,0.001522585472854887,0,0.07578409943283582,0.13617860894921163,0.04130704761110571,0.056139990866398426,0.014237562479410215,0.01219721739720282,0.011594556987546243,1.0519778729194997,0.23776821357168706,0.001522585472854887,0.001522585472854887
2026-01-23,60093.30078125,60107.5,58278.6015625,58473.1015625,1000000,58198.143980260094,55964.12559694104,53002.85284942682,54.716327616794246,-10.934428713613713,1176.9737110153071,1241.261193471661,-64.2874824563537,0.566378741385679,11.923238862091605,-21.03217790061388,-14.427881970560964,31.103612241145388,23.99365381833968,13.676416250237745,0.046156238772715685,0,0.044831862175938264,0.10320668452721482,0.039918757945199834,0.05587006337048983,-0.026991311564642517,0.014859847571605909,0.013678630827539623,1.0863548961119782,0.2827548047893316,0.046156238772715685,0.046156238772715685
2026-01-30,58366.05078125,60060.69921875,58121.6015625,59610.44921875,1000000,58332.64924106866,56107.11868014924,53133.69634188866,59.775314369924025,5.05898675312978,1148.2638818481282,1222.6617311469545,-74.39784929882626,0.7124945066652356,10.9579047585724,-21.030992640473123,14.293792948501562,30.60295318277904,21.356136266401226,13.063045864087153,0.015409224276757838,0,0.06244003650538987,0.1218953945004444,0.03966574319395266,0.055961142231251815,0.019450783793883764,0.016808873383163014,0.013980842789094592,1.2022789782225687,0.2251203466641828,0.015409224276757838,0.015409224276757838
2026-02-06,58239.30078125,61764.8515625,57829.8515625,60120.55078125,1000000,58502.92557822879,56264.50817431005,53272.04989514334,61.83470452263051,2.0593901527064844,1153.3766602003598,1208.8047169576355,-55.428056757275726,0.7706848672161707,10.317725346874443,-21.030175298482472,13.921131939593614,31.396509686124865,25.60809277440185,10.5327538567359,-0.03887690233834218,0,0.06853419201663957,0.12855711202378606,0.039783826013088275,0.056173139292684304,0.008557250770382607,0.01685036014821199,0.013906417034824235,1.2116967372699652,0.17808235815514403,-0.03887690233834218,-0.03887690233834218
2026-02-13,60805.19921875,60876.19921875,60073.55078125,60186.6484375,1000000,58663.280136254616,56418.31759639594,53408.97263855634,62.10543490088623,0.2707303782557204,1149.511252169199,1196.9460239999482,-47.43477183074924,0.788058741111906,8.325986660046178,-21.029278793181582,14.012721548269704,32.13338358208885,24.56295829822828,10.102884116661826,-0.10681433576876931,1,0.06679268368230806,0.12690144490910504,0.03979137690561152,0.05634530696190798,0.0010994186744976986,0.01661667345027609,0.012802787761441546,1.2978949397506152,0.15509354644412032,-0.10681433576876931,-0.10681433576876931
2026-02-20,59947.80078125,61678.80078125,59861.1015625,61172.0,1000000,58902.2058375637,56604.73651418433,53562.69595264433,65.97975605008634,3.8743211492001066,1211.9864987012625,1199.9541189402112,12.032379761051288,0.9833653580598556,7.412349547794199,-21.028497118034927,13.874817606279484,33.28606877828094,26.336504775218216,9.18832338375915,-0.1266093836845289,1,0.08068694895649187,0.1420634998298662,0.0405879342412212,0.05679401507776083,0.016371597157851747,0.017223889114258345,0.012466135064900042,1.3816542997961214,0.18520958980632143,-0.1266093836845289,-0.1266093836845289
2026-02-27,61145.55078125,61517.80078125,60438.94921875,60529.0,1000000,59057.13861493858,56758.6291999026,53700.64256744346,61.55692781244462,-4.422828237641717,1195.8290821813498,1199.129111588439,-3.3000294070891414,0.8243910710327288,6.643531120530734,-21.03050190358184,-14.817281862411289,34.35641931760217,24.89597990148912,8.685750681149562,-0.13637096990698672,1,0.06642815115950462,0.12715597255620747,0.04049621083942467,0.05694506594811366,-0.010511345059831312,0.01681626133797931,0.012493577252931636,1.3459925045913772,0.21666845793121278,-0.13637096990698672,-0.13637096990698672
2026-03-06,59204.30078125,60177.5,57696.3984375,57783.25,1000000,58935.81588970633,56798.81040774956,53781.48627897923,47.05234240331149,-14.504585409133128,950.5082677320606,1149.4049428171634,-198.89667508510277,0.1239314134392177,6.606948949101267,-21.03144331211124,-14.062840056950495,32.08423375257438,21.56135390765142,20.49078163872158,-0.10789458882980796,1,0.017332045956302666,0.07440783061038014,0.037624123931743636,0.05610339798194941,-0.04536255348675844,0.023155696524552793,0.01602236760695561,1.4452106637785835,0.16000379454571523,-0.10789458882980796,-0.10789458882980796
2026-03-13,56121.3984375,57097.05078125,53675.69921875,53757.8515625,1000000,58442.6764299724,56679.55711970056,53781.01826479152,34.294324644933155,-12.758017758378337,426.3589421067591,1004.7957426750826,-578.4368005683235,-0.3720215069439865,10.292403053442518,-21.03263346948092,-14.29836932966336,32.00916982907332,17.831527720204765,33.879044942101125,0.040085278240605815,0,-0.05154778381613434,-0.0004307598301218629,0.031106794051836584,0.05389520221870936,-0.06966375961026772,0.031708846735919116,0.02237850544724454,1.4169331732483244,0.3696281204426025,0.040085278240605815,0.040085278240605815
2026-03-20,53721.5,55554.1484375,53240.6015625,53427.05078125,1000000,57964.99779676074,56552.007851526025,53774.00900769169,33.4906724096423,-0.8036522352908548,-15.546819119415886,800.727230316183,-816.2740494355988,-0.1975027878311893,13.19131785714184,-21.033872497270643,-14.339825391871813,32.12054661466922,16.138176405013112,32.447699277371186,0.058746428852133104,0,-0.05525810999461622,-0.00645215472761318,0.02498567246178851,0.05166062369344604,-0.006153534258440452,0.03128414885630947,0.022359794522531864,1.3991250601513612,0.43370434364476795,0.058746428852133104,0.058746428852133104
2026-03-27,52576.1015625,54146.1484375,51323.6015625,52274.6015625,1000000,57423.05529825972,56384.26642842696,53744.31777115324,30.784142002763545,-2.7065304068787555,-453.5253809020869,549.876708072529,-1003.402088974616,-0.1527635264110399,16.444881871306823,-21.035146742294557,-14.369108848451807,32.92866550750858,14.347994140224747,36.38229504303976,0.07298283149874552,0,-0.07288673110864519,-0.027346448324293338,0.018423381833855723,0.04912051667517292,-0.021570519089076257,0.028892319994026767,0.022668850011335815,1.2745384075318702,0.4992636444439016,0.07298283149874552,0.07298283149874552
2026-04-03,51527.8984375,52025.8515625,49954.8515625,51548.75,1000000,56863.59765080641,56194.63833319454,53700.84118162545,29.184398022308216,-1.5997439804553295,-849.4052860776719,270.02030924248885,-1119.4255953201607,-0.0841439442590169,19.59655271883786,-21.03607910945356,-14.05782987347037,34.093164379283905,13.06523606697925,38.404768347014425,0.0643003285724677,0,-0.08267493965612349,-0.040075558115499677,0.011904326417147004,0.04643869810408807,-0.01388535810516256,0.02721900141137103,0.022433333045877236,1.2133284588476834,0.3704793075995867,0.0643003285724677,0.0643003285724677
2026-04-10,51747.6015625,55978.5,51111.1015625,55912.75,1000000,56773.04073168199,56183.58388875554,53744.641356246735,47.01291037507626,17.828512352768044,-801.762416502097,55.66376409357167,-857.4261805956687,0.3138718482597508,19.911703582467734,-21.03486566161789,14.321183529589216,32.59812737004929,24.517546602428588,31.950195777223065,-0.010770338049013839,0,-0.004820516421519039,0.04034092681690704,0.010491620543352731,0.04538019923404546,0.08465772690899387,0.04567863030945403,0.030209199983036592,1.5120767956484782,0.3813672520664074,-0.010770338049013839,-0.010770338049013839
2026-04-17,54646.0,56834.25,54356.19921875,56565.69921875,1000000,56753.29392092657,56198.56880365728,53800.503888177496,49.07860352032561,2.065693145249348,-703.2113711337443,-96.11126295189152,-607.1001081818528,0.38374293081367,19.900058105535557,-21.03393934483128,14.050109050212246,30.778674879878498,25.362588383304317,29.25448791399953,-0.05047842943137404,1,0.006532736027057506,0.05139720134071357,0.00987080505924176,0.04457327984258441,0.01167800222221227,0.04534592626678856,0.03011797047443976,1.5056102902176731,0.3293628929279304,-0.05047842943137404,-0.05047842943137404
2026-04-24,56704.05078125,57456.30078125,55750.3984375,56089.75,1000000,56690.0992617907,56194.30139959229,53845.8354943522,47.62125809471802,-1.4573454256075848,-655.9526678977563,-208.0795439410645,-447.8731239566919,0.3580595886040601,19.910192752846925,-21.03519696094698,-14.356031479510238,28.782444223019173,26.0161415696703,27.53233767398085,-0.03627041371195272,0,-0.0018605338439716679,0.04167294434280189,0.008822920649423915,0.043614624672068114,-0.008414095915431297,0.04534102098402993,0.030140670973844166,1.5043135908744867,0.4030054264176072,-0.03627041371195272,-0.03627041371195272
2026-05-01,56162.6015625,56474.94921875,54440.25,54863.3515625,1000000,56516.123290429685,56142.10728833377,53865.98432738483,43.99599829309327,-3.6252598016247504,-709.2837282638939,-308.3203808056304,-400.96334745826346,0.2740014259811831,20.25055849217372,-21.03603127563441,-13.94671512061835,27.507277411177224,24.187219432537457,30.123432847857284,-0.011376489513932997,0,-0.022777123759647244,0.018515715391988374,0.006661951611026007,0.04225529319422061,-0.02186492964400799,0.04333525182235993,0.03043576959772805,1.423826385700948,0.32375427954126385,-0.011376489513932997,-0.011376489513932997
2026-05-08,54937.8984375,56334.1484375,54221.6484375,55310.55078125,1000000,56401.306860984005,56109.49722923245,53894.58960369899,45.62161700951332,1.6256187164200495,-707.3103053653977,-388.1183657175839,-319.1919396478138,0.3293481225990923,20.41175112491196,-21.034414478753405,14.607915117876471,26.41706938927977,22.424601266935436,28.68231920299824,-0.014722340850853444,0,-0.014239059115400687,0.02627278893786822,0.0052007172789194644,0.041097031108693116,0.008151146548904364,0.03480916131807578,0.0305423451770234,1.1397016540911287,0.3792227530268868,-0.014722340850853444,-0.014722340850853444
2026-05-15,54832.44921875,55002.44921875,53191.6015625,53710.3515625,1000000,56145.02540398553,56015.413085439024,53890.94132565544,41.03196605280501,-4.589650956708312,-825.3548797427575,-475.5656685226186,-349.78921122013884,0.2221252144133104,21.01718285612396,-21.03572059268526,-14.394369152660053,25.841376371722077,20.788172436646743,30.136624349802197,0.057799830543605824,0,-0.04115048691015033,-0.0033510226155479828,0.002313868833722754,0.039421685862670364,-0.02893117490510433,0.03664826471320025,0.03108730388529023,1.1788820557880972,0.38643811739095113,0.057799830543605824,0.057799830543605824
2026-05-22,53282.1484375,54213.05078125,52783.44921875,54055.3515625,1000000,55946.00884765357,55938.54792767672,53894.19697390978,42.37791224537667,1.3459461925716596,-880.912824001447,-556.6350996183844,-324.2777243830626,0.2746842645548685,20.97619210995118,-21.034757425588328,14.089956163627663,25.47514803717408,19.74145216033631,30.056738947893685,0.06716075897318796,0,-0.0336654495860621,0.002990202983601975,0.00013337707633187534,0.037932673062307964,0.00642334280010326,0.035478266245649946,0.030704650297310506,1.1554688264519193,0.32446889304290266,0.06716075897318796,0.06716075897318796
2026-05-29,54610.55078125,55536.80078125,54116.1484375,54239.19921875,1000000,55783.45554966275,55871.906801836456,53901.028701530384,43.122939024010414,0.7450267786337434,-899.7363254263328,-625.2553447799742,-274.4809806463586,0.3104708803399939,20.989300613845312,-21.033369091315176,14.454413251543306,24.345332531400544,23.4450370194608,28.4576598413666,0.07260158002367256,0,-0.029222335097265573,0.006273915829922094,-0.0015831078127943599,0.03656475855441532,0.0034011000009395165,0.034700643992113325,0.030662125825335316,1.1317103122524235,0.33121188612157104,0.07260158002367256,0.07260158002367256
2026-06-05,54403.8515625,54865.5,53027.1484375,54496.25,1000000,55660.86454493296,55817.95947627424,53912.81526189612,44.20909406166936,1.0861550376589475,-883.7252021076492,-676.9493162455092,-206.7758858621401,0.3511917071489222,20.4457445061312,-21.03211343179548,14.352647580939273,23.78054973681434,21.888797379773344,30.500794044617862,0.06316489666720182,0,-0.023678928586345793,0.010821819177308623,-0.002814415518146096,0.035337501948717875,0.004739206790522532,0.015057038837256901,0.03043807572680967,0.4946777507355616,0.4270615337796179,0.06316489666720182,0.06316489666720182
2026-06-12,53853.44921875,56867.1015625,53843.30078125,56814.80078125,1000000,55770.76323410601,55857.05129215565,53970.2803216853,52.93880718498287,8.729713123313509,-676.1543143695599,-676.7903158703193,0.6360015007594484,0.5610781604900787,20.169417774795846,-21.030842959629123,14.363112178228263,22.180319596397773,26.550231083492925,27.29181250226399,0.021668608167614734,0,0.017146438398348618,0.05270531193483108,-0.0015448015255642433,0.03495944359051717,0.042545143587861656,0.021821115100409117,0.0316730509064905,0.6889489479504954,0.39718963215002867,0.021668608167614734,0.021668608167614734
