Date,Open,High,Low,Close,Volume,ema_20,ema_50,ema_100,rsi_14,rsi_change,macd,macd_signal,macd_hist,bb_percent,bb_width,obv,obv_slope,adx,plus_di,minus_di,future_4w_return,close_vs_ema20,close_vs_ema50,close_vs_ema100,ema20_vs_ema50,ema50_vs_ema100,rsi_roc,macd_roc,adx_roc,di_spread,obv_roc,predicted_return,risk_flag,buy_hold_return,strategy_return,buy_hold_equity,strategy_equity
2023-06-16,44035.19921875,44212.3515625,43397.5,43938.1484375,868900,42546.80206478437,40929.636310392,38578.757526226735,62.32728795835308,-0.4064944256667502,909.8872307902784,720.3659309389755,189.52129985130296,0.8091128800447062,14.819202896579007,-21.13729549833961,-13.674984473707058,17.791805677894335,22.16167343866404,18.005929060196664,0.020054380420772677,0.032701549944860187,0.07350449205785248,0.13892077544565362,0.0395108752525557,0.06093713055862637,-0.4064944256667502,-35.594183073452314,-0.5727534740090761,4.155744378467375,2.717979196198428e-05,-0.0017927042290142579,False,0.020054380420772677,0.020054380420772677,1.0200543804207727,1.0200543804207727
2023-06-23,44015.30078125,44042.1484375,43345.94921875,43622.8984375,1000000,42649.28743361443,41035.25443302369,38678.64150466779,59.74280195036792,-2.584486007985156,883.6041541418963,753.0135755795596,130.59057856233665,0.7363597793686412,15.0988311092971,-21.137957516367216,-13.81740975335046,17.1931985225466,21.18011777521333,17.536389038842643,0.05621590653274655,0.022828306461181613,0.06305904618429437,0.1278291258558173,0.03933283765122275,0.060928017031609105,-2.584486007985163,-58.93072128896631,-0.5986071553477359,3.6437287363706865,3.131990219173986e-05,-0.004083564644669888,False,0.05621590653274655,0.05621590653274655,1.0773976621288255,1.0773976621288255
2023-06-30,43714.75,44787.1015625,43541.75,44747.3515625,693100,42849.10306493686,41180.82686947374,38798.813981060506,65.27402692867796,5.531224978310036,942.6424014499426,790.9393407536363,151.70306069630624,0.8666772531735009,15.921037005974734,-21.13749958855123,13.448931010698283,17.39098767896703,24.21763341623574,16.157791486048755,0.016107098517178287,0.044300775553840266,0.08660643712499194,0.15331751079667666,0.040510993155889574,0.06139396141273812,5.531224978310036,21.112482133969593,0.1977891564204306,8.059841930186984,-2.1663768395407956e-05,0.005734769218936774,False,0.016107098517178287,0.016107098517178287,1.094751412414912,1.094751412414912
2023-07-07,44957.94921875,45655.5,44844.80078125,44925.0,1000000,43046.80753494288,41327.65718831791,38920.12459529693,66.06726109927487,0.7932341705969179,992.326460293014,831.2167646615119,161.10969563150206,0.8498800659382848,16.530011259874282,-21.136492414109853,14.236390248594084,18.303926401166414,28.369663361920068,15.218258888011654,-0.0010127991096271494,0.043631399692823036,0.08704444085204388,0.15428715779159385,0.04159805959460283,0.061858296139984725,0.7932341705969179,9.406634935195825,0.9129387221993852,13.151404473908414,-4.7648703062397324e-05,0.00343572551797003,False,-0.0010127991096271494,-0.0010127991096271494,1.093642649159155,1.093642649159155
2023-07-14,44958.6484375,45184.30078125,44547.80078125,44819.30078125,1000000,43215.616415543554,41464.584388040734,39036.9399653158,65.11420643552876,-0.9530546637461156,1011.5123070613045,867.2758731414705,144.23643391983398,0.8054352288555722,16.134640419639766,-21.1372833362089,-13.994577658087705,18.7344036259647,27.17689544611057,16.54024867794371,-0.01383777095892269,0.037108908739981405,0.08090558346888521,0.14812536077550664,0.04222958105924857,0.06218838937892879,-0.9530546637461157,-16.87326171166808,0.43047722479828465,10.636646768166862,3.741974228987921e-05,-0.0016590058858282927,False,-0.01383777095892269,-0.01383777095892269,1.0785090726691813,1.0785090726691813
2023-07-21,44951.19921875,46369.5,44695.05078125,46075.19921875,1000000,43487.95763489655,41645.39281277444,39176.31143568084,70.5502248304138,5.436018394885039,1115.202377953137,916.861174103804,198.3412038493334,0.9249693258151056,17.089805497602434,-21.136380612267654,14.126738976537869,20.007974050400517,31.817961132969693,14.77978112415228,-0.04827213935506758,0.059493287902243175,0.10636966316756058,0.17609845159607906,0.04424414557465561,0.06302485575109107,5.436018394885039,54.10476992949941,1.2735704244358175,17.038180008817413,-4.270766147596028e-05,0.004342556961428136,False,-0.04827213935506758,-0.04827213935506758,1.02644713241759,1.02644713241759
2023-07-28,46131.8984375,46310.1015625,45238.80078125,45468.1015625,1000000,43676.54277085878,41795.3029598225,39300.90133918221,65.25668665131124,-5.293538179102555,1135.3027358119507,960.5494864454332,174.75324936651737,0.810715688468658,16.86095103874746,-21.137218755460754,-14.052478904888128,21.1905751588052,29.6440226488128,13.76996359250922,-0.02719824011235894,0.04101878669839576,0.08787586983657314,0.1569226153388299,0.04501079494135274,0.06346932349242129,-5.293538179102555,-23.58795448281603,1.1826011084046826,15.874059056303581,3.965405470673922e-05,-0.00355407432708771,False,-0.02719824011235894,-0.02719824011235894,0.998529576847454,0.998529576847454
2023-08-04,45546.3515625,45782.75,44279.3984375,44879.5,1000000,43791.11012601509,41916.25186335887,39411.36863939642,60.51575553569463,-4.740931115616611,1091.158985720569,986.6713863004604,104.4875994201085,0.7131962862758234,15.223340822009376,-21.137977134328867,-13.953271368976214,21.00324480315001,26.869615640574786,18.45395721341625,-0.009879754397887686,0.024854128403068998,0.07069449211014645,0.138745025848646,0.0447286715608064,0.06355737723501731,-4.740931115616611,-70.26564994640887,-0.18733035565518819,8.415658427158537,3.587883897537836e-05,-0.0048980769571006985,False,-0.009879754397887686,-0.009879754397887686,0.9886643498691745,0.9886643498691745
2023-08-11,44993.69921875,45096.8515625,44120.8984375,44199.1015625,1000000,43829.96645329937,42005.77538097225,39506.17523193313,55.4965901507064,-5.019165384988227,989.8617678629888,987.3094626129662,2.552305250022755,0.5894712903988386,12.535295792405874,-21.13866147439156,-13.851264692548051,20.6352795267878,25.21947069711424,18.318024157346564,0.021658740588795133,0.008421980190058909,0.05221487192261853,0.11878969054877131,0.043427149142768684,0.06327112494096054,-5.019165384988227,-101.93529417008574,-0.36796527636220944,6.901446539767676,3.237490788943198e-05,-0.008298323699776382,False,0.021658740588795133,0.021658740588795133,1.0100775745523807,1.0100775745523807
2023-08-18,44066.6015625,44212.75,43600.3515625,43851.05078125,606300,43831.974484532766,42078.13912215961,39592.212371523565,53.07171086687277,-2.424879283833633,871.4526400644463,964.1380981032622,-92.68545803881592,0.4957385883178637,10.67346310027086,-21.13906160027493,-13.31513184140697,19.67336859079214,24.21456100006247,20.975126323845483,0.05428488431496925,0.0004352141773573681,0.042133794318787166,0.10756757843594444,0.041680440222926274,0.0627882758182019,-2.424879283833633,-95.23776328883868,-0.961910935995661,3.2394346762169874,1.8928629130554597e-05,0.0003329400917402818,False,0.05428488431496925,0.05428488431496925,1.0649095188361013,1.0649095188361013
2023-08-25,43952.8515625,44949.8984375,43862.0,44231.44921875,872300,43870.01969731536,42162.58265535924,39684.07844770627,55.36711710558379,2.295406238711017,799.0960461759678,931.1296877178032,-132.03364154183555,0.5515082874912828,8.859226398640324,-21.13848587794092,13.678889826815242,19.46034147182852,27.27941479253427,19.475548969058185,0.008604772604616784,0.008238645068508132,0.04906878168023665,0.11458930001451417,0.04049650031908292,0.0624558841883911,2.295406238711017,-39.34818350301963,-0.2130271189636197,7.803865823476084,-2.72349995896759e-05,4.249549303341902e-05,False,0.008604772604616784,0.008604772604616784,1.074072823090178,1.074072823090178
2023-09-01,44253.6484375,44779.6484375,43830.75,44436.1015625,1000000,43923.93225590437,42251.74025956084,39778.17791532595,56.59711981448946,1.2300027089056726,749.625442531993,894.8288386806414,-145.20339614864838,0.5829587549071261,7.929406299327031,-21.137506791751694,14.209106168128992,19.22367852299189,25.578780059317825,18.46672572944613,0.0033407345273348543,0.01166037010556531,0.051698729792434506,0.11709746125348341,0.03957687863436932,0.06218390267900786,1.2300027089056726,-13.16975460681283,-0.23666294883663141,7.112054329871697,-4.631770671181812e-05,-0.0006224501573328713,False,0.0033407345273348543,0.0033407345273348543,1.0776610152551473,1.0776610152551473
2023-09-08,44647.6484375,45383.3515625,44207.25,45156.3984375,1000000,44041.30998748491,42365.64842340159,39884.67733160663,60.70200498751753,4.104885173028073,759.7832622692586,867.8197233983649,-108.03646112910631,0.7799208709090085,6.925687315749007,-21.136803210476074,13.877828803613395,19.533407962530028,27.55704634765746,17.04811831665992,-0.017623125460314193,0.025319148098273292,0.06587294466044047,0.13217409437873995,0.03955236439052667,0.06220361446496914,4.104885173028073,37.166935019542066,0.30972943953813825,10.508928030997541,-3.3285916004710536e-05,0.001710248110426517,False,-0.017623125460314193,-0.017623125460314193,1.0586692599796164,1.0586692599796164
2023-09-15,45340.80078125,46310.3984375,45231.30078125,46231.5,1000000,44249.89951248634,42517.25044601329,40010.35698840649,65.88779473925939,5.185789751741858,844.8462569378316,863.2250301062584,-18.378773168426733,1.0345193195738955,7.50901235171164,-21.135838427619923,14.192714042131216,20.517422216663647,31.519473588598977,15.76815132436985,-0.042039535408758044,0.04478203361692357,0.08735864890188316,0.15548831552280729,0.040751672516384785,0.06265611322421338,5.185789751741858,89.65768796067958,0.9840142541336192,15.751322264229128,-4.564469123091719e-05,0.002203084231960491,False,-0.042039535408758044,-0.042039535408758044,1.0141632961385396,1.0141632961385396
2023-09-22,46100.94921875,46252.94921875,44548.8984375,44612.05078125,1000000,44284.390109511456,42599.39947876767,40101.479637769735,54.27037107086996,-11.617423668389437,772.6763434936947,845.1152927837456,-72.43894929005091,0.5230414864675117,6.528075032204733,-21.13662576611434,-13.989380668349648,20.55677641081811,28.157613951047605,18.35760948488072,-0.019927351117730696,0.007399010597826106,0.047246001753744604,0.11247892058406661,0.039554328261918625,0.062289966942897124,-11.617423668389428,-54.06017612162418,0.03935419415446262,9.800004466166886,3.7251349034983505e-05,-0.01183499197518698,True,-0.019927351117730696,0.0,0.9939537080456718,1.0141632961385396
2023-09-29,44615.0,44936.55078125,44182.5,44584.55078125,1000000,44312.97684015322,42677.24854945326,40190.253323779245,54.09594171219951,-0.1744293586704515,705.1338034050495,817.1189949080065,-111.98519150295692,0.4999834069539011,6.3362208928295125,-21.137434228700496,-14.016654686793704,20.15731000672509,26.795643881780467,19.81996860377865,-0.04042994153051016,0.006128542031297313,0.04469131203682464,0.1093373913836666,0.0383278760064516,0.061880556104943585,-0.1744293586704515,-39.54624221290601,-0.3994664040930189,6.975675278001816,3.8249368423448615e-05,-0.006812803598283069,False,-0.04042994153051016,-0.04042994153051016,0.9537682177453516,0.973160733373269
2023-10-06,44561.5,44566.30078125,43857.5,44360.6015625,903800,44317.51252799577,42743.26239310215,40272.83447702124,52.61290927080382,-1.483032441395686,626.3152510888176,778.9582461441687,-152.6429950553511,0.41229528810127,6.225883770361658,-21.138031362449507,-13.714364482398182,19.40905331602819,25.51419182008168,21.00986464470955,-0.023497236867525806,0.0009722800772495876,0.03783845871481373,0.10150184705303378,0.03683036920335003,0.06134229060759244,-1.483032441395693,-40.65780355239417,-0.7482566906969019,4.504327175372133,2.8250058287548896e-05,-0.0045640878791181234,False,-0.023497236867525806,-0.023497236867525806,0.9313573000162712,0.9502941451110222
2023-10-13,44057.80078125,44710.55078125,43796.75,44287.94921875,833300,44314.69697473427,42803.83834704913,40352.34169962973,52.11376831708062,-0.4991409537231988,551.6296997602767,733.4925368673904,-181.8628371071137,0.3797202304654596,6.143665919233777,-21.138581601633497,-13.63315020041758,18.852889970747636,24.92274639183156,19.73256394905328,-0.01056376880173826,-0.0006035865708281518,0.03467237820281088,0.09753108130417076,0.03529726973163583,0.06075227717061815,-0.4991409537231988,-29.219842051762612,-0.5561633452805523,5.19018244277828,2.603076769802648e-05,-0.001051073588948261,False,-0.01056376880173826,-0.01056376880173826,0.9215186568270881,0.9402554574684239
2023-10-20,44204.75,44589.8515625,43558.1015625,43723.05078125,787100,44258.34971821195,42839.88589348838,40419.08841411726,48.2785463819389,-3.8352219351417176,441.7658773546064,675.1472049648337,-233.38132761022732,0.1831733599041276,6.254056283393187,-21.139101056434438,-13.57611185461633,18.042420649071023,23.20720806131264,19.966454987168746,-0.0031814239860785687,-0.012094868886213361,0.0206154817955726,0.08174262450656267,0.033110821729316786,0.059892431382138955,-3.8352219351417176,-51.51849050311361,-0.8104693216766137,3.240753074143896,2.4573777499758975e-05,0.0039113977576699524,False,-0.0031814239860785687,-0.0031814239860785687,0.9185869152686396,0.9372641062029925
2023-10-27,43822.69921875,43831.30078125,42105.3984375,42782.0,910700,44117.74498314415,42837.61585844962,40465.87874255058,42.64784514125967,-5.630701240679237,275.58628605552803,595.2350211829727,-319.64873512744464,-0.0556981250621871,7.128276932547782,-21.13970174581025,-13.721969911611748,17.7125178413834,20.646933657386736,27.049613910289583,0.02307282414333134,-0.030276819081630046,-0.0012982949058929494,0.05723640087454673,0.02988329530113254,0.058610789870358504,-5.63070124067923,-86.26740751721732,-0.32990280768762403,-6.402680252902847,2.8416032177069894e-05,-0.0012203371079188697,False,0.02307282414333134,0.02307282414333134,0.9397813096249981,0.9588894361012708
2023-11-03,42721.3984375,43416.1015625,42390.5,43318.25,760400,44041.60260379709,42856.46425615748,40522.361341708,46.47852042081852,3.8306752795588537,185.02579388609595,513.1931757235974,-328.16738183750147,0.1386439883515034,7.443258883811731,-21.13920021780176,13.541601204692864,17.406179519959178,19.28536771034651,25.26582200239727,0.03453392551061052,-0.016424302501079402,0.010775171303968989,0.06899619286041725,0.027653665980373887,0.05760036772701804,3.8306752795588466,-8.518646710056828,-0.3063383214242208,-5.980454292050762,-2.372446000042938e-05,0.0042398451767197455,False,0.03453392551061052,0.03453392551061052,0.9722356473678517,0.9920036524605034
2023-11-10,43627.75,43908.69921875,43283.8515625,43820.1015625,710400,44020.5072665307,42894.25395444542,40587.66312825833,49.854138867654974,3.375618446836455,151.99902815350652,440.9543462095792,-288.9553180560727,0.2846419377331716,7.355673114209988,-21.13873144032605,13.473584878316764,16.54554198773976,21.755074857637105,24.21796754219331,0.07854610817345709,-0.004552553263807435,0.02158442035238206,0.07964091019547137,0.026256507766317272,0.056829850462151166,3.375618446836455,39.21206378142875,-0.8606375322194175,-2.4628926845562056,-2.217574321072835e-05,0.005787881346206969,False,0.07854610817345709,0.07854610817345709,1.0486009736960982,1.0699216786551307
2023-11-17,43915.1015625,44420.94921875,43513.8515625,43583.94921875,743800,43978.93030959921,42921.3008275554,40646.99552608986,48.3100772218675,-1.5440616457874723,105.5528107344944,373.8740391145623,-268.32122838006785,0.2377194457432653,7.573684998304039,-21.139222252325887,-13.519528804919634,15.536209119970774,23.86895881095123,22.743327181782117,0.10461653072361887,-0.008981143653759904,0.015438683786796581,0.07225512377107957,0.024641132995782966,0.055952605402427524,-1.5440616457874725,20.634089676004862,-1.0093328677689861,1.1256316291691135,2.3218611827413582e-05,0.008009092426204727,False,0.10461653072361887,0.10461653072361887,1.1583019696775927,1.181853172822021
2023-11-24,43591.5,43806.5,43230.94921875,43769.1015625,552500,43958.946619399285,42954.54791520029,40708.81940799897,49.62736222259167,1.3172850007241692,82.73043065424281,315.64531742249835,-232.91488676825557,0.3112574226398535,7.639789489594982,-21.13885769664832,13.222210522327158,14.561457681555876,22.915520843082454,23.79826612863777,0.0850542932594609,-0.00431868985722017,0.018963152607444078,0.0751749178434713,0.02338282563657401,0.05516565058528933,1.3172850007241692,35.40634161181228,-0.9747514384148985,-0.8827452855553162,-1.7245463111881243e-05,0.007326026407491607,False,0.0850542932594609,0.0850542932594609,1.2568205250895619,1.2823748591728494
2023-12-01,43851.55078125,44951.1015625,43739.80078125,44814.19921875,851600,44040.39924790888,43027.47541730028,40790.11405771681,56.38401890922443,6.756656686632759,147.27646521354472,281.97154698070767,-134.69508176716295,0.6193847597565701,7.638729728357455,-21.138295525608072,13.654873386260988,14.51289208739908,28.857795605397456,21.822579399582335,0.07761046368970503,0.01757023060770413,0.04152518324910415,0.0986534422369898,0.02354132611278703,0.05485057865780085,6.756656686632759,98.21980500109262,-0.048565594156794845,7.0352162058151215,-2.6594201461338507e-05,0.00407267983042695,False,0.07761046368970503,0.07761046368970503,1.3543629488165014,1.3819005666172746
2023-12-08,45671.5,47303.6484375,45484.19921875,47262.0,1000000,44347.21836715565,43193.53520485713,40918.27021498975,67.41015469983844,11.026135790614012,391.4345151222369,303.86414060901353,87.57037451322338,1.204069389229098,8.922209289563968,-21.137431519049247,14.0839341200614,16.037512139637922,39.04697935130452,18.43524786822609,0.018979306842706656,0.06572636887194472,0.09419152138964937,0.15503416326446584,0.026709625799945735,0.055605111797562445,11.026135790614013,222.26545628038633,1.5246200522388413,20.611731483078433,-4.087399373231548e-05,0.003860972946013498,False,0.018979306842706656,0.018979306842706656,1.3800678187984827,1.408128081497214
2023-12-15,47233.30078125,48219.94921875,46886.8984375,48143.55078125,1000000,44708.77383516463,43387.65346275489,41061.34507768797,70.32016863559022,2.9100139357517776,648.5887816162576,372.8090688104624,275.77971280579527,1.201810467820884,11.312968092426283,-21.136721601884776,13.88671524824229,17.896219182018957,41.48625097347466,16.920651827855313,-0.00900951410856321,0.07682556803612961,0.10961407079960428,0.1724786582164446,0.030449223845300244,0.05665446128629137,2.9100139357517776,188.20933829257189,1.8587070423810346,24.56559914561935,-3.3585781878509025e-05,0.004327893815511328,False,-0.00900951410856321,-0.00900951410856321,1.3676340783142438,1.3954415316803008
2023-12-22,48068.5,48166.1484375,46919.69921875,47491.8515625,963400,44973.82885681562,43548.60240784293,41188.681839763456,65.65301603738558,-4.667152598204638,790.6841948196525,456.3840940123004,334.3001008073521,0.9891991579863988,12.607371903345287,-21.137358553971907,-13.77822501116817,19.622161435658487,38.31635774120561,15.627773863322112,-0.037705481384388784,0.05598862204285693,0.09054823660533606,0.1530315960888915,0.03272726035212581,0.05729536519911682,-4.667152598204638,58.52038800155685,1.7259422536395306,22.688583877883495,3.013485719915998e-05,-0.0031121492275159447,False,-0.037705481384388784,-0.037705481384388784,1.3160667770337104,1.3428257369845262
2023-12-29,47576.3984375,48636.44921875,47411.6484375,48292.25,868700,45289.86896569033,43734.6278036138,41329.346555807744,68.42481493191765,2.7717988945320684,956.8513119183845,556.4775375935171,400.3737743248673,1.0236377181868448,14.256296486050507,-21.13678423079027,13.67475427139274,21.45005612430504,38.32247608805071,14.458691810600536,-0.07094516330260037,0.06629255290149216,0.10421083761937489,0.1684735913932276,0.035560864243779244,0.05819790169094885,2.7717988945320684,66.0736735175152,1.827894688646552,23.86378427745018,-2.7171000585135552e-05,0.005909845485503976,False,-0.07094516330260037,-0.07094516330260037,1.2226982046199268,1.2475587457872244
2024-01-05,48203.44921875,48450.0,47481.3515625,48159.0,920100,45563.11954038649,43908.132595628944,41464.58721806898,67.44894056344484,-0.975874368472816,1065.5053060906866,658.2830912929511,407.2222147977356,0.9354353356204148,15.289011908393327,-21.1373925256938,-13.73223872560825,23.147386906619683,36.02705658282429,13.592652697526148,-0.04543389151041344,0.05697328202720087,0.09681275775308729,0.16144891897088054,0.037692036689401354,0.05893089842445476,-0.975874368472816,6.848440472868276,1.6973307823146442,22.43440388529814,2.8778971147724874e-05,0.0008682731335642904,False,-0.04543389151041344,-0.04543389151041344,1.1671462670412478,1.1908772970782602
2024-01-12,48096.6484375,48154.5,47010.80078125,47709.80078125,881700,45767.56537284968,44057.21762251605,41588.25481337949,64.12855736250006,-3.320383200944775,1102.6570127802115,747.1578755904031,355.4991371898084,0.8313274722936461,15.866824631701384,-21.137975086680825,-13.689608275247096,24.10736599863703,33.468032155240394,15.538109094815184,-0.04349735203286731,0.042436939622584546,0.08290544332666272,0.14719410553147627,0.038821056858105774,0.05936682893320788,-3.320383200944775,-51.72307760792722,0.9599790920173454,17.92992306042521,2.7560683576011158e-05,0.0018951532030023171,False,-0.04349735203286731,-0.04349735203286731,1.1163784949899076,1.1390772880592976
2024-01-19,47891.05078125,48305.3984375,45430.69921875,45701.1484375,1000000,45761.23995043543,44121.68549761346,41669.69825148089,51.83936790111972,-12.289189461380346,958.9642084027146,789.5191421528655,169.4450662498491,0.543487894403255,15.7545784913795,-21.13894084683676,-14.195863648877584,23.273644170074345,28.08860877300563,21.87544818454921,0.014960305120888195,-0.001313153074534612,0.035797883106074346,0.09674776528711337,0.03715983272920664,0.05884341257607795,-12.289189461380339,-186.05407093995927,-0.833721828562684,6.213160588456422,4.568839503193978e-05,-0.008394480647140448,False,0.014960305120888195,0.014960305120888195,1.1330798579053545,1.1561182318449386
2024-01-26,46495.44921875,46580.30078125,44429.0,44866.1484375,1000000,45675.99313967968,44150.88012270704,41732.9942947684,47.74344384968695,-4.095924051432768,768.8463222562059,785.3845781735336,-16.53825591732766,0.4288708427092942,15.786189145945505,-21.139704779012405,-13.962292152655388,21.634396386293407,24.8673312934198,24.70662482344725,0.04336457730955634,-0.017730204567268704,0.016200544877135847,0.0750761884134532,0.03454320758122931,0.057937032048566595,-4.095924051432775,-185.98332216717677,-1.639247783780938,0.16070646997254912,3.613862119111744e-05,-0.0012438166668394543,False,0.04336457730955634,0.04336457730955634,1.1822153870013923,1.206252810288766
2024-02-02,45171.5,46892.3515625,45071.19921875,45970.94921875,1000000,45704.08419482924,44222.2553813754,41816.91419425318,53.03133596221736,5.287892112530408,699.2640370587324,768.1604699505733,-68.89643289184096,0.5851785488764217,15.74369076200512,-21.138659296128235,14.275906303964966,20.36054974541624,23.880899262591505,22.13215322662619,0.02862566993098481,0.005838975413732461,0.039543298330077414,0.09933863137772381,0.03350866663571228,0.05752077200026351,5.287892112530415,-52.3581769745133,-1.2738466408771671,1.7487460359653149,-4.945588858018546e-05,0.002492391334328594,False,0.02862566993098481,0.02862566993098481,1.2160570944570257,1.240782605089415
2024-02-09,45962.25,46181.19921875,44859.1484375,45634.55078125,1000000,45697.46196496455,44277.63951470381,41892.510958352126,51.32818786730327,-1.7031480949140845,609.9439777209991,736.5171715046586,-126.57319378365946,0.5310490517132052,15.659017668384587,-21.13953292701136,-14.096244296557533,18.993164556798124,22.251652757327523,21.71649136728256,0.048236477894824326,-0.0013766887920991788,0.030645519531265375,0.08932479188507125,0.03206635371312494,0.056934485467411644,-1.7031480949140914,-57.6767608918185,-1.3673851886181154,0.5351613900449621,4.132858526584293e-05,-0.00231558889772976,False,0.048236477894824326,0.048236477894824326,1.2747154056126464,1.3006335877920931
2024-02-16,45664.30078125,46693.3984375,44633.8515625,46384.8515625,1000000,45762.9276409203,44360.275281284055,41981.46819803822,54.81389477104716,3.485706903743889,592.8659995051567,707.7869371047582,-114.92093759960152,0.6238072102411011,15.639583766697283,-21.138633090588435,14.125786212313765,18.15247544445685,22.52051313822193,19.48615437591715,0.004511171060190833,0.013590125318459378,0.04563939850188725,0.10488874147254212,0.0316195594085511,0.05666326561101531,3.485706903743889,11.652256184057947,-0.8406891123412734,3.0343587623047803,-4.256652339629241e-05,0.00041914187957480084,False,0.004511171060190833,0.004511171060190833,1.2804658648604257,1.306500968393253
2024-02-23,46554.8984375,47363.3984375,46317.69921875,46811.75,906900,45862.81548464218,44456.41154476311,42077.11734263153,56.71340076262484,1.8995059915776764,606.7840856664843,687.5863668171035,-80.80228115061914,0.6664360395984573,15.61033058250543,-21.138034268623866,13.717788572092456,17.894675329381172,24.729832367276064,18.450062077238396,0.0011108322162705075,0.02069071654956689,0.05298084963212335,0.11252274291545761,0.031635570461258755,0.056546036240009645,1.8995059915776835,34.11865644898238,-0.25780011507567835,6.279770290037668,-2.8328320095361015e-05,0.0034685438014047864,False,0.0011108322162705075,0.0011108322162705075,1.2818882475949473,1.3079522717595327
2024-03-01,46615.8515625,47342.25,45661.75,47286.8984375,1000000,45998.44243253341,44567.4110307528,42180.28132470813,58.78988668299958,2.0764859203747434,648.6772298308715,679.8045394198571,-31.127309588985558,0.7112361353833617,15.62244505100317,-21.137198064942822,14.050978649168504,17.02697333021181,22.645923339146584,20.184522974053674,-0.0034321742462029015,0.0280108616037682,0.06101964067131194,0.12106645457104959,0.03210936800419373,0.056593498930656905,2.0764859203747363,49.67497156163358,-0.8677019991693626,2.46140036509291,-3.955919790921136e-05,0.002503907375223132,False,-0.0034321742462029015,-0.0034321742462029015,1.2774885837650418,1.303463151657137
2024-03-08,47318.5,48161.25,47191.6484375,47835.80078125,783000,46173.42894193498,44695.58317783111,42292.27180899608,61.11078020745454,2.3208935244549598,717.8942422265463,687.422479981195,30.47176224535133,0.760914309426361,15.452538010847414,-21.136680332119955,13.570889252111332,16.85137220832823,25.721837660804717,19.18025099995365,0.013739709365492958,0.03600278076392205,0.07025789530309634,0.13107664202315905,0.03306469362361697,0.05682625373470285,2.3208935244549593,61.59907183433688,-0.1756011218835809,6.541586660851067,-2.449391926384603e-05,0.0038994503359184546,False,0.013739709365492958,0.013739709365492958,1.2950409056237087,1.3213723565295357
2024-03-15,47792.19921875,47853.80078125,46310.5,46594.1015625,1000000,46213.49300103641,44770.03487919068,42377.456556590216,53.73788615664226,-7.372894050812277,664.8900351465054,682.9159910142572,-18.025955867751804,0.5650422606006744,14.03815384351326,-21.13750388404399,-14.035208981635362,15.887686908698806,23.70052810544533,22.159725391511724,0.04228967085258417,0.008235875211922483,0.04074302573655486,0.09950207842886805,0.03224161262641001,0.056458752294523684,-7.3728940508122776,-48.49771811310313,-0.9636852996294234,1.540802713933605,3.896316314078163e-05,-0.013001204968696793,True,0.04228967085258417,0.0,1.3498077592631679,1.3213723565295357
2024-03-22,46458.75,46990.25,45828.80078125,46863.75,831400,46275.42223903294,44852.14135451653,42466.29405051912,55.00737156470476,1.2694854080624935,637.2958447259953,673.7919617566048,-36.496117030609526,0.5864134300928173,12.832234112904125,-21.13695430766836,13.630867508590423,14.914943390137994,22.281442873280152,23.316179526811283,0.015158804779813906,0.012713611945626146,0.0448497794025815,0.10355167663675902,0.03173272984374664,0.056182140620962384,1.2694854080625007,-18.47016116285772,-0.9727435185608115,-1.0347366535311302,-2.600006030251123e-05,-0.0012570666909090087,False,0.015158804779813906,0.015158804779813906,1.3702692315761162,1.3414027821236096
2024-03-29,46552.94921875,47440.44921875,46529.05078125,47124.6015625,804800,46356.29646031551,44941.25744110412,42558.53776362765,56.25786785119018,1.2504962864854292,629.2225057101969,664.8780705473232,-35.65556483712635,0.6107440896529197,11.833775491807112,-21.13642202671525,13.598350320871573,14.067109700671834,23.587364707328152,22.19322145559564,0.02284261687225797,0.016573910360639266,0.04858217695081568,0.10728901975515481,0.03148641359369653,0.05598687837233074,1.250496286485415,0.8405521934831768,-0.8478336894661602,1.3941432517325119,-2.5182481135366253e-05,0.0008760033829878001,False,0.02284261687225797,0.02284261687225797,1.4015697666448528,1.37204393194704
2024-04-05,47391.05078125,48557.3984375,47279.80078125,48493.05078125,1000000,46559.79687183308,45080.54345444318,42676.0528728875,62.19421427287477,5.936346421684583,724.890653495997,676.880587137058,48.01006635893896,0.8424815936116679,10.81877199322132,-21.04279963985009,18.72149028046384,14.124162093232275,27.68631097059668,20.5200316637922,0.008877560662082562,0.04152195755360921,0.07569800772822055,0.13630590264963538,0.03281356665286839,0.05634285318554544,5.93634642168459,83.6656311960653,0.05705239256044159,7.16627930680448,-0.004429434023735079,-0.002924399262190218,False,0.008877560662082562,0.008877560662082562,1.4140122872703833,1.3842243351839423
2024-04-12,48586.75,49057.3984375,48424.6484375,48564.55078125,866100,46750.72581558707,45217.17119274933,42792.656791864974,62.48072164690509,0.2865073740303216,797.2871720917537,700.9619041279972,96.32526796375656,0.8487643843943515,9.5431283962415,-21.042170230864848,13.671756808919556,14.514708634955372,29.46320527683613,19.809741375389294,-0.023544935562164526,0.03879779263358918,0.07402894741538879,0.1348804776823831,0.03391531540751602,0.05665725343197825,0.28650737403032167,48.3152016048176,0.3905465417230971,9.653463901446838,-2.991089569903682e-05,0.003786979304852357,False,-0.023544935562164526,-0.023544935562164526,1.3807194590824932,1.3516328624084564
2024-04-19,48057.5,48255.5,46579.05078125,47574.1484375,734200,46829.147017674026,45309.60167293563,42887.33979474884,56.13473028095392,-6.345991365951164,765.9157427483515,713.9526718520681,51.9630708962834,0.6081240398966857,8.55267492426611,-21.042703811538388,-13.50653811207064,13.622768546188045,26.377757867015887,27.469537295868047,0.011382232111025292,0.01590892568563751,0.049979401295797254,0.10928186884944102,0.03353693894082621,0.05647964853449294,-6.345991365951171,-44.36219706747316,-0.8919400887673277,-1.0917794288521598,2.5357682581494956e-05,-0.0026285987104451326,False,0.011382232111025292,0.011382232111025292,1.3964351284459793,1.367017461377279
2024-04-26,48145.69921875,48679.6484375,47628.44921875,48201.05078125,976500,46959.80451896698,45422.991834046,42992.56179448153,58.97509397182285,2.84036369086892,782.6179068069614,727.6857188430467,54.93218796391466,0.7455907502925604,8.766300982904038,-21.041994076565857,13.791731053363886,12.81698443703896,27.086125678262285,25.84655296417353,0.015987154714680152,0.026432100282310245,0.061159752694267766,0.12114860732576815,0.033833365502117685,0.056531407716123416,2.8403636908689336,2.9691170676312595,-0.8057841091490854,1.2395727140887551,-3.372831642201035e-05,-0.00014654898539370514,False,0.015987154714680152,0.015987154714680152,1.4187601528934595,1.3888721810299869
2024-05-03,48359.8984375,49974.75,48342.69921875,48923.55078125,1000000,47146.82797251774,45560.26865550499,43110.00712095219,62.02686693187935,3.051772960056504,844.4202529291579,751.032625660269,93.38762726888888,0.8922603008726148,9.17374479819797,-21.04108853336806,14.034566566646928,12.929813348961774,31.340715133831388,23.45237852729838,0.00123454729952166,0.037684885391821465,0.07382050688014608,0.1348536928789401,0.03482330907680131,0.05683741892406058,3.0517729600564962,38.45543930497422,0.11282891192281497,7.888336606533009,-4.303504670233327e-05,0.0011186816844194864,False,0.00123454729952166,0.00123454729952166,1.420511679408883,1.3905868094304583
2024-05-10,49174.55078125,49252.6484375,47313.3515625,47421.1015625,1000000,47172.94926680177,45633.242494994985,43195.37532771551,53.16933916479293,-8.857527767086417,763.3643727208473,753.4989750723846,9.865397648462704,0.5463019317636502,9.167953986516372,-21.042069253099825,-14.114355839296593,12.253748286415076,28.25857473475532,26.36589029491115,0.05023286211752054,0.005260478718316364,0.03917887420998212,0.09782820968042683,0.03374090219373871,0.05643815220457782,-8.857527767086417,-83.52222962042617,-0.676065062546698,1.892684439844171,4.660974313219768e-05,-0.013662769546447297,True,0.05023286211752054,0.0,1.491868046736957,1.3905868094304583
2024-05-17,47389.80078125,48188.6484375,46983.25,48115.6484375,925400,47262.7301402016,45730.59174764224,43292.80647840431,56.277637801957376,3.108298637164445,746.565193096445,752.1122186771968,-5.547025580751779,0.7103479390438462,9.10113794383652,-21.041396243801287,13.737982436068242,11.389867048605394,26.51324528948432,26.42884978902172,0.0392045337381306,0.018046318838718767,0.05215451186416642,0.11140053859759491,0.033503576796343415,0.0563092455198988,3.108298637164445,-15.412423229214482,-0.8638812378096823,0.0843955004626018,-3.1983988382666695e-05,-0.00031256040451882233,False,0.0392045337381306,0.0392045337381306,1.550356037908095,1.4451041169165741
2024-05-24,47927.1015625,49052.94921875,47435.25,48971.6484375,691200,47425.48426375383,45857.6920099896,43405.25879442601,59.81749951848607,3.5398617165286907,793.1804775149649,760.3258704447505,32.85460707021434,0.8825528078634447,9.510622703806272,-21.040893263860543,13.446185943230196,11.17702949348716,28.718874510598525,24.26302215021628,0.054925673671835984,0.03260196912586655,0.06790477869736788,0.12824228671086302,0.034188206711813995,0.05650083155081953,3.539861716528698,38.40163265096612,-0.21283755511823443,4.455852360382245,-2.3904304396804577e-05,0.0026921241473040237,False,0.054925673671835984,0.054925673671835984,1.6355103877213955,1.5244774340641607
2024-05-31,49105.8984375,49688.8515625,48313.6015625,48983.94921875,1000000,47573.90949756299,45980.29033190178,43515.72791173936,59.86778231837275,0.0502827998866806,821.6445891389958,772.5896141835996,49.05497495539623,0.8526815846215411,9.994204069807692,-21.04015062956072,13.835216121726411,11.381435602086878,29.94161181394927,22.56969859550973,0.06855920836951457,0.02963892890196962,0.06532492216049013,0.12566080287342407,0.0346587451744631,0.05663612993355316,0.0502827998866735,16.20036788518189,0.2044061085997182,7.371913218439538,-3.529480856678813e-05,0.0005176062409478345,False,0.06855920836951457,0.06855920836951457,1.7476396851836922,1.6289944001207883
2024-06-07,50889.8515625,51133.19921875,46077.8515625,49803.19921875,1000000,47786.22280434271,46130.20832746445,43640.2322940564,63.173120166900375,3.3053378485276284,899.9353365465577,798.0587586561912,101.87657789036643,0.9605427353436994,10.426659330433957,-21.03863890113422,14.544893713312776,11.103300823652672,23.460068964433965,27.257577440532373,0.05736885157117233,0.042208324827548216,0.07962224807683715,0.14122213839665942,0.035898699288819946,0.057056892287605354,3.3053378485276284,52.8216029349702,-0.27813477843420564,-3.7975084760984075,-7.184969599871582e-05,0.0009635936466866168,False,0.05736885157117233,0.05736885157117233,1.8478997668828858,1.7224479380715887
2024-06-14,49808.1484375,50252.94921875,49530.44921875,50002.0,816700,47997.24920392912,46282.04329501487,43766.207892193896,63.94905573849648,0.7759355715961078,966.8773196402616,831.8224708530054,135.05484878725633,0.9659652300536112,9.989448918773665,-21.0380429273152,13.613028333785437,10.845032815106622,22.703636510677715,26.37870039127684,0.04553614730410782,0.04176803523787709,0.08037580971248559,0.14247960717013175,0.03705985705905501,0.057483513513851836,0.7759355715961078,33.1782708968899,-0.25826800854605025,-3.675063880599126,-2.832758439463845e-05,0.0023258753982734626,False,0.04553614730410782,0.04553614730410782,1.9320460028708915,1.8008815811032732
2024-06-21,50194.3515625,51957.0,49900.19921875,51661.44921875,1000000,48346.22063391206,46493.00039006331,43922.54930460095,69.68993228098749,5.740876542491009,1140.6839127947023,893.5947592413448,247.0891535533575,1.1470429209524966,11.57245645402981,-21.03720327659271,13.95509944188742,10.633449111089757,28.11426302439109,24.005717433133903,0.011694452108608866,0.06857265245077926,0.11116617093594394,0.17619423363794562,0.03986019891813286,0.058522356424177246,5.740876542491009,112.03430476610117,-0.21158370401686533,4.108545591257187,-3.991106612866169e-05,0.0024243968545014176,False,0.011694452108608866,0.011694452108608866,1.9546402223230943,1.8219419045067613
2024-06-28,51280.25,53180.75,51138.8984375,52342.25,1000000,48726.79485925377,46722.38272770788,44089.27605104449,71.68226058949881,1.9923283085113184,1318.16681690095,978.509170773266,339.6576461276841,1.1310042235187676,12.915422379502198,-21.036346395484166,13.974564340769724,11.09218799134497,30.90594549047832,21.899549365663344,-0.0199896026871218,0.07419850107501191,0.120282120564013,0.1871877855150219,0.04290046899421518,0.059722157234219475,1.9923283085113184,92.56849257432657,0.45873888025521303,9.006396124814977,-4.0731702654395185e-05,0.00240111789328765,False,-0.0199896026871218,-0.0199896026871218,1.9155677408825882,1.785522009716653
2024-07-05,52351.1484375,53357.69921875,51996.6484375,52660.3515625,363300,49101.41930718199,46955.244250640906,44259.00031859807,72.58889254338953,0.9066319538907236,1467.5741534012775,1076.3221672988682,391.2519861024096,1.065302703585399,14.339347872845844,-21.036080718502493,12.80298697075161,11.608625473669605,29.845075323953747,20.60200372960362,-0.024880257843417186,0.07248125014580697,0.1215009612431357,0.18982243574018542,0.045706823397299035,0.06091967537978604,0.9066319538907237,51.59433997472553,0.5164374823246352,9.243071594350127,-1.2629426074162176e-05,0.005566307641285283,False,-0.024880257843417186,-0.024880257843417186,1.8679079215728973,1.7410977617298062
2024-07-12,52533.1015625,52794.55078125,51749.44921875,52278.8984375,840400,49404.03636721228,47164.01500306675,44417.8101823387,69.70680176396283,-2.8820907794267043,1537.4773825294396,1168.5532103449823,368.9241721844571,0.9445983599705154,15.123947596028149,-21.036695185878934,-13.64163443786184,11.898380106272771,28.451099111296223,20.744512861667165,-0.03432357014264986,0.058190833820122245,0.10844885521516057,0.17698054503116878,0.04749428911003184,0.0618266593840322,-2.8820907794267043,-22.327813917952483,0.2897546326031666,7.7065862496290585,2.921016441526092e-05,0.002208265170957359,False,-0.03432357014264986,-0.03432357014264986,1.8037946530067785,1.6813370705798625
2024-07-19,52330.05078125,52782.75,52146.30078125,52265.6015625,618400,49676.56638581111,47364.07722108375,44573.21199184684,69.60305873997308,-0.1037430239897503,1573.663040592481,1249.5751763944822,324.08786419799844,0.8907347851894202,15.758670626762784,-21.037147094586707,-13.334892393330367,12.167437979404289,27.605492958260136,20.127957147986592,-0.03345801201405618,0.05211783673978698,0.10348611498408689,0.17257875811283752,0.04882369298431022,0.06261306072686468,-0.10374302398975033,-44.83630798645868,0.2690578731315174,7.477535810273544,2.148192497819501e-05,0.005844492097547464,False,-0.03345801201405618,-0.03345801201405618,1.7434432698355875,1.6250828746727235
2024-07-26,52145.6015625,52547.55078125,50438.30078125,51295.94921875,1000000,49830.79332228148,47518.26827981576,44706.33550129047,62.31927133543939,-7.28378740453369,1506.7289613331304,1301.005933382212,205.72302795091852,0.7407577872076219,15.879663374380746,-21.03793539966814,-13.891916815606866,11.43937875475611,24.95803838107694,25.96354037374997,-0.0070668348187520325,0.029402620323393247,0.0794995498718305,0.14739776015122774,0.04866602101002915,0.0628978588156508,-7.28378740453369,-118.36483624707992,-0.7280592246481792,-1.0055019926730324,3.7472052550002743e-05,-0.0058828661611093945,False,-0.0070668348187520325,-0.0070668348187520325,1.7311226442317944,1.6135986824306288
2024-08-02,51546.6484375,52340.25,51087.8515625,51350.1484375,1000000,49975.49380944515,47668.53808992102,44837.89615349264,62.555146777405405,0.2358754419660158,1441.4406151318326,1329.092869732136,112.34774539969658,0.7252019396934115,15.253004632381897,-21.036995190108797,14.068058336467123,10.763323760439944,23.515941227794716,24.463344441264294,1.6583447680407204e-05,0.027506574188068234,0.07723354848084618,0.14523991629121258,0.04839577238916637,0.06313056988085042,0.23587544196601584,-93.37528255122194,-0.676054994316166,-0.9474032134695776,-4.4691151554587805e-05,-0.00032480759783336943,False,1.6583447680407204e-05,1.6583447680407204e-05,1.7311513522135933,1.613625441459956
2024-08-09,50586.25,50747.55078125,49659.05078125,50484.5,836600,50023.97058949799,47778.967968747646,44949.71009104724,56.47450936423515,-6.080637413170251,1304.8075270523914,1324.2358011961871,-19.42827414379576,0.5920515976367922,14.359753613423168,-21.03760632097804,-13.637102533303889,11.03801839526624,21.69322505508687,29.1159642363282,0.001829305281819238,0.009206174661366973,0.0566260039987061,0.12313293896093747,0.04698725644762369,0.06294273916271398,-6.080637413170251,-131.77601954349234,0.27469463482629664,-7.4227391812413295,2.9050292768451058e-05,-0.006082590034429428,False,0.001829305281819238,0.001829305281819238,1.734318156525826,1.6165772550028965
2024-08-16,50412.6015625,50830.69921875,49654.6484375,50516.8984375,580200,50070.91609883152,47886.33779105166,45059.95144444234,56.64437234363759,0.1698629794024313,1185.473700613482,1296.4833810796465,-111.00968046616435,0.5774883021439681,13.45875742004622,-21.037182528339105,13.27112987421156,11.22749537506847,20.89093436155345,27.518526543804235,0.028132216895862427,0.008907013760007576,0.05493342710663307,0.12110414721120866,0.04562007471342033,0.06272501980154543,0.16986297940243844,-91.5814063223686,0.18947697980222955,-6.627592182250783,-2.014452749365958e-05,-0.0020423391507758686,False,0.028132216895862427,0.028132216895862427,1.7831083710716429,1.6620551569695559
2024-08-23,50683.55078125,51117.8515625,50283.55078125,50933.44921875,661900,50153.06211025233,48005.83235684375,45176.25833106229,58.86703546694291,2.222663123305324,1111.6979877982303,1259.5263024233632,-147.82831462513286,0.6230958169621328,13.22577529152668,-21.036698840552347,13.402871276908108,11.168433349867994,21.43513058927774,26.411477878849592,0.05614679633648789,0.015560108907849646,0.06098460787314908,0.12743841788528965,0.044728518348509994,0.06263409432993927,2.222663123305317,-36.81863415896851,-0.05906202520047543,-4.9763472895718515,-2.2992042119085454e-05,0.0002188604099193173,False,0.05614679633648789,0.05614679633648789,1.8832241936280891,1.7553742293679349
2024-08-30,51100.6484375,51466.55078125,50938.1015625,51351.0,962000,50267.15143308544,48137.0154016734,45298.53044331849,61.024039811666654,2.157004344723745,1074.5364746917112,1222.5283368770329,-147.99186218532168,0.667026291738,13.034697576108591,-21.03599543534083,13.776770769148342,10.826039241796058,22.619682901379505,25.700023518249104,0.0483593460935523,0.021561766203469057,0.06676742568079685,0.13361293396161922,0.04425151857956666,0.0626617448861102,2.1570043447237452,-0.16354756018881744,-0.34239410807193593,-3.0803406168695986,-3.343705287839338e-05,-0.0004564820807731614,False,0.0483593460935523,0.0483593460935523,1.9742956841795007,1.8402629792496414
2024-09-06,51579.5,51750.1015625,50447.30078125,50576.8515625,752700,50296.64668350588,48232.69525111758,45403.0516535993,55.24020459164959,-5.783835220017068,971.4204682727432,1172.3067631561748,-200.88629488343167,0.5279740475832098,12.047252712369689,-21.036545844499468,-13.531423349572291,10.858377181117342,21.12225036057656,26.492622548583327,0.017502062532621654,0.005571044939781444,0.04860098112240796,0.11395269085377757,0.04279154257589379,0.062322762335600856,-5.7838352200170675,-52.894432698109995,0.032337939321283926,-5.370372188006765,2.616511114617026e-05,-0.0024357094743170824,False,0.017502062532621654,0.017502062532621654,2.008849930701895,1.8724713769889374
2024-09-13,50549.25,51994.1015625,50369.3984375,51938.05078125,716700,50452.97088329103,48378.00331112277,45532.45757691912,62.05099456780072,6.810789976151135,988.1469482918036,1135.4748001833009,-147.32785189149695,0.7295190851125749,11.575932002126208,-21.036021767110284,13.482414017264976,10.671590981523138,20.623855662221292,24.32952972074406,-0.014743525959900694,0.029434934592737605,0.07358814391805901,0.1406819123151819,0.04289072367918911,0.06249488575038131,6.810789976151135,53.558442991934726,-0.18678619959420395,-3.705674058522767,-2.491271110083293e-05,0.00272590373743822,False,-0.014743525959900694,-0.014743525959900694,1.979232399599047,1.84486454663313
2024-09-20,52038.69921875,54066.1015625,51921.44921875,53793.19921875,847100,50771.08786762045,48590.36393495129,45696.03661933161,68.9789820923304,6.9279875245296765,1137.979855591169,1135.9758112648744,2.0040443262948884,0.9714549963695024,12.332916176541865,-21.035401982076767,13.649575210917115,10.86414683438621,28.526540600765404,21.79929806975152,-0.03158391812859129,0.05952425835367836,0.10707545411192698,0.17719616838701735,0.04487976125448534,0.0633386947697614,6.9279875245296765,149.33189621779184,0.1925558528630713,6.727242531013886,-2.9463034426302492e-05,0.004059758035095786,False,-0.03158391812859129,-0.03158391812859129,1.9167204855326554,1.7865964958339284
2024-09-27,53917.8984375,54467.3515625,53741.3984375,53834.30078125,928800,51062.82243082327,48796.00851715908,45857.19036511217,69.11351839499449,0.1345363026640882,1245.6806357477471,1157.916776161449,87.76385958629817,0.949100705146795,11.648854733861318,-21.03472197903761,13.741649786023292,11.290300721961714,29.503452999190245,21.003055468026403,-0.05659684473065896,0.05427585508383048,0.10325213920559095,0.1739554986388081,0.0464549044593896,0.06408631075406546,0.13453630266408823,85.75981526000328,0.426153887575504,8.500397531163841,-3.232660063912096e-05,0.0021856022974205812,False,-0.05659684473065896,-0.05659684473065896,1.8082401538208905,1.685480771362876
2024-10-04,53556.94921875,53726.3984375,51347.25,51462.05078125,947600,51100.84417848296,48900.55919418226,45968.1777000852,54.438559988110185,-14.6749584068843,1126.6264819017888,1151.658717309517,-25.032235407728194,0.5259690786170058,10.26082313794308,-21.03541574136144,-13.761688806563804,10.987085658697607,25.99971057945092,29.940887876837152,0.004116580140781867,0.007068505590738017,0.05238164203595619,0.11951470247546081,0.04499508841122779,0.06379155408833226,-14.6749584068843,-112.79609499402636,-0.30321506326410663,-3.9411772973862327,3.298176816990406e-05,-0.012293192852213666,True,0.004116580140781867,0.0,1.815683919327874,1.685480771362876
2024-10-11,51543.19921875,51784.80078125,50194.30078125,51172.30078125,1000000,51107.649569222674,48989.64709955746,46071.22964228648,52.95943493880719,-1.4791250493029937,997.3974271005136,1120.8064592677165,-123.4090321672029,0.4453089907761667,9.349964704247856,-21.03616562873003,-13.840204146163924,11.341791923559146,24.03400205281697,33.15779405365338,0.007599784093399453,0.0012650006911345546,0.04455336608685756,0.11072140202399772,0.04323367476726214,0.0633457687135901,-1.4791250493029935,-98.3767967594747,0.3547062648615391,-9.123792000836414,3.564880189710351e-05,-0.009656828751803119,False,0.007599784093399453,0.007599784093399453,1.8294827250966232,1.6982900613188103
2024-10-18,51263.25,52199.44921875,51000.8984375,52094.19921875,569300,51201.60667870146,49111.39424148659,46190.49636657289,56.96584890640967,4.006413967602477,958.3249953946652,1088.3101664931062,-129.985171098441,0.6177285675825442,8.287626491080017,-21.03574919974146,13.252164571480751,11.37476427212877,24.64457208098635,31.24096868413791,-0.036753582283896025,0.017432900995660416,0.06073549780722165,0.12781206777525567,0.0425606413643449,0.06323590575284443,4.006413967602477,-6.576138931238091,0.03297234856962383,-6.596396603151561,-1.9795859945159755e-05,0.0006495893056250158,False,-0.036753582283896025,-0.036753582283896025,1.7622426812228182,1.6358718178082066
2024-10-25,52361.1015625,52577.5,50382.1015625,50787.44921875,1000000,51162.16311108704,49177.12188765378,46281.52513592293,50.41180091594485,-6.554047990464817,812.5494435408618,1033.1580219026573,-220.60857836179548,0.2881860194977809,7.794744898432173,-21.03648143734451,-13.816710837340697,11.7480004680146,22.121899281626277,30.928264071583456,0.006851086717336807,-0.007324043190344187,0.03274545701912057,0.09735902327319046,0.04036513621045423,0.06256485159524994,-6.554047990464817,-90.6234072633545,0.37323619588583057,-8.806364789957179,3.480920009524269e-05,-0.008754165571007255,False,0.006851086717336807,0.006851086717336807,1.774315958648868,1.6470793174904579
2024-11-01,51061.3515625,52354.8515625,51012.55078125,51673.8984375,1000000,51210.89980884065,49275.034693530106,46388.30480526109,54.2565662821089,3.8447653661640473,759.7919039141998,978.484798304966,-218.69289439076613,0.4866797965477181,7.219682879385632,-21.035427231682828,14.180987351722058,12.094576935622868,20.507867885877385,28.671713284870066,0.007386768495155627,0.009041017251944838,0.04868314672713714,0.11394237522642658,0.03928693561254315,0.0622296913066247,3.8447653661640473,1.9156839710293525,0.34657646760826744,-8.163845398992681,-5.011321236492172e-05,-0.001569623901867792,False,0.007386768495155627,0.007386768495155627,1.7874224198726671,1.6592459111019189
2024-11-08,51764.5,52493.94921875,50865.44921875,51561.19921875,1000000,51244.26165740345,49364.68820432304,46490.73835800344,53.686651982782045,-0.5699142993268538,700.8088009569692,922.9495988353668,-222.1407978783975,0.4578690723393503,7.224941107312427,-21.03623363947424,-13.912910371145044,12.504401505219525,18.960046245606843,27.189486772846816,0.03778618051500837,0.006184840040538653,0.044495591774741605,0.10906389185952081,0.03807526232720737,0.06181768558263512,-0.5699142993268538,-3.447903487631379,0.4098245695966565,-8.229440527239973,3.8335698273606056e-05,-0.007259662548837092,False,0.03778618051500837,0.03778618051500837,1.854962286086549,1.7219424766176055
2024-11-15,51562.69921875,52177.69921875,49904.3984375,50179.55078125,633100,51142.86062157931,49396.64359949665,46563.78414856278,47.148084242546936,-6.538567740235109,536.393573700363,845.638393808366,-309.2448201080029,0.134879179310485,7.593592869286852,-21.0366965015629,-13.358385246060273,13.43754607028121,17.027998605858848,28.726773346898543,0.06784138054245048,-0.01883566598781239,0.01584940037831495,0.07765190692300772,0.03535092457375888,0.06083825665662346,-6.538567740235109,-87.10402222960539,0.933144565061685,-11.698774741039696,2.2003087462918458e-05,-0.0008697619975117648,False,0.06784138054245048,0.06784138054245048,1.9808054884288404,1.83876143144603
2024-11-22,50312.44921875,51271.5,49787.1015625,51135.3984375,785300,51142.14993738128,49464.83006373208,46654.3111641853,51.54483823582146,4.3967539932745225,477.7154329158439,772.0538016298617,-294.33836871401786,0.3954920301624471,7.405599627612893,-21.036122333459748,13.573822362760856,14.369027056198757,15.88941575550892,27.33431657308532,-0.007356923584154851,-0.0001320143930113593,0.03377285177398792,0.09604872864899683,0.03390934268829149,0.0602413545375482,4.3967539932745225,14.906451393985037,0.9314809859175472,-11.4449008175764,-2.7293643900305753e-05,-0.0011277794085571338,False,-0.007356923584154851,-0.007356923584154851,1.9662328538153948,1.8252338041053904
2024-11-29,52046.3515625,52760.19921875,51759.44921875,52055.6015625,1000000,51229.14533024974,49566.4289460367,46761.26740969649,55.39219119643423,3.847352960612767,499.7049971682427,717.584040737538,-217.87904356929528,0.6406402176178305,7.348961084250676,-21.03536524093148,13.849719695663858,13.940648124931958,21.42263362129315,25.33724028053861,-0.014298188070237972,0.016132539922782074,0.05021892174587106,0.11322050162621689,0.033545212345703845,0.05998899712796324,3.847352960612774,76.45932514472258,-0.42837893126679916,-3.9146066592454574,-3.5990118153250705e-05,-0.00073505713929341,False,-0.014298188070237972,-0.014298188070237972,1.9381192866816617,1.7991362679021357
2024-12-06,52087.6484375,53888.30078125,51693.94921875,53509.5,869700,51446.32196546405,49721.05918344703,46894.89577782132,60.70144637139553,5.309255174961301,627.2191465435681,699.511061898744,-72.29191535517589,0.9668217084606262,7.990594734085846,-21.034728497195967,13.675904753398973,13.1566511922267,24.303001733740743,22.903475519539807,-0.04710750836300093,0.040103508972341384,0.07619388803797245,0.14105168830137416,0.03469883406247676,0.060265906528836455,5.309255174961294,145.5871282141194,-0.7839969327052572,1.399526214200936,-3.0270153535183475e-05,0.002914676336519287,False,-0.04710750836300093,-0.04710750836300093,1.846819316175812,1.7143834411157575
2024-12-13,53380.75,53775.1015625,52264.55078125,53583.80078125,584600,51649.89137649128,49872.53924610597,47027.349342245645,60.9571917239129,0.2557453525173727,725.902725936845,704.7893947063642,21.113331230480757,0.9222605778801848,8.630647144766277,-21.034300259115447,13.27868484222915,12.42865404042896,22.687457260826317,21.38096469180313,-0.09050594159134351,0.0374426616052661,0.0744149303653876,0.13941783942125263,0.035637891257443544,0.06050074996050081,0.25574535251737274,93.40524658565664,-0.7279971517977408,1.306492569023188,-2.035862172300451e-05,0.0038538062935337637,False,-0.09050594159134351,-0.09050594159134351,1.679671195016239,1.5592215535289682
2024-12-20,53502.5,53738.8984375,50609.3515625,50759.19921875,725600,51565.06355194449,49907.31022542535,47101.24735960217,48.13317229388795,-12.824019430024949,569.6221837129124,677.7559525076738,-108.1337687947614,0.2988381106483797,8.763859314372358,-21.03483175673341,-13.494755555951905,12.440462978911505,19.757144416296597,25.450598095627697,-0.04370828717546971,-0.0156281070493145,0.017069423086052193,0.0776614647000875,0.033216643394149425,0.05957512853958713,-12.824019430024947,-129.24710002524216,0.011808938482545273,-5.6934536793311,2.5268138774015014e-05,-0.005802312590333519,False,-0.04370828717546971,-0.04370828717546971,1.606255644064105,1.491070650097142
2024-12-27,51044.3984375,51740.0,50951.80078125,51311.30078125,392300,51540.89566902121,49962.36867859494,47184.61475409024,50.33263596234346,2.199463668455508,484.7310324410282,639.1509684943447,-154.41993605331652,0.4092807133653832,8.52994750175398,-21.03454443443084,12.879784681263985,12.45142842178815,18.931856668020814,24.387485615805595,-0.057365530695639766,-0.004454615791809058,0.026998962185573294,0.08745829649487669,0.03159431852762706,0.05886990789225233,2.1994636684555076,-46.286167258555125,0.01096544287664436,-5.455628947784781,-1.3659358244266784e-05,-0.0029574798605304076,False,-0.057365530695639766,-0.057365530695639766,1.5141119366095008,1.4055345909496268
2025-01-03,51255.3515625,51979.75,50485.05078125,50988.80078125,785300,51488.31520351919,50002.62091791475,47259.94517046964,49.02484373954199,-1.3077922228014671,386.97037509193615,588.7148498138631,-201.74447472192696,0.3275397452263957,8.3639784591963,-21.03511950896777,-13.573822362760856,12.755613960823796,17.717251142089747,24.826287496411627,-0.02748841982993666,-0.009701510338700037,0.01972256344230794,0.07890097200346169,0.02971232824062131,0.05803383261559247,-1.3077922228014671,-47.324538668610444,0.3041855390356467,-7.10903635432188,2.7339528969827498e-05,-0.0008209255666100756,False,-0.02748841982993666,-0.02748841982993666,1.4724913920264604,1.3668986660281053
2025-01-10,50990.6484375,51026.1015625,48631.19921875,48734.1484375,698400,51226.013606755456,49952.87689907495,47289.13731437123,41.00353976004919,-8.0213039794928,126.10904205384576,496.1936882618597,-370.0846462080139,-0.0756530954695527,9.727867628745026,-21.035630669013194,-13.45654871535072,14.035501312167172,15.951380067964294,30.06710810007835,0.02923418528236188,-0.048644526360857365,-0.024397563007978018,0.030556935592259693,0.025486754451655713,0.05632878364846383,-8.0213039794928,-168.34017148608694,1.2798873513433762,-14.115728032114056,2.4300315726977217e-05,-0.00445937549484788,False,0.02923418528236188,0.02923418528236188,1.5155384782076449,1.4068588348929842
2025-01-17,48264.25,49459.0,47898.3515625,48540.6015625,743100,50970.26007873112,49897.493552542604,47313.918784631205,40.39256752016132,-0.6109722398878787,-95.14627205922444,377.9256961976429,-473.0719682568673,-0.0167568802807137,11.065468554286262,-21.03617425830648,-13.518587249858555,15.55385695968383,14.908580366104434,31.171320248406204,0.011512994035115964,-0.04766816006977692,-0.027193590167285286,0.025926467504256978,0.021499407080615818,0.05460496264686099,-0.6109722398878716,-102.9873220488534,1.5183556475166586,-16.26273988230177,2.584135944583288e-05,0.00237397023865093,False,0.011512994035115964,0.011512994035115964,1.5329868636672381,1.4230559922673574
2025-01-24,48834.1484375,49650.6015625,48074.05078125,48367.80078125,724000,50722.406812304354,49837.50560072721,47334.7877350593,39.82205132512164,-0.57051619503968,-281.19484233803087,246.1015884905081,-527.296430828539,0.020889432677907,12.213907263099086,-21.036703591607814,-13.49254805258237,16.785830487921963,14.725630622364005,29.101620379529404,0.01268195840191666,-0.04642141765408436,-0.029489935376215137,0.02182354871796721,0.017755728359812428,0.05287269649704651,-0.57051619503968,-54.224462571671666,1.2319735282381323,-14.3759897571654,2.5163002304262605e-05,0.005092642828040352,False,0.01268195840191666,0.01268195840191666,1.5524281393029506,1.4411031291648901
2025-01-31,47881.6484375,49674.80078125,47844.1484375,49587.19921875,1000000,50614.291803394415,49827.68966417908,47379.38994265713,45.65527377587244,5.833222450750803,-326.4809426437787,131.58508226365075,-458.06602490742944,0.2407124353614924,12.560960127667531,-21.03584160006369,13.980008378165644,18.041350373072078,13.596697522557587,27.833349789416506,-0.0250568699094863,-0.020292540862451247,-0.004826441824814731,0.046598516333050455,0.0157864461410262,0.051674361457273,5.833222450750796,69.23040592110954,1.2555198851501146,-14.236652266858918,-4.097559964044706e-05,0.0045542193649005525,False,-0.0250568699094863,-0.0250568699094863,1.5135291493726106,1.4049935955312518
2025-02-07,49074.80078125,50641.75,48906.05078125,50158.8515625,764700,50570.91654235685,49840.676405289705,47434.428786614415,48.190694118341625,2.5354203424691875,-312.6390286509122,42.74026008073815,-355.3792887316504,0.3488776794340247,11.867590873114574,-21.03528201944152,13.547240186733829,18.29318416157812,16.653943105464137,25.812743306244524,-0.03312180224919803,-0.008148260067853741,0.006383845087153173,0.05743555568343628,0.014651489300206322,0.05072787172161153,2.5354203424691875,102.68673617577906,0.251833788506044,-9.158800200780387,-2.6601294723982427e-05,0.00465081604358482,False,-0.03312180224919803,-0.03312180224919803,1.4633983361886942,1.358457675498676
2025-02-14,50052.5,50155.6484375,48719.75,49099.44921875,611100,50430.77679725144,49811.60867248423,47467.39948824087,44.08577443744968,-4.104919680891946,-382.7421145835542,-42.35621485212032,-340.3858997314339,0.1967550886372022,11.27802765497505,-21.03572922610302,-13.323017527275058,18.635588702894623,15.640129162024422,25.02945387406238,-0.021162167759169237,-0.02639910909668952,-0.014297057909065769,0.0343825393449968,0.012430197322842895,0.04938566699496749,-4.104919680891946,14.993389000216496,0.3424045413165011,-9.389324712037958,2.1259836739284665e-05,0.006558722891721248,False,-0.021162167759169237,-0.021162167759169237,1.43242965509978,1.3297097662760418
2025-02-21,48880.3984375,49628.25,48525.6015625,48981.19921875,543200,50292.7217897751,49779.0435958672,47497.37572052817,43.63894616997804,-0.4468282674716377,-442.7374996922299,-122.43247182014224,-320.30502787208763,0.2074014953587351,11.677939113351714,-21.036126575308923,-13.20523469616749,19.070466281105613,14.892085398793592,24.67447135157418,0.032917764126175086,-0.02607778072754352,-0.016027716072541054,0.031240115389796763,0.01031916559261803,0.04803776715505781,-0.44682826747163773,20.080871859346246,0.4348775782109904,-9.782385952780588,1.8889252739073825e-05,0.007120437252779983,False,0.032917764126175086,0.032917764126175086,1.479582036613693,1.373480838718588
2025-02-28,48619.80078125,48972.55078125,48078.69921875,48344.69921875,676800,50107.195830629855,49722.794796764574,47514.15440366128,41.2173370833865,-2.4216090865915447,-535.471918228177,-205.0403611017492,-330.4315571264278,0.1435903485073008,12.360849614597214,-21.036621431714888,-13.42513256481443,19.743755760318034,14.289659839778183,25.67947071988119,0.06660817826540733,-0.03517452099769003,-0.027715569562156706,0.017479945197650837,0.007730881488791308,0.04648384088538249,-2.4216090865915447,-10.126529254340142,0.6732894792124213,-11.389810880103008,2.3524121904872075e-05,0.013516709158303703,False,0.06660817826540733,0.06660817826540733,1.5781343006667523,1.4649658952680769
2025-03-07,48478.6015625,48839.1015625,47841.30078125,48497.5,661500,49953.89146580797,49674.74402042087,47533.62659368778,42.04872673737161,0.8313896539851129,-589.8356092523172,-281.9994107318628,-307.83619852045445,0.2008906143108908,12.57453964688835,-21.036137764928167,13.4022667742518,20.51130437991412,13.633028616249923,25.592746336460674,0.06196606461673282,-0.029154714939572335,-0.023699045533821295,0.020277716542676183,0.005619504456275459,0.045044268240568286,0.8313896539851129,22.59535860597333,0.7675486195960843,-11.959717720210751,-2.2991657110504882e-05,0.013047440285739828,False,0.06196606461673282,0.06196606461673282,1.6759250727157506,1.5557440665955684
2025-03-14,48312.0,48599.1484375,47702.8984375,48060.3984375,735400,49773.5587964453,49611.43635050241,47544.05771930783,40.29311811917027,-1.755608618201336,-660.5749720575259,-357.71452299699547,-302.8604490605304,0.1692387287905452,13.211327303942925,-21.03667545041169,-13.508171207652572,21.30941695362417,13.052833012428952,25.1607662350619,0.06121366490179758,-0.03441908516028491,-0.03126371714062859,0.010860257684368602,0.0032678442284457265,0.043483428431793536,-1.755608618201336,4.975749459924032,0.7981125737100498,-12.107933222632948,2.5560085674003474e-05,0.013744427613363239,False,0.06121366490179758,0.06121366490179758,1.7785145885174933,1.6509768625611094
2025-03-21,48219.55078125,50672.1484375,48196.1015625,50593.55078125,756700,49851.65327118861,49649.950641904274,47604.44372053441,52.63533013586807,12.342212016697792,-506.3947990039669,-387.45057819838974,-118.94422080557716,0.5599718135422665,12.98896723231614,-21.036122187188766,13.536723474209426,20.00785619001825,20.866682712495606,22.196280228160344,0.07306560580187593,0.014882104431432452,0.019005056946609145,0.0627905049844375,0.004062494054406951,0.042968823107736975,12.342212016697793,183.91622825495324,-1.30156076360592,-1.3295975156647373,-2.6299936234042143e-05,0.010500771847572482,False,0.07306560580187593,0.07306560580187593,1.908462834354998,1.7716064871890174
2025-03-28,50982.69921875,52063.94921875,50795.8984375,51564.8515625,1000000,50014.81501321826,49725.04479565313,47682.86763819709,56.36033727213756,3.7250071362694896,-302.3448028195125,-370.4294231226143,68.08462030310176,0.7088788684278973,12.990134200225516,-21.035313347253236,13.915809183847298,19.357468705967616,25.78632258722851,20.716395628440683,0.06010294075982303,0.030991548181715345,0.03699959998844893,0.08141255164765271,0.005827450105996945,0.04282832091709432,3.7250071362694968,187.02884110867893,-0.6503874840506327,5.069926958787828,-3.845004931668505e-05,0.00241021360362105,False,0.06010294075982303,0.06010294075982303,2.0231670630305607,1.878085246938257
2025-04-04,51178.1484375,51893.6015625,50742.0,51502.69921875,807000,50156.51827088795,49794.7567338138,47758.50786751496,56.056537586813846,-0.3037996853237104,-143.9890690958564,-325.1413523172627,181.15228322140632,0.686415682224945,13.167059428135309,-21.03590385389904,-13.60108018640869,18.70895572061543,24.41345457648194,19.86263142433996,0.07014491276283996,0.026839601197824914,0.03429964512260364,0.07839841566285233,0.007265052804816374,0.04263635857191184,-0.3037996853237175,113.06766291830456,-0.648512985352184,4.55082315214198,2.8072158282377302e-05,0.0047164586233087325,False,0.07014491276283996,0.07014491276283996,2.1650819401714907,2.0098233727459176
2025-04-11,49336.1015625,51244.69921875,49156.94921875,51002.3515625,680900,50237.07382247005,49842.11339376227,47822.74239612853,53.55386741153392,-2.502670175279931,-58.19405862465646,-271.7518935787415,213.55783495408505,0.6120461610454834,13.14307401785034,-21.03640181822659,-13.43117220011442,17.830024427285082,21.860391879259005,24.851802310882967,0.05083880170353661,0.015233326342499964,0.023278269915475436,0.06648738669217091,0.007924231173495944,0.042226164716919756,-2.502670175279924,32.40555173267873,-0.8789312933303499,-2.9914104316239616,2.3672114638273456e-05,0.004883514487268088,False,0.05083880170353661,0.05083880170353661,2.2751521115997773,2.1120003846520805
2025-04-18,52299.0,54407.19921875,51863.30078125,54290.19921875,699200,50623.0857649729,50016.54813199709,47950.81084806163,64.7049230247767,11.15105561324279,271.9658800906618,-163.00833884486082,434.9742189355226,1.0337001508456387,14.56707505345788,-21.035890467091143,13.45769353352839,17.96341695908535,31.83901484562122,21.360107207264477,0.019611260118240548,0.07243954805130515,0.08544474271743918,0.13220607240147708,0.012126739161909317,0.043080341028664204,11.151055613242782,221.41638398143752,0.13339253180026844,10.478907638356745,-2.4307918239374615e-05,0.006792667629629766,False,0.019611260118240548,0.019611260118240548,2.3197707114689248,2.1534193735653164
2025-04-25,54891.25,56098.69921875,54176.44921875,54664.05078125,966700,51007.93957604691,50198.80313785015,48083.74629228318,65.71294230693795,1.0080192821612428,557.36178714579,-18.934313646730644,576.2961007925206,1.043459337376798,15.44253117951479,-21.035183052243283,13.78164452289925,18.797407109754527,36.25857213048992,19.679060955766577,0.013431116213616479,0.07167729642857368,0.08895127700829653,0.13685091109514658,0.0161186400395803,0.04398693963466016,1.0080192821612428,141.32188185699806,0.8339901506691767,16.57951117472334,-3.362894710667863e-05,0.006182060119222245,False,0.013431116213616479,0.013431116213616479,2.350927821483608,2.182342199428325
2025-05-02,54610.30078125,55957.75,54582.3515625,55115.3515625,720200,51399.12166999482,50391.60895842465,48222.986000604295,66.94039274384563,1.227450436907688,810.6120696716534,146.9749630169462,663.6371066547073,1.0500354584914764,16.58360236272369,-21.034655696475365,13.487285618699142,19.57182653537591,34.185468055155354,18.553899674750465,0.011509454957039589,0.07230142795756356,0.09374065844916069,0.14292697598214543,0.01999366030168659,0.04497073154684328,1.227450436907688,87.34100586218665,0.7744194256213817,15.63156838040489,-2.507017726482985e-05,0.008935996147162471,False,0.011509454957039589,0.011509454957039589,2.3779857193522247,2.207459768673492
2025-05-09,55065.80078125,55345.5,53483.05078125,53595.25,1000000,51608.27674904293,50517.24194044722,48329.36746593886,59.24678972827791,-7.693603015567724,878.5281256999297,293.2855955535429,585.2425301463868,0.8347499169202853,17.37081744598597,-21.035452627020337,-13.900312078351767,19.500594355997404,31.55451826983657,21.668557583168123,0.05566068704782601,0.03850105789463143,0.06092985169660148,0.10895823409591232,0.021597275834692065,0.04527008295836499,-7.693603015567724,-78.39457650832048,-0.07123217937850512,9.885960686668447,3.788655048464484e-05,-0.0016737883352951769,False,0.05566068704782601,0.05566068704782601,2.510346038281288,2.3303284960282937
2025-05-16,54658.75,55499.6484375,54442.30078125,55354.8984375,809200,51965.09786222932,50706.95395993948,48468.486891118286,64.35406755217011,5.107277823892197,1062.0978099021377,447.0480384232619,615.0497714788758,0.9641339660161944,19.07745960170333,-21.03486024277185,13.603802620063396,19.50845853219315,29.72164848126897,19.975661650219408,0.0031154085702951306,0.06523225616273787,0.09166286109855037,0.14208018422055657,0.024812058387175595,0.04618396843808603,5.107277823892197,29.807241332488957,0.007864176195745642,9.745986831049564,-2.816123137405757e-05,0.008600039242387794,False,0.0031154085702951306,0.0031154085702951306,2.518166791843356,2.3375884213964233
2025-05-23,55326.05078125,55695.55078125,54576.6015625,55398.25,638100,52292.06473249319,50890.92635366734,48605.70992297733,64.472197370378,0.1181298182078904,1197.274777611543,597.0933862609181,600.1813913506248,0.9126985638985776,20.522174140782788,-21.03439286667319,13.366251857007692,19.614050183869782,29.146291116781924,19.034676017176675,0.01542650828320391,0.059400700343291035,0.08856831599033854,0.13974778041070524,0.027532184599836418,0.047015390461558004,0.11812981820789048,-14.86838012825092,0.10559165167663309,10.111615099605249,-2.22191207007727e-05,0.007954047083261268,False,0.01542650828320391,0.01542650828320391,2.5570133127162165,2.373649248541817
2025-05-30,55534.8984375,55875.75,55037.8515625,55749.69921875,831300,52621.36325499384,51081.46646602352,48747.17505754709,65.47121547108169,0.9990181007036938,1317.574336399688,741.1895762886721,576.3847601110159,0.8932764404104441,21.39208921462866,-21.033783653465026,13.630747222453618,19.80620249914825,28.86667658150283,18.338048503720145,0.030389387610905594,0.05944992243163294,0.09138799403559639,0.1436498454102475,0.03014590017681984,0.04788567554367518,0.9990181007036938,-23.796631239608928,0.19215231527846655,10.528628077782685,-2.8962718915948038e-05,0.007845037939845614,False,0.030389387610905594,0.030389387610905594,2.6347193814025953,2.4457829956080888
2025-06-06,55598.25,56695.0,55400.55078125,56578.3984375,1000000,52998.22374856586,51297.03242568927,48902.24878784319,67.77240276556606,2.3011872944843645,1462.918095505498,885.5352801320373,577.3828153734607,0.9120841303656588,22.255935803600497,-21.03300343891506,13.87745289944198,20.403488848883462,30.842325990869867,17.28556103364531,0.008015426603157794,0.06755272980315707,0.10295656029345368,0.15696925683231666,0.03316354265407062,0.04897082848348289,2.3011872944843645,0.9980552624448364,0.5972863497352137,13.556764957224559,-3.709339997126637e-05,0.0060216152040260765,False,0.008015426603157794,0.008015426603157794,2.655837781224145,2.4653869896966367
2025-06-13,57049.5,57049.5,55149.30078125,55527.3515625,766100,53239.09306417864,51462.9272937995,49033.43894179678,62.11786586416504,-5.654536901401016,1476.275784599733,1003.6833810255764,472.5924035741566,0.7906345943304096,22.04919517029396,-21.03356532220139,-13.549069293816682,21.132436832539224,29.828602840421816,15.847663742019892,0.02210347912719257,0.04298079412365108,0.07897771235392215,0.13243844936945104,0.03451350056787672,0.04954758231186962,-5.654536901401016,-104.79041179930414,0.7289479836557611,13.980939098401924,2.671436288026463e-05,0.006318567312254787,False,0.02210347912719257,0.02210347912719257,2.714541036186642,2.5198806195638483
2025-06-20,55554.1015625,56328.19921875,55381.44921875,56252.8515625,623200,53526.11768306639,51650.76746119952,49176.39760755328,64.33017183514191,2.212305970976871,1527.7921987379596,1108.505144568053,419.28705416990647,0.8175136659593288,22.406705699901035,-21.03310827049552,13.342624378158698,21.809317103076715,28.554119900125745,15.170542618016643,0.0005359450527855358,0.05094211942623739,0.08910001394960121,0.14389939684926834,0.036308274088582504,0.05031620805966042,2.212305970976871,-53.30534940425014,0.6768802705374917,13.383577282109101,-2.1729635412137682e-05,0.00761606020125851,False,0.0005359450527855358,0.0005359450527855358,2.7159958810255698,2.521231137115514
2025-06-27,55832.3515625,57475.3984375,55779.25,57443.8984375,732900,53899.23965967912,51877.94906811327,49340.11049527499,67.66838644675323,3.3382146116113205,1645.7556106839984,1215.9552377912423,429.80037289275606,0.8709425198957487,23.262187861723973,-21.0325704979421,13.504765910355635,22.99840214533261,31.53046090164533,14.015193003160736,-0.015928584669362866,0.06576454139616672,0.10728931018608523,0.16424340887929434,0.0389624229152159,0.05143560781205214,3.3382146116113205,10.51331872284959,1.1890850422558934,17.515267898484595,-2.556790686880639e-05,0.00853895560825074,False,-0.015928584669362866,-0.015928584669362866,2.672733910673013,2.4810714934769353
2025-07-04,57529.94921875,57628.3984375,56623.6015625,57031.8984375,879700,54197.58811470967,52080.064729657846,49492.423127794296,65.38873110368888,-2.2796553430643485,1686.555940719394,1310.0753783768728,376.48056234252135,0.8053802054398537,23.075954750267947,-21.033215951677384,-13.687337355991286,24.172816720855643,30.775041274549,13.365801761529369,-0.02479834818316451,0.052295875543234116,0.09508117421793938,0.15233595029764535,0.04065900063764638,0.052283590867676866,-2.2796553430643485,-53.319810550234706,1.1744145755230342,17.40923951301963,3.068829534402795e-05,0.0026078149773040133,False,-0.02479834818316451,-0.02479834818316451,2.606454524555193,2.4195450187143703
2025-07-11,56938.69921875,57363.69921875,56607.75,56754.69921875,497400,54441.12250557066,52263.38372923009,49636.23057513995,63.83064283234614,-1.55808827134274,1677.189242348613,1383.498151171221,293.6910911773923,0.7577030429228463,22.33241411391837,-21.03358071985683,-13.117151820803784,25.24561361724697,29.66151689103933,12.958062663927786,-0.030830940967649823,0.04249685911495682,0.08593617881285387,0.14341275639039575,0.04166853772084789,0.05292813583241629,-1.55808827134274,-82.78947116512904,1.0727968963913277,16.703454227111543,1.7342482494520084e-05,0.006203210739464333,False,-0.030830940967649823,-0.030830940967649823,2.526095078973768,2.3449481690738163
2025-07-18,56780.75,57276.55078125,56204.8515625,56283.0,679900,54616.53940980202,52421.01573984852,49767.84977167183,61.16000793249157,-2.6706348998545764,1613.108965578365,1429.4203140526502,183.6886515257152,0.6994030511652682,20.59251253058908,-21.034079109227623,-13.429702478318,25.779823818408108,28.10874548332793,14.247765231267463,-0.016721717703391814,0.030512013543994465,0.07367244235246173,0.13091082412076882,0.04188250912285452,0.0533108418456707,-2.6706348998545764,-110.00243965167712,0.5342102011611374,13.860980252060466,2.3694937035800834e-05,0.00554589087033655,False,-0.016721717703391814,-0.016721717703391814,2.4838544301712417,2.3057366077614785
2025-07-25,56558.8984375,57316.6015625,56255.69921875,56528.8984375,701200,54798.66884101135,52582.10917897211,49901.731923470405,62.05137511528005,0.8913671827884855,1564.136442147792,1456.3635396716786,107.77290247611336,0.7049504180779218,18.492830373645944,-21.03356510223317,13.46054985815484,26.29966044987203,26.82250489123421,13.494647469694431,-0.024403447407085332,0.03157429976097781,0.07505954630108747,0.13280433881920284,0.042154255442565125,0.0537131107916724,0.8913671827884855,-75.91574904960183,0.5198366314639209,13.327857421539779,-2.4436867037791465e-05,0.005194370018301323,False,-0.024403447407085332,-0.024403447407085332,2.423239819217702,2.2494686857193797
2025-08-01,56215.1015625,56578.3984375,55547.3515625,55617.6015625,712200,54876.66243353408,52701.14809597321,50014.91746087693,56.84474609762838,-5.206629017651672,1435.246692256056,1452.1401701885543,-16.893477932498172,0.5944040912772791,14.97123595316272,-21.034087170552905,-13.4761154539248,25.96358397735824,25.41639956334241,16.388749165558703,-0.03527575928989435,0.013501898550469127,0.05533946739102702,0.11202026087528072,0.04128020766452911,0.05370858878648588,-5.206629017651672,-124.66638040861153,-0.33607647251378836,9.027650397783706,2.4820724266128025e-05,-0.00034322758773459416,False,-0.03527575928989435,-0.03527575928989435,2.3377581946532913,2.170116969831788
2025-08-08,55557.5,55752.44921875,54905.6015625,55004.8984375,547200,54888.87538629273,52791.49124662131,50113.72896536451,53.58896292363541,-3.255783173992967,1269.0320042524836,1415.51853700134,-146.48653274885646,0.4919516848195832,13.122983283678868,-21.034488102842776,-13.212571472774188,24.97807747148945,24.29008644094905,19.02068456380178,-0.016186697576792475,0.0021137808051399087,0.04192734735487025,0.0976013873466881,0.03972958691152062,0.05343370642219636,-3.255783173992974,-129.5930548163583,-0.9855065058687913,5.269401877147271,1.9061073895043634e-05,0.0002463754516150289,False,-0.016186697576792475,-0.016186697576792475,2.29991760974877,2.1349899427348555
2025-08-15,54999.3515625,55582.1484375,54927.55078125,55341.8515625,334200,54932.01597450295,52891.505376655776,50217.25614550581,55.11162355006034,1.5226606264249227,1151.2243697282902,1362.6597035467305,-211.43533381844009,0.5138930623571092,11.717633113429573,-21.034243254313367,12.71949788735918,24.06296428746843,23.42592342907092,18.34398989247575,-0.009622930317908951,0.007460778213333352,0.04632778304180607,0.10204849508594305,0.038579174166363916,0.05325359122372708,1.5226606264249298,-64.94880106958362,-0.9151131840210205,5.081933536595169,-1.1640336965212938e-05,0.001952663103191462,False,-0.009622930317908951,-0.009622930317908951,2.277785662853226,2.1144450832864816
2025-08-22,55940.6015625,56156.30078125,55102.6015625,55149.3984375,407500,54952.71906621695,52980.05020257124,50314.92232950569,54.021468200451984,-1.0901553496083525,1030.4531888933489,1296.2184006160542,-265.7652117227053,0.4481220003330672,9.904710873071828,-21.034541797392183,-12.917798665647773,23.680377636038877,25.23039557228467,17.278383960723037,0.005611178612414003,0.0035790653242482318,0.04094651150072859,0.09608434007577271,0.037234182604643395,0.052968935450441235,-1.0901553496083523,-54.32987790426523,-0.38258665142955195,7.952011611561634,1.419319322337742e-05,0.0016526713003463514,False,0.005611178612414003,0.005611178612414003,2.2905667250482913,2.1263096123149428
2025-08-29,55147.75,55306.0,53606.44921875,53655.6484375,441900,54829.18853014867,53006.54425099982,50381.0753217432,46.35675594209608,-7.664712258355905,804.9292929241637,1197.960579077676,-393.0312861535124,0.0320620282414409,7.35045841438025,-21.034865441935512,-12.998841154071693,22.11828233689908,22.91790528181301,23.763322600866367,0.013674294251697416,-0.021403564854938217,0.012245736741986146,0.06499609416521479,0.03438526893053351,0.05211220507878944,-7.664712258355905,-127.26607443080707,-1.562095299139795,-0.8454173190533574,1.538633674291745e-05,0.0008338254790609902,False,0.013674294251697416,0.013674294251697416,2.3218886084497483,2.15538539562395
2025-09-05,53658.1484375,54450.55078125,53561.75,54114.55078125,455500,54761.12779215832,53049.99548748022,50455.005528862144,48.7619446258901,2.405188683794023,655.6713928152676,1089.5027418251946,-433.83134900992695,0.1505474061156602,7.435367982549416,-21.03453183518339,13.029153191069422,20.706552630106977,21.792970721873136,22.84374875582228,0.027251436027091014,-0.011807225982677916,0.020067019497127303,0.07253086614556925,0.032255088599996595,0.05143176442887598,2.405188683794023,-40.80006285641457,-1.411729706792105,-1.0507780339491433,-1.585970459583308e-05,0.00623545575190109,False,0.027251436027091014,0.027251436027091014,2.385163407324948,2.214122742846522
2025-09-12,54215.3984375,54852.25,54067.1484375,54809.30078125,464000,54765.71569588133,53118.98785194178,50541.22919722626,52.25237407273799,3.490429446847884,586.6810563445906,988.938404729074,-402.2573483844833,0.315933904950883,7.392509884867874,-21.034191888591543,13.047641986378483,19.430793274251855,23.10328823864156,21.824673645319923,0.03284933748627439,0.0007958461752002322,0.031821256346593385,0.08444732452723902,0.031000738352346957,0.05100308590945368,3.490429446847891,31.57400062544366,-1.2757593558551221,1.2786145933216382,-1.6161357643262875e-05,0.006058340329643162,False,0.03284933748627439,0.03284933748627439,2.4635144450520774,2.286855208062323
2025-09-19,54884.05078125,55835.25,54777.75,55458.8515625,650300,54831.7286355593,53210.74721314015,50638.60785792476,55.3171341550857,3.0647600823477177,577.7589911599352,906.7025220152462,-328.943530855311,0.4697419554720514,7.355616824295827,-21.033715255950277,13.385190611607868,19.06556372353401,27.34873958952746,20.49821394777712,0.040651761377699325,0.011437226995137939,0.042249065594867075,0.09518910389675894,0.030463421532612056,0.05079403767244095,3.0647600823477035,73.3138175291723,-0.3652295507178458,6.850525641750341,-2.265989793148737e-05,0.003792541081798761,False,0.040651761377699325,0.040651761377699325,2.56366064642285,2.3798199002858214
2025-09-26,55429.30078125,55666.3515625,54310.94921875,54389.3515625,747900,54789.59748574413,53256.96699154642,50712.88001049061,49.66459054334635,-5.652543611739354,478.8683817855199,821.1356939693011,-342.2673121837812,0.1780981556988319,6.885895021072379,-21.03426340419698,-13.525025895256016,18.261425836358267,25.231986132012324,21.57728953602696,0.06086209717349034,-0.007305144436373645,0.0212626560414777,0.07249581469734845,0.028778028129934574,0.05016648592092432,-5.652543611739347,-13.323781328470204,-0.8041378871757416,3.6546965959853637,2.6060457700038953e-05,0.006164657368492874,False,0.06086209717349034,0.06086209717349034,2.7196904098052905,2.524660730312423
2025-10-03,54460.3984375,55616.44921875,54226.6015625,55589.25,755100,54865.75486805421,53348.42907030931,50809.44179246108,55.19615432538686,5.531563782040507,491.6511884661304,755.238792868667,-263.5876044025366,0.4882974308983134,6.87070099430937,-21.033709977491025,13.534606794118544,17.430329582946822,23.24520514487944,20.356145515252912,0.039343966009615094,0.01318664317452134,0.042003503547170196,0.09407322810320906,0.028441808394117363,0.04997077685322937,5.531563782040507,78.67970778124459,-0.8310962534114452,2.8890596296265265,-2.6310724332012647e-05,0.0032758450141784205,False,0.039343966009615094,0.039343966009615094,2.826693816845346,2.623990896271645
2025-10-10,55834.69921875,56760.25,55727.25,56609.75,730900,55031.84964252524,53476.32400872855,50924.29938072918,59.29340297861098,4.097248653224121,577.4707528060171,719.6851848561371,-142.21443205011997,0.7342062285110047,7.016189199458578,-21.033173995538444,13.502033298643768,17.57880502522342,28.208419402705925,18.99877463349264,0.02238220061473517,0.028672493614597006,0.058594640700434075,0.111645141679108,0.029088118202417634,0.05011408421978425,4.097248653224121,121.37317235241665,0.1484754422765988,9.209644769213284,-2.548204540020471e-05,0.0033652682567610302,False,0.02238220061473517,0.02238220061473517,2.8899614449304103,2.6827215869232357
2025-10-17,56337.05078125,57830.19921875,56230.1484375,57713.3515625,672800,55287.23077776093,53642.48195201371,51058.736057595925,63.211482910490936,3.918079931879959,726.1640318152713,720.980954247964,5.18307756730735,0.9480692351463168,7.682750221250256,-21.0326803652885,13.419204873965572,18.418267572950672,31.66296069436597,17.301157691543715,0.013934370418240194,0.04388211799739783,0.075888912338693,0.13033255459746296,0.030661311070925956,0.05060340490025528,3.9180799318799586,147.39750961742732,0.8394625477272513,14.361803002822256,-2.346912786677091e-05,0.00435957998095576,False,0.013934370418240194,0.013934370418240194,2.930231238198503,2.7201036232444333
2025-10-24,57872.8515625,58577.5,57482.05078125,57699.6015625,804400,55516.98037630751,53801.58468183671,51190.238344821744,63.12995261206069,-0.0815302984302448,833.2893754058241,743.4426384795361,89.84673692628803,0.9064195062015172,8.1540133889679,-21.0332705213642,-13.597853180042469,19.62213753505017,33.922416419200715,16.23179777725296,0.020244466592801658,0.039314479487143394,0.07245171129651218,0.12716024437766116,0.03188373919866927,0.051012584067781086,-0.08153029843024484,84.66365935898068,1.2038699620994997,17.690618641947754,2.8059004627767337e-05,0.003472324120529088,False,0.020244466592801658,0.020244466592801658,2.9895522066093965,2.775170670174164
2025-10-31,57796.44921875,58469.8984375,57652.75,57776.3515625,1000000,55732.15858451632,53957.45789284311,51320.65642834013,63.41361575712532,0.2836631450646294,913.8458198097578,777.5232747455805,136.32254506417735,0.875021303600726,8.648833500678217,-21.032469426938093,13.903339184248042,20.74001678557114,32.31775536273054,15.46397117410702,0.03420686150651231,0.03667887679038517,0.0707760116727707,0.1257913593364508,0.032890739500694766,0.05137895046577956,0.2836631450646294,46.47580813788932,1.1178792505209678,16.853784188623518,-3.808701196972297e-05,0.0026982480230450527,False,0.03420686150651231,0.03420686150651231,3.0918154049073725,2.8701005489457465
2025-11-07,57726.8515625,58247.55078125,57157.8515625,57876.80078125,509200,55936.41022230048,54111.157613957104,51450.48106899181,63.80609574167647,0.3924799845511515,974.5586889175612,816.9303575799767,157.62833133758443,0.8584559976033773,9.13124504812845,-21.03209558832437,13.140598109528346,21.191988482066893,30.261941955752224,17.36929852546343,0.03283523643061592,0.03468922212272996,0.06959088168392102,0.1249030053507354,0.033731538721925025,0.05171334630277791,0.3924799845511515,21.30578627340708,0.45197169649575386,12.892643430288793,-1.7774356692701332e-05,0.004395755077420671,False,0.03283523643061592,0.03283523643061592,3.1933358947273267,2.9643409790500206
2025-11-14,57846.19921875,58615.94921875,57594.25,58517.55078125,628300,56182.23313267663,54283.95734600781,51590.42304349197,66.29025920828978,2.4841634666133103,1062.1336297978414,865.9710120235497,196.16261777429168,0.9460385174714614,9.677539433552292,-21.031634117545345,13.350774629986145,21.85323324104856,30.611723964472592,16.320987752438466,0.014908321107990341,0.04156683560545593,0.07798977160521137,0.13427158238106118,0.03496936994790456,0.05220996734694605,2.4841634666133103,38.53428643670725,0.6612447589816668,14.290736212034126,-2.1941264820135586e-05,0.005249765322825345,False,0.014908321107990341,0.014908321107990341,3.2409431716515935,3.008534326239273
2025-11-21,58696.30078125,59440.1015625,58605.30078125,58867.69921875,694200,56437.99180754076,54463.71192925261,51734.52752220995,67.59899355140446,1.3087343431146792,1146.5744573559132,922.0917010900224,224.48275626589063,0.9543891557520872,10.496102140667636,-21.03112399709641,13.450516822915844,22.96645425492741,33.867051203416324,15.416219097361369,0.0034229297674983616,0.04305091895357971,0.08086094637137631,0.13788029074930153,0.0362494550656538,0.05275363548784706,1.3087343431146792,28.320138491598954,1.1132210138788494,18.450832106054953,-2.4254912674992468e-05,0.004851148289488598,False,0.0034229297674983616,0.0034229297674983616,3.2520366925086104,3.018832327941098
2025-11-28,58996.8984375,59897.5,58649.5,59752.69921875,705800,56753.67822765592,54671.1231955074,51893.30319936916,70.69572038285892,3.096726831454461,1270.2637159002115,991.7261040520604,278.5376118481512,1.0128891172123478,11.818212199372857,-21.03060508567571,13.467088607054269,24.253340300828903,34.07504781285514,14.264229854392838,-0.012406931669078025,0.05284275988358167,0.09294808166041446,0.15145299171235616,0.03809241351601944,0.05352945033130996,3.096726831454461,54.05485558226056,1.2868860459014932,19.8108179584623,-2.4673499180227765e-05,0.005410371570056671,False,-0.012406931669078025,-0.012406931669078025,3.2116888954793215,2.981377881527929
2025-12-05,60102.05078125,60114.30078125,58925.69921875,59777.19921875,724900,57041.632607760126,54871.361470928685,52049.419952228185,70.77898245759336,0.083262074734435,1354.649730817815,1064.3108294052113,290.3389014126037,0.9471591924850384,12.919099176119714,-21.03007185129247,13.493790372788638,25.566792660591226,32.947786460679986,13.248792266664228,0.006252383933751826,0.04795736878361567,0.08940616045075656,0.14847003623891486,0.03955198264911419,0.054216579575536494,0.08326207473443503,11.801289564452532,1.3134523597623229,19.698994194015757,-2.5355161255125047e-05,0.004374133110274659,False,0.006252383933751826,0.006252383933751826,3.2317696075296256,3.0000186006948373
2025-12-12,59672.05078125,59713.1484375,58799.8984375,59389.94921875,578800,57265.28180880678,55048.560990451086,52194.77696740683,67.51371894242251,-3.265263515170844,1374.4347883080482,1126.3356211857788,248.09916712226936,0.8541899324441315,13.626294964079214,-21.03049763780638,-13.268714001450482,26.610560375366266,30.994075868191963,13.226465475600108,-0.002330334329639472,0.03710219076607202,0.07886469964313858,0.13785234211913977,0.04026846076394652,0.05467566275503599,-3.265263515170844,-42.239734290334354,1.04376771477504,17.767610392591855,2.0246555357594787e-05,0.004092823053389333,False,-0.002330334329639472,-0.002330334329639472,3.224238503867714,2.993027554360081
2025-12-19,59053.69921875,59533.0,58712.69921875,59069.19921875,657700,57437.08346689661,55206.23307783536,52330.90414070075,64.8453098447988,-2.6684090976237087,1348.6859326287886,1170.8056834743809,177.8802491544077,0.7825206988228613,13.95838097305267,-21.03098124610832,-13.39650569973834,27.452400806531653,29.417312419260437,13.094383059930244,0.017368598733675356,0.0284157142622683,0.06997336941044763,0.12876320768187322,0.040409393372592195,0.054945141582186,-2.6684090976237087,-70.21891796786167,0.8418404311653873,16.322929359330193,2.299557101625993e-05,0.0029523345827690197,False,0.017368598733675356,0.017368598733675356,3.280239008663058,3.045012248950595
2025-12-26,59224.75,59478.1484375,58947.05078125,59011.3515625,362000,57587.01376171598,55355.45341056731,52463.19022826113,64.35131592944398,-0.4939939153548209,1308.5280596449884,1198.3501587085025,110.17790093648593,0.748963957365813,13.96577678783666,-21.03124732577424,-12.799402253235032,28.234109778328083,28.40959483852527,12.645822707770646,-0.009121126456999251,0.02473366316019887,0.06604404673225539,0.12481439473559641,0.04031328827888658,0.055129380613765155,-0.49399391535482096,-67.70234821792177,0.7817089717964301,15.763772130754623,1.2651795121110254e-05,0.0022486951327821136,False,-0.009121126456999251,-0.009121126456999251,3.2503195338558606,3.017238307164805
2026-01-02,59007.05078125,60203.75,58737.6015625,60150.94921875,847400,57831.19809095732,55543.51206971172,52615.42307955794,69.31121842502913,4.9599024955851405,1353.061413109026,1229.2924095886074,123.76900352041866,0.8494133912109633,14.40245870158819,-21.03062435299825,13.649929297254143,29.44111375161585,30.35805074119537,11.47699065932939,-0.008985726859178422,0.04011245148585996,0.08295185121271342,0.14321895934957807,0.04118727707341163,0.05565077345717273,4.9599024955851405,13.591102583932738,1.2070039732877653,18.881060081865982,-2.9621294749593297e-05,0.00355110749634757,False,-0.008985726859178422,-0.008985726859178422,3.2211130503195795,2.990126227867572
2026-01-09,60360.3984375,60437.3515625,59154.19921875,59251.55078125,1000000,57966.4697757471,55688.92535251714,52746.83154889838,61.981655576875546,-7.329562848153579,1300.785829918641,1243.5910936546145,57.19473626402669,0.717303741801752,14.232176971280152,-21.031782357860248,-14.27014734475754,30.70504863219608,29.38420582585283,10.557297910839154,0.014666282798373453,0.022169385344224857,0.06397367889900996,0.12331962018081577,0.040897618490801424,0.05577764042360189,-7.329562848153579,-66.57426725639198,1.26393488058023,18.826907915013678,5.5062790460302935e-05,-0.011964020016627563,True,0.014666282798373453,0.0,3.268354805241098,2.990126227867572
2026-01-16,59217.25,60235.1484375,58864.19921875,60095.1484375,1000000,58169.20107686642,55861.71841467333,52892.34277441524,65.65075633040796,3.669100753532412,1312.3009458102897,1257.3330640857494,54.96788172454035,0.7991114244745412,13.299390538439235,-21.03082244660879,14.082633482029944,31.38939614464233,26.903625090366432,11.451794011063985,0.001522585472854887,0.03310940024925868,0.07578409943283582,0.13617860894921163,0.04130704761110571,0.056139990866398426,3.669100753532412,-2.2268545394863395,0.6843475124462515,15.451831079302448,-4.5640984445483035e-05,0.0019959317485959225,False,0.001522585472854887,0.001522585472854887,3.2733311547876935,2.9946789506241256
2026-01-23,60093.30078125,60107.5,58278.6015625,58473.1015625,1000000,58198.143980260094,55964.12559694104,53002.85284942682,54.716327616794246,-10.934428713613713,1176.9737110153071,1241.261193471661,-64.2874824563537,0.566378741385679,11.923238862091605,-21.03217790061388,-14.427881970560964,31.103612241145388,23.99365381833968,13.676416250237745,0.046156238772715685,0.004724507749476858,0.044831862175938264,0.10320668452721482,0.039918757945199834,0.05587006337048983,-10.934428713613713,-119.25536418089405,-0.2857839034969416,10.317237568101936,6.445083203621138e-05,-0.011670852950853856,True,0.046156238772715685,0.0,3.4244158091502435,2.9946789506241256
2026-01-30,58366.05078125,60060.69921875,58121.6015625,59610.44921875,1000000,58332.64924106866,56107.11868014924,53133.69634188866,59.775314369924025,5.05898675312978,1148.2638818481282,1222.6617311469545,-74.39784929882626,0.7124945066652356,10.9579047585724,-21.030992640473123,14.293792948501562,30.60295318277904,21.356136266401226,13.063045864087153,0.015409224276757838,0.021905399365638845,0.06244003650538987,0.1218953945004444,0.03966574319395266,0.055961142231251815,5.05898675312978,-10.110366842472558,-0.5006590583663488,8.293090402314073,-5.635460798969483e-05,0.0011139616351367443,False,0.015409224276757838,0.015409224276757838,3.477183400370315,3.0408246302111785
2026-02-06,58239.30078125,61764.8515625,57829.8515625,60120.55078125,1000000,58502.92557822879,56264.50817431005,53272.04989514334,61.83470452263051,2.0593901527064844,1153.3766602003598,1208.8047169576355,-55.428056757275726,0.7706848672161707,10.317725346874443,-21.030175298482472,13.921131939593614,31.396509686124865,25.60809277440185,10.5327538567359,-0.03887690233834218,0.027650330082350516,0.06853419201663957,0.12855711202378606,0.039783826013088275,0.056173139292684304,2.0593901527064844,18.969792541550532,0.7935565033458261,15.07533891766595,-3.886369058381245e-05,0.001559228959298334,False,-0.03887690233834218,-0.03887690233834218,3.3420012809016133,2.9226067880344333
2026-02-13,60805.19921875,60876.19921875,60073.55078125,60186.6484375,1000000,58663.280136254616,56418.31759639594,53408.97263855634,62.10543490088623,0.2707303782557204,1149.511252169199,1196.9460239999482,-47.43477183074924,0.788058741111906,8.325986660046178,-21.029278793181582,14.012721548269704,32.13338358208885,24.56295829822828,10.102884116661826,-0.10681433576876931,0.025968004136610157,0.06679268368230806,0.12690144490910504,0.03979137690561152,0.05634530696190798,0.27073037825572044,7.993284926526485,0.7368738959639813,14.460074181566455,-4.26294735144106e-05,0.0014240150805184934,False,-0.10681433576876931,-0.10681433576876931,2.9850276339437314,2.610430485257239
2026-02-20,59947.80078125,61678.80078125,59861.1015625,61172.0,1000000,58902.2058375637,56604.73651418433,53562.69595264433,65.97975605008634,3.8743211492001066,1211.9864987012625,1199.9541189402112,12.032379761051288,0.9833653580598556,7.412349547794199,-21.028497118034927,13.874817606279484,33.28606877828094,26.336504775218216,9.18832338375915,-0.1266093836845289,0.038534960281382036,0.08068694895649187,0.1420634998298662,0.0405879342412212,0.05679401507776083,3.8743211492001066,59.46715159180053,1.1526851961920954,17.14818139145907,-3.717080144982621e-05,0.0024181618059602953,False,-0.1266093836845289,-0.1266093836845289,2.607095124928828,2.279925490367514
2026-02-27,61145.55078125,61517.80078125,60438.94921875,60529.0,1000000,59057.13861493858,56758.6291999026,53700.64256744346,61.55692781244462,-4.422828237641717,1195.8290821813498,1199.129111588439,-3.3000294070891414,0.8243910710327288,6.643531120530734,-21.03050190358184,-14.817281862411289,34.35641931760217,24.89597990148912,8.685750681149562,-0.13637096990698672,0.024922666752586364,0.06642815115950462,0.12715597255620747,0.04049621083942467,0.05694506594811366,-4.422828237641717,-15.33240916814043,1.0703505393212254,16.210229220339556,9.533660611404926e-05,-0.005056113897433503,False,-0.13637096990698672,-0.13637096990698672,2.251563034102507,1.9690098399304339
2026-03-06,59204.30078125,60177.5,57696.3984375,57783.25,1000000,58935.81588970633,56798.81040774956,53781.48627897923,47.05234240331149,-14.504585409133128,950.5082677320606,1149.4049428171634,-198.89667508510277,0.1239314134392177,6.606948949101267,-21.03144331211124,-14.062840056950495,32.08423375257438,21.56135390765142,20.49078163872158,-0.10789458882980796,-0.01955628970782841,0.017332045956302666,0.07440783061038014,0.037624123931743636,0.05610339798194941,-14.504585409133128,-195.59664567801363,-2.2721855650277902,1.0705722689298405,4.476395921093612e-05,-0.006813120250943106,False,-0.10789458882980796,-0.10789458882980796,2.008631566313622,1.7565643328492937
2026-03-13,56121.3984375,57097.05078125,53675.69921875,53757.8515625,1000000,58442.6764299724,56679.55711970056,53781.01826479152,34.294324644933155,-12.758017758378337,426.3589421067591,1004.7957426750826,-578.4368005683235,-0.3720215069439865,10.292403053442518,-21.03263346948092,-14.29836932966336,32.00916982907332,17.831527720204765,33.879044942101125,0.040085278240605815,-0.08016102536107983,-0.05154778381613434,-0.0004307598301218629,0.031106794051836584,0.05389520221870936,-12.758017758378337,-379.5401254832208,-0.07506392350105529,-16.04751722189636,5.658942907627029e-05,-0.011340661293913347,True,0.040085278240605815,0.0,2.0891481215321677,1.7565643328492937
2026-03-20,53721.5,55554.1484375,53240.6015625,53427.05078125,1000000,57964.99779676074,56552.007851526025,53774.00900769169,33.4906724096423,-0.8036522352908548,-15.546819119415886,800.727230316183,-816.2740494355988,-0.1975027878311893,13.19131785714184,-21.033872497270643,-14.339825391871813,32.12054661466922,16.138176405013112,32.447699277371186,0.058746428852133104,-0.07828771134300527,-0.05525810999461622,-0.00645215472761318,0.02498567246178851,0.05166062369344604,-0.8036522352908548,-237.83724886727532,0.11137678559590114,-16.309522872358073,5.8909779011795393e-05,-0.004782376860482204,False,0.058746428852133104,0.058746428852133104,2.2118781130153247,1.8597562144532194
2026-03-27,52576.1015625,54146.1484375,51323.6015625,52274.6015625,1000000,57423.05529825972,56384.26642842696,53744.31777115324,30.784142002763545,-2.7065304068787555,-453.5253809020869,549.876708072529,-1003.402088974616,-0.1527635264110399,16.444881871306823,-21.035146742294557,-14.369108848451807,32.92866550750858,14.347994140224747,36.38229504303976,0.07298283149874552,-0.08965830377743333,-0.07288673110864519,-0.027346448324293338,0.018423381833855723,0.04912051667517292,-2.7065304068787555,-187.1280395390172,0.8081188928393601,-22.034300902815012,6.0580619383410195e-05,-0.003188040661589246,False,0.07298283149874552,0.07298283149874552,2.3733072406332854,1.9954864888814035
2026-04-03,51527.8984375,52025.8515625,49954.8515625,51548.75,1000000,56863.59765080641,56194.63833319454,53700.84118162545,29.184398022308216,-1.5997439804553295,-849.4052860776719,270.02030924248885,-1119.4255953201607,-0.0841439442590169,19.59655271883786,-21.03607910945356,-14.05782987347037,34.093164379283905,13.06523606697925,38.404768347014425,0.0643003285724677,-0.09346660905003501,-0.08267493965612349,-0.040075558115499677,0.011904326417147004,0.04643869810408807,-1.5997439804553295,-116.02350634554466,1.1644988717753222,-25.339532280035176,4.432425266265305e-05,0.007102853556633046,False,0.0643003285724677,0.0643003285724677,2.5259116760094225,2.1237969257783975
2026-04-10,51747.6015625,55978.5,51111.1015625,55912.75,1000000,56773.04073168199,56183.58388875554,53744.641356246735,47.01291037507626,17.828512352768044,-801.762416502097,55.66376409357167,-857.4261805956687,0.3138718482597508,19.911703582467734,-21.03486566161789,14.321183529589216,32.59812737004929,24.517546602428588,31.950195777223065,-0.010770338049013839,-0.01515315580414045,-0.004820516421519039,0.04034092681690704,0.010491620543352731,0.04538019923404546,17.828512352768044,261.999414724492,-1.4950370092346148,-7.432649174794477,-5.768412589424177e-05,0.016275550410333028,False,-0.010770338049013839,-0.010770338049013839,2.4987067533768497,2.1009229149403077
2026-04-17,54646.0,56834.25,54356.19921875,56565.69921875,1000000,56753.29392092657,56198.56880365728,53800.503888177496,49.07860352032561,2.065693145249348,-703.2113711337443,-96.11126295189152,-607.1001081818528,0.38374293081367,19.900058105535557,-21.03393934483128,14.050109050212246,30.778674879878498,25.362588383304317,29.25448791399953,-0.05047842943137404,-0.00330544166190494,0.006532736027057506,0.05139720134071357,0.00987080505924176,0.04457327984258441,2.065693145249348,250.32607241381595,-1.819452490170793,-3.8918995306952127,-4.4037209531611055e-05,0.016307443945361277,False,-0.05047842943137404,-0.05047842943137404,2.3725759608568184,1.9948716258377368
2026-04-24,56704.05078125,57456.30078125,55750.3984375,56089.75,1000000,56690.0992617907,56194.30139959229,53845.8354943522,47.62125809471802,-1.4573454256075848,-655.9526678977563,-208.0795439410645,-447.8731239566919,0.3580595886040601,19.910192752846925,-21.03519696094698,-14.356031479510238,28.782444223019173,26.0161415696703,27.53233767398085,-0.03627041371195272,-0.010590019590869582,-0.0018605338439716679,0.04167294434280189,0.008822920649423915,0.043614624672068114,-1.4573454256075848,159.22698422516083,-1.9962306568593249,-1.516196104310552,5.978985177645946e-05,0.011233566726550728,False,-0.03627041371195272,-0.03627041371195272,2.286521649193508,1.9225168066663663
2026-05-01,56162.6015625,56474.94921875,54440.25,54863.3515625,1000000,56516.123290429685,56142.10728833377,53865.98432738483,43.99599829309327,-3.6252598016247504,-709.2837282638939,-308.3203808056304,-400.96334745826346,0.2740014259811831,20.25055849217372,-21.03603127563441,-13.94671512061835,27.507277411177224,24.187219432537457,30.123432847857284,-0.011376489513932997,-0.02924425158173516,-0.022777123759647244,0.018515715391988374,0.006661951611026007,0.04225529319422061,-3.6252598016247504,46.90977649842847,-1.2751668118419488,-5.936213415319827,3.9662794172112825e-05,0.014322950044443698,False,-0.011376489513932997,-0.011376489513932997,2.260509059628077,1.9006453143749664
2026-05-08,54937.8984375,56334.1484375,54221.6484375,55310.55078125,1000000,56401.306860984005,56109.49722923245,53894.58960369899,45.62161700951332,1.6256187164200495,-707.3103053653977,-388.1183657175839,-319.1919396478138,0.3293481225990923,20.41175112491196,-21.034414478753405,14.607915117876471,26.41706938927977,22.424601266935436,28.68231920299824,-0.014722340850853444,-0.019339198689535042,-0.014239059115400687,0.02627278893786822,0.0052007172789194644,0.041097031108693116,1.6256187164200497,81.77140781044966,-1.0902080218974532,-6.257717936062804,-7.685845584759488e-05,0.016373342638462542,False,-0.014722340850853444,-0.014722340850853444,2.2272290747557904,1.8726633662201606
2026-05-15,54832.44921875,55002.44921875,53191.6015625,53710.3515625,1000000,56145.02540398553,56015.413085439024,53890.94132565544,41.03196605280501,-4.589650956708312,-825.3548797427575,-475.5656685226186,-349.78921122013884,0.2221252144133104,21.01718285612396,-21.03572059268526,-14.394369152660053,25.841376371722077,20.788172436646743,30.136624349802197,0.057799830543605824,-0.043364017096209184,-0.04115048691015033,-0.0033510226155479828,0.002313868833722754,0.039421685862670364,-4.5896509567083115,-30.59727157232504,-0.5756930175576933,-9.348451913155454,6.209414258595558e-05,0.026442554467339938,False,0.057799830543605824,0.057799830543605824,2.355962537858467,1.9809029914529044
2026-05-22,53282.1484375,54213.05078125,52783.44921875,54055.3515625,1000000,55946.00884765357,55938.54792767672,53894.19697390978,42.37791224537667,1.3459461925716596,-880.912824001447,-556.6350996183844,-324.2777243830626,0.2746842645548685,20.97619210995118,-21.034757425588328,14.089956163627663,25.47514803717408,19.74145216033631,30.056738947893685,0.06716075897318796,-0.033794319274892515,-0.0336654495860621,0.002990202983601975,0.00013337707633187534,0.037932673062307964,1.3459461925716596,25.511486837076234,-0.36622833454799775,-10.315286787557376,-4.578721668635488e-05,0.029388958087039185,False,0.06716075897318796,0.06716075897318796,2.51419077001344,2.11394193981114
2026-05-29,54610.55078125,55536.80078125,54116.1484375,54239.19921875,1000000,55783.45554966275,55871.906801836456,53901.028701530384,43.122939024010414,0.7450267786337434,-899.7363254263328,-625.2553447799742,-274.4809806463586,0.3104708803399939,20.989300613845312,-21.033369091315176,14.454413251543306,24.345332531400544,23.4450370194608,28.4576598413666,0.07260158002367256,-0.027683052541231268,-0.029222335097265573,0.006273915829922094,-0.0015831078127943599,0.03656475855441532,0.7450267786337434,49.796743736704,-1.1298155057735357,-5.012622821905801,-6.600191507144526e-05,0.03201388824075575,False,0.07260158002367256,0.07260158002367256,2.6967249923973493,2.267417464719736
2026-06-05,54403.8515625,54865.5,53027.1484375,54496.25,1000000,55660.86454493296,55817.95947627424,53912.81526189612,44.20909406166936,1.0861550376589475,-883.7252021076492,-676.9493162455092,-206.7758858621401,0.3511917071489222,20.4457445061312,-21.03211343179548,14.352647580939273,23.78054973681434,21.888797379773344,30.500794044617862,0.06316489666720182,-0.020923400210444365,-0.023678928586345793,0.010821819177308623,-0.002814415518146096,0.035337501948717875,1.0861550376589477,67.70509478421852,-0.5647827945862041,-8.611996664844519,-5.9698449366041295e-05,0.02921702988423787,False,0.06316489666720182,0.06316489666720182,2.8670633478819885,2.410638654580167
2026-06-12,53853.44921875,56867.1015625,53843.30078125,56814.80078125,1000000,55770.76323410601,55857.05129215565,53970.2803216853,52.93880718498287,8.729713123313509,-676.1543143695599,-676.7903158703193,0.6360015007594484,0.5610781604900787,20.169417774795846,-21.030842959629123,14.363112178228263,22.180319596397773,26.550231083492925,27.29181250226399,0.021668608167614734,0.01872015885386924,0.017146438398348618,0.05270531193483108,-0.0015448015255642433,0.03495944359051717,8.729713123313509,207.41188736289953,-1.600230140416567,-0.7415814187710659,-6.040630060677454e-05,0.024976794576717292,False,0.021668608167614734,0.021668608167614734,2.929188620158973,2.4628738390199705
