Date,Open,High,Low,Close,Volume,ema_20,ema_50,ema_100,rsi_14,rsi_change,macd,macd_signal,macd_hist,bb_percent,bb_width,obv,obv_slope,adx,plus_di,minus_di,label
2009-11-27,9256.642779085489,9340.641163459411,8591.65057289892,8944.9462890625,0,8254.336552700808,7253.371945356132,7207.350562545239,62.00975110520115,-3.900217331283344,724.1817025198498,740.7103292023387,-16.528626682488948,0.7328266980180939,37.20703183957582,0.0,0.0,31.29641807245011,29.933373818919215,18.858149975911097,1
2009-12-04,9121.59385513192,9435.790940705656,8988.895206829564,9244.9423828125,0,8348.679965092397,7331.472746825008,7247.698915421819,64.48759371369951,2.477842608498364,715.476840378421,735.6636314375552,-20.18679105913418,0.8001858423688076,36.47705625000721,0.0,0.0,30.82506279552092,29.272900615585897,17.677381011206325,0
2009-12-11,9257.492212787816,9309.641998420786,9054.645023398016,9097.0947265625,0,8419.957561422883,7400.7128244617725,7284.320614652328,62.32993966671353,-2.157654046985982,688.7090944370912,726.2727240374625,-37.563629600371314,0.727961631509132,35.38155881097912,0.0,0.0,30.38737575265809,28.28217300254346,17.079098329074395,0
2009-12-18,9072.74423333337,9131.44374687614,8577.600843649294,8599.8505859375,0,8437.090230424275,7447.737834715723,7310.370713093618,55.59295840555297,-6.736981261160558,620.2224777729489,705.0626747845597,-84.84019701161083,0.5449184318525601,33.89205431011494,0.0,0.0,28.817032217911898,26.20749690908174,22.14467372998276,1
2009-12-25,8600.900489543146,9012.345186372297,8560.051352783341,8967.9951171875,0,8487.652600592202,7507.355767361675,7343.194958719239,59.11628085979055,3.5233224542375794,588.8644646141711,681.823032750482,-92.95856813631087,0.6540038677169315,31.201980226852307,0.0,0.0,27.31897626517624,24.619205054575826,21.037759151384613,1
2010-01-01,8990.245135208666,9093.54515606919,8937.195978164087,9029.3955078125,0,8539.247163184613,7567.043600320531,7376.585068602274,59.690718737178095,0.5744378773875454,562.4835513958787,657.9551364795614,-95.4715850836826,0.6578671990366526,28.751952328230484,0.0,0.0,26.09262942208344,25.22188829598701,20.57359189092082,1
2010-01-08,9031.795853015585,9265.441887227573,9031.795853015585,9160.59375,0,8598.423028595602,7629.53576305306,7411.911973184407,60.953185202287074,1.2624664651089788,545.8706324233335,635.5382356683158,-89.66760324498227,0.6943477338348092,25.5939016872916,0.0,0.0,25.30022109492308,26.87033482022257,19.86112403657231,0
2010-01-15,9209.043532220994,9247.892690804436,8836.597716448978,8910.99609375,0,8628.19189194364,7679.789109354901,7441.596807255013,57.27783632344414,-3.675348878842932,506.72314062235455,609.7752166591235,-103.052076036769,0.5588005814306233,21.85004618419689,0.0,0.0,24.05587995316572,25.230777763611407,21.545098285454,0
2010-01-22,8887.047312336956,9202.39277871404,8659.800133451368,8772.548828125,0,8641.94017157996,7722.642431659611,7467.952292816795,55.286476942951424,-1.9913593804927172,459.2331798096511,579.666809289229,-120.43362947957792,0.4374985589085183,16.57574740962203,0.0,0.0,22.46160109218483,23.21805279472845,22.4256884471694,0
2010-01-29,8724.697912853915,8751.097995164195,8294.503338238,8651.44921875,0,8642.845795119963,7759.066227231784,7491.387875508542,53.53328300251759,-1.7531939404338388,407.1321513047169,545.1598776923266,-138.02772638760973,0.2927419103719814,13.538503280673265,0.0,0.0,21.550465129549934,21.584350963209424,26.224537068835296,0
2010-02-05,8597.350211777743,8718.548840112839,8150.355339439962,8223.154296875,0,8602.875176239491,7777.265759374655,7505.878299694015,47.76429917906915,-5.768983823448437,327.50659786717733,501.6292217272968,-174.12262386011946,-0.0297140967524076,14.227650712231382,0.0,0.0,20.99859450288408,19.800966003998298,26.15389266559712,1
2010-02-12,8279.654044062258,8451.851717048392,8160.85561617317,8381.302734375,0,8581.773038919064,7800.953483884473,7523.21343701443,49.91077698286845,2.1464778037993,274.0054658535246,456.1044705525424,-182.09900469901777,0.1051516573286919,14.48315073341957,0.0,0.0,20.486143206694354,18.93795795738597,25.01399778288848,1
2010-02-19,8441.50143054104,8601.900064170948,8281.953481475046,8487.0009765625,0,8572.747128218438,7827.857307126748,7542.298338787659,51.349682242432834,1.438905259564386,237.3978237284009,412.3631411877141,-174.9653174593132,0.2122909734119071,15.044453638800936,0.0,0.0,19.585962911644145,20.31006212772541,23.786464296777087,1
2010-02-26,8565.20033632125,8851.246549537827,8453.30244776893,8722.6484375,0,8587.02344338811,7862.947155376681,7565.671608069091,54.48865305360569,3.138970811172854,224.80932238061723,374.8523774262948,-150.04305504567753,0.3876757574181781,15.013832504482863,0.0,0.0,18.282119686959188,22.92204604045705,22.3193591477698,1
2010-03-05,8826.797979516545,9095.193672565229,8826.797979516545,9038.3447265625,0,8630.006422738052,7909.041177776125,7594.833451999654,58.36441964070464,3.8757665870989513,237.56835637943917,347.39557321692365,-109.82721683748451,0.6584939780846204,13.583441297424931,0.0,0.0,17.653342157768133,25.4135789410016,21.01272118529086,1
2010-03-12,9102.044455077346,9229.892892085105,9073.394308340556,9172.7939453125,0,8681.700472507047,7958.600109836375,7626.080194441492,59.929498387427685,1.5650787467230458,255.58271264484935,329.0330011025088,-73.45028845765944,0.7717861854450248,13.545732645398278,0.0,0.0,17.372087522643884,26.82359441135208,20.352962890104003,1
2010-03-19,9118.094346963278,9293.991917522351,8986.645877570598,9270.6923828125,0,8737.794940155187,8010.054708776615,7658.646772429037,61.07681197288899,1.1473135854613048,274.5934629935891,318.1450934807249,-43.55163048713575,0.8207386010861923,13.3989897708363,0.0,0.0,16.855555838867165,25.44318369263918,20.75807822161416,1
2010-03-26,9171.0939324886,9473.089645364123,9066.595143285973,9456.08984375,0,8806.203978592788,8066.76196897165,7694.239704534402,63.22430120989853,2.147489237009537,301.14819632743456,314.74571405006685,-13.59751772263229,0.9153812547200936,14.31656239426208,0.0,0.0,16.795268881746352,26.71453598897811,19.34042776444957,1
2010-04-02,9451.990017250557,9587.538671648505,9440.239482374602,9507.6396484375,0,8873.007375720856,8123.266976009527,7730.148614314662,63.82199010972963,0.5976888998311054,322.63353368568823,316.32327797719114,6.310255708497095,0.9144410340925252,15.236664677258377,0.0,0.0,16.99741825802293,28.03802951335936,18.8383677293181,1
2010-04-09,9593.43871642154,9793.086589628225,9492.18977421322,9656.3876953125,0,8947.615025205774,8183.389357158663,7768.291962453233,65.5612732011687,1.73928309143907,347.65598084032536,322.589818549818,25.06616229050735,0.9667706282261216,16.52751744914132,0.0,0.0,17.62619756697326,30.213705992952335,17.82067727646718,0
2010-04-16,9661.087870222707,9667.287993449185,9266.043007359038,9353.6416015625,0,8986.284222954033,8229.281602037245,7799.685024613813,59.3113410178517,-6.249932183317,339.147885168426,325.90143187353965,13.24645329488635,0.7424362789922523,16.91253821007197,0.0,0.0,17.460350612247677,28.038483612388195,20.59539012307765,1
2010-04-23,9273.741549440458,9824.835801852649,9205.892730656707,9813.185546875,0,9065.036729994124,8291.39548222696,7839.55632208433,64.79713091199244,5.485789894140737,365.2758413459305,333.77631376801787,31.49952757791266,0.9786058144942196,18.533816645690056,0.0,0.0,17.662729667358366,27.76243753610297,18.39533692997186,1
2010-04-30,9890.684947092615,9923.035521597902,9603.388061316393,9870.2353515625,0,9141.722313000637,8353.310771220511,7879.767788014591,65.42043096905275,0.6233000570603053,386.1347562025712,344.24800225492856,41.88675394764266,0.946998593932784,20.214147873445544,0.0,0.0,18.067216535547526,27.928366571446237,17.363736350611312,0
2010-05-07,9809.286716527717,9863.33589487084,9239.692803182405,9275.9921875,0,9154.509920095812,8389.494356172649,7907.415795925193,54.57998323428596,-10.840447734766784,350.6728016926445,345.5329621424718,5.139839550172724,0.6060459959399249,19.707205682375715,0.0,0.0,17.282400358113705,24.95536230262357,21.65541698752511,1
2010-05-14,9419.390448776294,9848.93564600928,9401.940456414084,9588.9384765625,0,9195.884068330735,8436.531380501663,7940.713274749694,58.48176518056358,3.901781946277616,343.8573241905051,345.19783455207846,-1.3405103615733651,0.7565423137700837,20.17101297928474,0.0,0.0,16.553642479068014,22.60106673334432,19.61243914387084,0
2010-05-21,9485.23973448388,9571.93852541733,8969.095689987538,9135.59375,0,9190.142133251618,8463.945591070225,7964.374274259601,51.57045880508026,-6.911306375483321,298.4347089380826,335.8452094292793,-37.41050049119673,0.5071476050409833,20.14036779162003,0.0,0.0,16.042272008578845,20.36290572233805,24.585570494780043,1
2010-05-28,9524.38945642418,9524.38945642418,8806.548373998365,9312.4912109375,0,9201.79442636456,8497.22188988855,7991.069659144313,53.8617410487745,2.2912822436942406,273.5577028870339,323.38770812083027,-49.83000523379639,0.5989033615158255,20.20334709380721,0.0,0.0,15.946518230688527,18.12440339786198,24.372123403092523,1
2010-06-04,9305.442079425278,9490.83943529769,9083.545205175644,9455.83984375,0,9225.989228020317,8534.814750824293,8020.075009334525,55.69116841741612,1.8294273686416176,262.38492295302603,311.1871510872694,-48.80222813424336,0.6610303888806848,20.24553313034405,0.0,0.0,15.857604008361808,16.983596609726977,22.83806552492856,0
2010-06-11,9221.692232131723,9462.940298926938,9143.394039091208,9451.640625,0,9247.479837256476,8570.768706674322,8048.422843308099,55.62159280812857,-0.069575609287547,250.30619845540787,299.0109605608971,-48.70476210548924,0.6418516788341079,19.971511060907048,0.0,0.0,15.775040801915566,16.12599598534256,21.68483869647848,1
2010-06-18,9496.239694746417,9636.68820558524,9422.84039884864,9576.138671875,0,9278.780678648718,8610.194979819447,8078.674641893582,57.32388568210458,1.7022928739760133,247.92178615293776,288.79312567930526,-40.87133952636748,0.6887011187356009,19.42782193452545,0.0,0.0,15.10414844110686,18.41273872996122,20.92338565186415,0
2010-06-25,9626.28863769372,9793.03670189212,9429.591067962088,9450.990234375,0,9295.181588717887,8643.167342743196,8105.849208081332,55.03841292188547,-2.2854727602191147,233.24498621621024,277.68349778668625,-44.43851157047601,0.5987273242320138,16.568842991767813,0.0,0.0,14.068396960143684,19.89863883195508,19.659852815652616,0
2010-07-02,9455.989285778996,9551.788949328558,9301.29194186764,9357.0419921875,0,9301.073055714993,8671.16242703513,8130.625302816108,53.319804687040985,-1.718608234844481,211.59355969565516,264.46551016848,-52.87195047282489,0.5072662440439272,13.803445278081686,0.0,0.0,13.414552600139396,19.04498277466121,21.013697005016663,1
2010-07-09,9335.34140183036,9726.386569478576,9311.99108801595,9713.5869140625,0,9340.360089843329,8712.041818683263,8161.971077296234,58.6029295466964,5.283124859655409,220.6611986716216,255.7046478691084,-35.04344919748675,0.7879124797075189,11.243814685226388,0.0,0.0,12.662915327335227,20.68428772460521,19.52167959776071,1
2010-07-16,9745.78734722626,10061.832755348316,9737.537406604211,10013.333984375,0,9404.452841703484,8763.072884004509,8198.631728921557,62.45050934417241,3.847579797476016,249.16226389229087,254.39617107374488,-5.233907181454015,1.0486813682302112,10.384942500275017,0.0,0.0,12.8903374781867,25.251309259816125,18.342995830670137,1
2010-07-23,10001.78453413647,10120.482111904168,9914.734115581246,10093.783203125,0,9470.103352315058,8815.25760240139,8236.15948088598,63.432846892711886,0.9823375485394764,275.07030379290336,258.5309976175766,16.53930617532677,1.0461584609132215,10.907082214947293,0.0,0.0,13.248807576143108,25.37169555294768,17.664396713008713,1
2010-07-30,10108.783195414357,10243.781262499226,9951.434232628457,10160.8818359375,0,9535.89177932672,8868.02718018712,8274.272794847397,64.27237901242167,0.83953211970978,297.5865188249463,266.34210185905056,31.244416965895766,1.020751216598724,11.73505394901925,0.0,0.0,13.88987660077005,26.27199444612101,16.717996131520927,1
2010-08-06,10258.230296881797,10542.777852494388,10255.281112433477,10383.529296875,0,9616.619161950366,8927.45863574351,8316.040250333092,66.9812916862714,2.7089126738497384,329.59717969321355,278.9931174258832,50.60406226733039,1.0836593636764364,13.380610794316093,0.0,0.0,15.1556847697747,29.91806252422502,15.5462514211812,1
2010-08-13,10407.429086250371,10782.074673179624,10308.030546748285,10737.224609375,0,9723.343490276522,8998.429850395725,8363.984495066594,70.77250902813913,3.791217341867721,379.1356747644386,299.02162889359425,80.11404587084434,1.1525435072149346,16.467102018668697,0.0,0.0,16.791367632890275,31.67952256576219,14.214456470534689,1
2010-08-20,10731.925183227691,11126.821098204036,10645.3265794546,11033.6220703125,0,9848.131926470423,9078.241310000303,8416.848605467503,73.51673566801237,2.744226639873247,437.2714934304786,326.67160180097113,110.59989162950744,1.1422753047100218,20.1066468417978,0.0,0.0,18.874556261536963,35.09975554513339,12.996593377725327,0
2010-08-27,11024.37191861988,11125.670915790262,10681.475143642056,10727.3251953125,0,9931.864618741098,9142.911266287058,8462.600617147602,66.56160930347556,-6.9551263645368095,453.40240983913645,352.0177634086042,101.38464643053226,0.923628405771274,21.672730055370742,0.0,0.0,20.80894570242318,32.34640219308879,11.977093002695442,1
2010-09-03,10834.274376989062,11017.022158895836,10653.175887029503,10991.072265625,0,10032.741537491946,9215.388168221878,8512.669362662005,69.25855869507346,2.6969493915978973,481.9132655137073,377.9968638296248,103.91640168408247,0.9692258040731172,23.317382468007796,0.0,0.0,22.480092088159143,30.252991781176075,11.70532146535869,1
2010-09-10,11033.470910229458,11468.616931662978,11033.470910229458,11446.5673828125,0,10167.391617998665,9302.885392323473,8570.766353160036,73.26844787420498,4.00988917913152,535.0947342592972,409.4164379155593,125.67829634373788,1.0463778441346332,26.710667930240835,0.0,0.0,24.713086659003924,35.643049963358955,10.72430083918971,1
2010-09-17,11489.36675058263,12236.707583954923,11489.36675058263,12103.958984375,0,10351.8266052726,9412.73141554118,8640.730563679143,77.77440150682034,4.505953632615359,623.1046767429161,452.15408568103067,170.95059106188546,1.1186727975340942,32.06139178784672,0.0,0.0,27.57440830020918,43.64259818675788,9.330852252364554,1
2010-09-24,12108.908880893165,12339.857024465526,12067.25995154198,12263.4072265625,0,10533.881902538304,9524.522623816529,8712.466735221387,78.71171214046741,0.9373106336470728,697.6769452821572,501.258657601256,196.41828768090124,1.0515308217398596,35.61862051129109,0.0,0.0,30.31522869043208,43.37535518074752,8.901147957810359,1
2010-10-01,12323.306799759144,12579.80441865578,12163.208298178672,12556.6044921875,0,10726.522149171562,9643.427795125192,8788.588274963291,80.35253419365984,1.640822053192423,771.5407330447288,555.3150726899506,216.2256603547781,1.0252788082813866,39.51637424471447,0.0,0.0,33.04774595851362,44.37731940128286,8.27403677576181,0
2010-10-08,12605.303268788575,12738.351522675037,12414.655952451696,12473.255859375,0,10892.87774061951,9754.401444703615,8861.551989506097,78.50021909300949,-1.852315100650344,813.9698412606194,607.0460264040844,206.92381485653505,0.9423505337619194,40.8290901506852,0.0,0.0,35.70180173158594,44.633572136670665,7.8134138285876675,0
2010-10-15,12514.754860713749,12827.200468274925,12324.257092315063,12346.306640625,0,11031.299540620032,9856.044785720142,8930.55703210251,75.6401031623282,-2.860115930681289,827.8090072701016,651.1986225772878,176.6103846928138,0.86879951731482,41.22863493314956,0.0,0.0,37.79017303605114,40.83013727552272,8.679241679101207,1
2010-10-22,12451.404850110985,12535.703652412683,12139.759214682495,12384.65625,0,11160.190655799075,9955.20601961347,8998.95503641731,75.92545875176732,0.2853555894391206,832.2771659197515,687.4143312457805,144.86283467397095,0.8390768578992267,41.30365149320029,0.0,0.0,38.979291672863305,38.07907415800239,11.234067814683131,0
2010-10-29,12423.205093835792,12580.353656397174,11955.410618083595,12330.6064453125,0,11271.658826228926,10048.35897748402,9064.928331642956,74.59909583713602,-1.3263629146313036,821.9815546198206,714.3277759205886,107.65377869923202,0.796448288733629,40.5573337527081,0.0,0.0,39.37618766648912,34.1661079716493,13.110898223650466,1
2010-11-05,12485.354469501182,13204.39623258709,12485.354469501182,13182.7470703125,0,11453.667230427362,10171.27615759494,9146.469296765126,80.40966456907724,5.810568731941217,872.5249112410165,745.9672029846741,126.55770825634238,0.9297305469337592,41.501230168656434,0.0,0.0,40.49530173826218,39.157693041509184,11.354093837948527,0
2010-11-12,13287.89533418382,13301.29556903238,12428.655604098292,12457.1552734375,0,11549.237520237852,10260.918475863276,9212.027434917054,66.46711830434003,-13.942546264737205,844.299136635218,765.6335897147829,78.66554692043508,0.7498341584166645,39.516013427281855,0.0,0.0,41.63308730413409,35.62405268141639,9.923925169520038,0
2010-11-19,12467.354989600137,12826.751368976316,12013.510340342207,12062.8095703125,0,11598.149144054483,10331.58087172403,9268.478566311023,60.34317152003245,-6.123946784307584,781.1055062915275,768.7279730301318,12.377533261395683,0.6427622052213626,36.002057761308215,0.0,0.0,41.30301811093234,31.626004903624167,14.539261682923607,0
2010-11-26,12120.6593701726,12414.40596671413,11362.768207504383,11668.7138671875,0,11604.869593876678,10384.017459781422,9316.007978209567,54.899382474484526,-5.443789045547923,691.2555061286203,753.2334796498295,-61.97797352120927,0.525726261992765,32.8665981743039,0.0,0.0,39.30143731874944,27.351231367299256,20.9379939145977,1
2010-12-03,11731.213043251755,12535.70434519026,11707.713316818228,12349.056640625,0,11675.744550709853,10461.077819814504,9376.068347762348,61.37718671611927,6.477804241634743,667.2550092253023,736.0377855649241,-68.78277633962182,0.6849520289374529,30.596545506364016,0.0,0.0,37.650956942796576,25.91969013064614,18.694543464228524,0
2010-12-10,12427.80618112321,12429.306163741318,10977.773020799226,11446.8671875,0,11653.946706594628,10499.736226390403,9417.074265380914,50.93051291217294,-10.446673803946332,568.8776263967738,702.605753731294,-133.7281273345202,0.4058299962965098,27.863746399548976,0.0,0.0,35.28894235398187,21.723067837220444,23.80972304026638,0
2010-12-17,11527.21571286866,11623.564692936165,11147.3205996158,11424.017578125,0,11632.048694359426,10535.982553909407,9456.81571711842,50.69516879495599,-0.2353441172169468,483.4956325337189,658.7837294917791,-175.28809695806024,0.3664115444123117,24.984460149669165,0.0,0.0,33.09564309293963,20.54758013457286,22.521321381393733,1
2010-12-24,11400.917389575936,11634.515644601064,11237.069683198,11476.916015625,0,11617.274153527576,10572.881905349235,9496.817703227462,51.25671927277,0.5615504778140092,415.310804634928,610.0891445204089,-194.77833988548093,0.3514776437157175,22.469227545832474,0.0,0.0,31.035838226922788,19.72242144640752,21.476840504620835,1
2010-12-31,11491.266363045865,11828.263243447243,11392.7679779283,11791.3134765625,0,11633.84932714995,10620.663535592894,9542.253263095485,54.5686115590578,3.311892286287801,382.2368958473016,564.5186947857875,-182.28179893848585,0.4452847235436905,20.617641681549003,0.0,0.0,28.93035797756625,21.00748116483752,20.36247606541227,0
2011-01-07,11881.961608032288,11912.01204026584,11007.77201441237,11053.220703125,0,11578.551362957098,10637.626561770625,9572.1734104228,46.56890463570072,-7.999706923357081,293.08911762440584,510.2327793535112,-217.14366172910536,0.1438892368155579,20.56868911315553,0.0,0.0,27.526344541841205,18.823530122236097,22.67188545412768,0
2011-01-14,11024.372223057777,11161.021102109657,10387.779819186013,10432.779296875,0,11469.43021380642,10629.593335696283,9589.215111144626,41.112799540379264,-5.456105095321455,170.41004395832715,442.2682322744744,-271.8581883161473,-0.0736832230994339,21.64722690862565,0.0,0.0,27.23429739673317,17.178858471244183,27.696635069861458,1
2011-01-21,10459.47767312756,10923.572842306216,10373.678868679706,10889.2734375,0,11414.177187491525,10639.776869100351,9614.958840379384,46.11513297944207,5.002333439062809,108.76745280019168,375.56807637961793,-266.80062357942626,0.1099237798294341,21.91209159401806,0.0,0.0,26.98394206810908,16.10142361765977,26.120369102477405,0
2011-01-28,10923.622765829234,11256.819769635536,10480.977692559509,10578.126953125,0,11334.553355647096,10637.359225336617,9634.031476275337,43.4084324606781,-2.7067005187639737,34.41165809310405,307.3367927223152,-272.9251346292112,0.0460943292144951,23.87139245405944,0.0,0.0,25.97039721158117,18.4376389873376,23.84776658485852,0
2011-02-04,10444.227887664156,10772.325171813056,10385.7798533667,10433.728515625,0,11248.760513740228,10629.373707308709,9649.867061212954,42.17135588255132,-1.237076578126782,-35.75542574399333,238.71834902905348,-274.4737747730468,0.0631414490466945,26.1618732409998,0.0,0.0,25.19412483837009,17.61530884860825,23.88255922745496,1
2011-02-11,10457.677850900787,10509.67724450202,10017.73307620612,10447.62890625,0,11172.462265407825,10622.246460208367,9665.664325471113,42.341702490607766,0.1703466080564482,-89.21330441842656,173.13201833955748,-262.34532275798404,0.1186200455214283,27.852028447519427,0.0,0.0,25.07525760066485,16.600548650736656,26.816595513251723,1
2011-02-18,10477.727419382818,11300.319175518294,10477.727419382818,10949.5732421875,0,11151.234739386842,10635.082804599706,9691.08826441599,48.26774945865306,5.9260469680452985,-90.03843835445332,120.49792700075533,-210.53636535520863,0.2948706621021322,27.68887057708883,0.0,0.0,23.317004831995355,23.99135013350457,24.212954402807643,0
2011-02-25,10935.172237648265,11070.22046689622,10168.881346520518,10435.728515625,0,11083.091289504762,10627.264989345796,9705.83361592508,43.35521461032162,-4.912534848331447,-130.64929425969422,70.26848274866542,-200.9177770083596,0.1720193190394638,28.3864901637418,0.0,0.0,22.202248530274638,21.60361819033852,25.213405782031085,1
2011-03-04,10512.078209773916,11133.97067960056,10364.22933952229,10963.2734375,0,11071.680065504308,10640.441791234196,9730.733414372107,49.08462305868896,5.729408448367344,-118.8946799702444,32.43585020488346,-151.33053017512785,0.3518662125530695,28.01302792039732,0.0,0.0,21.0445265618554,20.486519001578284,23.09910260433593,0
2011-03-11,10885.97340543323,11053.87114710147,10658.17624165793,10740.8251953125,0,11040.170077866993,10644.378395315698,9750.73523181647,46.92913029626107,-2.1554927624278903,-126.07545812343233,0.7335885392203032,-126.80904666265263,0.3038784196803413,27.6095591601834,0.0,0.0,19.969499019751822,19.57765930260377,22.07433878584921,0
2011-03-18,10730.27533539703,11018.17189702952,10591.176372169675,10715.775390625,0,11009.275345748709,10647.17827748469,9769.844937931492,46.68053267936409,-0.2485976168969799,-132.26294157324264,-25.865717483272288,-106.39722408997036,0.3165603635015562,27.037044006392115,0.0,0.0,19.099186672417154,18.61780629340102,21.761376624773547,1
2011-03-25,10795.52455076264,11420.267192065823,10661.02611856642,11387.1669921875,0,11045.265026361929,10676.197442767154,9801.87111722369,53.75191690847424,7.071384229110151,-82.04511062923848,-37.10159611246553,-44.94351451677295,0.5807084087733253,22.37295299766339,0.0,0.0,18.022944103583157,21.56524228218543,19.89370432493749,1
2011-04-01,11348.71784688318,11898.262410891644,11348.018636251256,11590.8154296875,0,11097.222207631028,10712.064814803249,9837.29575707446,55.67228228168712,1.9203653732128745,-25.520209768506906,-34.78531884367381,9.265109075166905,0.6993868863605144,20.20823073451862,0.0,0.0,17.867268683176544,25.665010196378503,18.64479191887731,1
2011-04-08,11614.315675422382,11861.012950558445,11614.315675422382,11673.1142578125,0,11152.069069553072,10749.75302825459,9873.648598673231,56.45911895722212,0.7868366755349996,25.621658502934224,-22.7039233743522,48.325581877286425,0.7564728347033419,19.30589565451113,0.0,0.0,17.722712935656116,24.840331797732603,18.04568998885293,1
2011-04-15,11590.865313388256,11950.560971261177,11490.416167722582,11735.513671875,0,11207.63522215516,10788.410308396567,9910.517213984158,57.08117369741951,0.6220547401973917,70.37582013935753,-4.087974671610253,74.46379481096778,0.7820935137746136,19.428973709222035,0.0,0.0,17.2932493914545,23.457940763762057,18.53989984072844,1
2011-04-22,11754.063919966453,11925.9107679118,11482.01684159928,11894.611328125,0,11273.061517961813,10831.79074054278,9949.806206343384,58.70125280798619,1.620079110566678,117.32916926887084,20.19545411648597,97.13371515238488,0.8987987764708877,17.877629090744875,0.0,0.0,16.87373100582033,22.175837765491845,17.630012816456528,0
2011-04-29,11860.21213024832,11977.910961240155,11406.716716224651,11483.6162109375,0,11293.114345864258,10857.352523695516,9980.17868168188,53.12264721527026,-5.578605592715924,119.99296144063736,40.15495558131624,79.83800585932113,0.6903056491523711,17.922795619814657,0.0,0.0,16.289434631476777,20.6145057637548,17.31690735007964,0
2011-05-06,11509.165855328272,11543.215263731932,10677.175419777372,11144.9697265625,0,11279.005334502186,10868.6316296903,10003.243850887437,48.99129870500216,-4.131348510268104,93.69800257731184,50.86356498051537,42.83443759679648,0.5274576649243177,17.755610354246482,0.0,0.0,16.08396934363856,18.48897763795105,24.21711146088734,0
2011-05-13,11194.319916380033,11213.369499369444,10838.024582852711,11020.822265625,0,11254.416470799595,10874.599889923034,10023.393918506004,47.531902295884805,-1.4593964091173532,62.12525441784419,53.115902867981134,9.009351549863055,0.4756032780255788,17.50635887421016,0.0,0.0,15.893180147788792,17.640049222831905,23.105173610464742,0
2011-05-20,10975.022706882331,10975.022706882331,10524.226958735577,10663.9755859375,0,11198.184005574636,10866.340113296152,10036.078703999696,43.51897339921694,-4.012928896667866,8.21438891136313,44.13560007665754,-35.92121116529441,0.3118406064980775,16.783692246027734,0.0,0.0,16.285713846553822,16.556886744678152,25.56651439593096,1
2011-05-27,10612.426857262935,10735.07504901233,10339.830405980998,10722.525390625,0,11152.883185103245,10860.700320250224,10049.671707695246,44.34916140749215,0.8301880082752078,-29.446440258658185,29.419192009594397,-58.86563226825258,0.3537702509136957,16.95874448015392,0.0,0.0,16.959493210557365,15.72905059186964,26.620867081883542,1
2011-06-03,10741.875457385077,11056.2721942579,10714.975378642872,10781.875,19900,11117.549072236268,10857.609131220805,10064.17078279039,45.2280008986306,0.8788394911384501,-53.88277415672383,12.758798776330751,-66.64157293305458,0.3720967354245126,16.383614307249232,9.898525260706313,9.898525260706313,16.744192303065194,19.211573174666064,25.43809458918321,0
2011-06-10,10734.125420776594,10918.123504400275,10627.475620299594,10714.125,0,11079.12773202329,10851.98230254548,10077.041163329191,44.366668491535485,-0.8613324070951123,-77.81855969900607,-5.3566729187366136,-72.46188678026945,0.3408097855833442,16.541796103969318,9.898525260706313,0.0,16.708629963772005,18.459402710041868,25.62081588217733,0
2011-06-17,10675.175296875455,10830.274105647097,10502.278155554524,10598.126953125,0,11033.318134032976,10842.0271908035,10087.3596938202,42.861594739767575,-1.5050737517679096,-104.9382522854212,-25.27298879207353,-79.66526349334765,0.2760830937294873,16.507010930970033,9.898525260706313,0.0,16.912343275257463,17.620968259745545,26.1908250549451,1
2011-06-24,10592.52705876999,10875.12378261446,10340.279995755474,10854.3740234375,0,11016.275837785788,10842.511380318558,10102.548096386878,47.128522820359606,4.266928080592031,-104.54863542893328,-41.12811811944548,-63.420517309487785,0.4017723856759354,15.839324431533736,9.898525260706313,0.0,17.401778641819877,16.31931155144641,26.49354693734829,1
2011-07-01,10808.775053734067,11359.818115704984,10773.97467602389,11254.869140625,0,11038.999009484762,10858.682272879596,10125.36633488664,53.032052970391696,5.90353015003209,-71.10361417964486,-47.12321733148536,-23.9803968481595,0.6127344363897588,15.116437060233803,9.898525260706313,0.0,16.5821708716754,21.642704302764468,24.37000154835502,1
2011-07-08,11378.917977438814,11451.117214581454,11232.019832514645,11285.01953125,0,11062.429535367166,10875.401381050984,10148.3297645176,53.45341804648732,0.4213650760956255,-41.68479298940838,-46.03553246306997,4.350739473661591,0.6202411977722111,15.15513469344388,9.898525260706313,0.0,15.6061858461001,22.269026394648424,23.607889364411225,0
2011-07-15,11274.86849008029,11385.21733787161,10941.172818002056,11234.4189453125,0,11078.809479171485,10889.480501218104,10169.836480968985,52.60052548151389,-0.8528925649734305,-22.19733261042711,-41.2678924925414,19.07055988211429,0.5707739055755767,14.154699643213146,9.898525260706313,0.0,15.315665606301744,20.84616214026102,26.284526324576778,1
2011-07-22,11234.569267755624,11388.367513647094,11021.571616870726,11291.8193359375,0,11099.09613219682,10905.258494736512,10192.053963245588,53.5067846528508,0.906259171336913,-2.097469726775671,-33.43380793938826,31.33633821261259,0.5968356213406355,14.128342672780326,9.898525260706313,0.0,15.037653530176945,19.771205803452844,24.870894598500914,0
2011-07-29,11286.118418063536,11432.96631537687,10758.275013685166,10893.5234375,0,11079.517780320934,10904.798296413512,10205.944447884289,46.81772776787519,-6.689056884975614,-18.09870330038939,-30.366787011588485,12.268083711199097,0.3362529854581728,13.889766691471452,9.898525260706313,0.0,15.318532063383827,17.86763701483551,26.233625850652288,0
2011-08-05,11014.022565338291,11064.771976356566,10150.182056320624,10354.3798828125,0,11010.457028177272,10883.21326058602,10208.883763427422,39.60092786537522,-7.216799902499972,-73.43763193512677,-38.98095599629615,-34.45667593883063,0.0325456758843349,14.88965499260221,9.898525260706313,0.0,16.59135757138953,15.665760834335956,31.194284417577716,0
2011-08-12,10121.282541266455,10516.77820424747,9920.68483619025,10182.58203125,0,10931.611790374674,10855.737526102255,10208.362937047672,37.61139217220872,-1.989535693166495,-129.66211823302547,-57.117188443642014,-72.54492978938345,0.0159080019862487,16.538316721959223,9.898525260706313,0.0,18.090145995538272,14.418602735467209,31.775912650138576,0
2011-08-19,10314.979407246155,10314.979407246155,9280.1420740484,9404.740234375,0,10786.19545170804,10798.83567152472,10192.44961620267,30.210795099702977,-7.400597072505747,-234.28506857914908,-92.55076447074345,-141.73430410840564,-0.1846218359070196,20.72095862393247,9.898525260706313,0.0,20.22328508203347,12.55060194198566,35.67836634854713,0
2011-08-26,9422.540837729735,9561.7893199257,8917.846362123739,8974.4453125,0,10613.647819402511,10727.290951562964,10168.330719099646,27.041009556102367,-3.169785543600611,-347.9102220930181,-143.6226559951984,-204.2875660978197,-0.1706313722931313,25.48567239308519,9.898525260706313,0.0,22.545944158186582,11.548016765331438,37.32266419312073,1
2011-09-02,9099.744025779848,9707.33740199289,9099.744025779848,9581.23828125,0,10515.323101483224,10682.347709589909,10156.70512627094,37.06855086591464,10.027541309812271,-384.562852300829,-191.8106952563245,-192.7521570445045,0.0984534023200238,26.38825378469874,9.898525260706313,0.0,24.285221094300592,12.289225919039565,33.99423504957249,1
2011-09-09,9508.889888323638,9971.884292072164,9364.49071187715,9678.587890625,0,10435.63403378244,10642.984579434422,10147.237458238347,38.528270445132414,1.4597195792177755,-401.1310370171959,-233.6747636084988,-167.45627340869711,0.1625588859047327,25.9133686532824,9.898525260706313,0.0,25.169123091454512,14.594286914982826,31.48797432727403,1
2011-09-16,9550.83900772541,9798.635803899237,9260.79290675387,9720.13671875,0,10367.491432350778,10606.794467250718,10138.78001785244,39.17672678132814,0.6484563361957285,-406.22607821785823,-268.1850265303707,-138.04105168748754,0.2075679215038431,25.93484376522086,9.898525260706313,0.0,26.11916935011293,13.635624024012436,30.686083149670186,0
2011-09-23,9664.237342632166,9962.834566917,9284.54207779339,9375.5908203125,0,10273.024707394752,10558.511971292355,10123.66736047541,35.80379642962269,-3.372930351705449,-433.07370549295774,-301.1627623228881,-131.91094317006963,0.1284729472994934,27.19549340928717,9.898525260706313,0.0,26.54180771572919,14.501538808297887,28.172704984483097,1
2011-09-30,9373.84094326896,9688.537675849857,9165.692978606874,9468.189453125,0,10196.373730797632,10515.754225481873,10110.687599933815,37.36457547068888,1.5607790410661906,-441.78607290016953,-329.2874244383444,-112.49864846182516,0.1952860515312767,28.010440061959077,9.898525260706313,0.0,27.103930947865106,13.578323663900232,27.82628381620832,0
2011-10-07,9332.491464126346,9332.491464126346,8626.349506465129,9038.14453125,0,10086.066187983572,10457.808747276702,10089.449123326216,33.31370008822417,-4.050875382464717,-477.88298047248463,-359.00653564517245,-118.87644482731218,0.1023655079847584,30.174521121265094,9.898525260706313,0.0,28.309389050984212,12.228425858894404,31.42920011567901,1
2011-10-14,9050.894923438756,9691.736939082086,8982.796104658471,9660.2880859375,0,10045.515892550617,10426.533427224183,10080.950884962083,42.94991718903416,9.636217100809992,-451.0883882481139,-377.4229061657608,-73.66548208235315,0.3210850383773143,30.47187462812468,9.898525260706313,0.0,28.454445972631525,15.408010491763942,28.82986382010122,1
2011-10-21,9717.236374156197,9865.735067118138,9492.839923679565,9695.2373046875,0,10012.156027039842,10397.855147909022,10073.31299228338,43.44431638986145,0.4943992008272886,-422.1668938330313,-386.3717036992149,-35.79519013381639,0.349104968532332,30.501520909741306,9.898525260706313,0.0,28.15075494383105,16.806644890892866,27.53968607366622,1
2011-10-28,9819.385697235804,9932.284977878891,9322.89183653019,9916.9345703125,0,10003.087316875335,10378.99551741504,10070.216389868114,46.60533391603825,3.161017526176799,-377.0113326450555,-384.4996294883831,7.488296843327532,0.4327070128743497,30.269079184797835,9.898525260706313,0.0,28.12425804643288,15.579604385480014,27.5651225359716,0
2011-11-04,9931.884459717196,10079.93254212154,9648.538659352109,9836.2353515625,0,9987.196653512208,10357.710805028666,10065.583101980872,45.60609978983676,-0.9992341262014932,-343.77416303743667,-376.3545361981938,32.58037316075712,0.4182001374363524,30.159521747059543,9.898525260706313,0.0,27.713701656438563,16.562716343252948,26.111756311246964,0
2011-11-11,9855.835898066432,9896.035540211104,9270.241469904797,9292.44140625,0,9921.029487106283,10315.935534488326,10050.273365431744,39.465644736354456,-6.140455053482299,-357.19556524400286,-372.5227420073557,15.327176763352782,0.2642159712216346,30.28212353442462,9.898525260706313,0.0,27.911803366063936,15.30230008946897,28.7249401005307,0
2011-11-18,9416.24055040673,9458.24006396805,8705.899132219076,8850.1474609375,0,9819.040722709256,10258.45364925104,10026.50849603582,35.30230375974429,-4.163340976610165,-398.9230120091888,-377.8027960077223,-21.12021600146653,0.1501025376547645,29.964087532121717,9.898525260706313,0.0,28.809432256817992,13.929849306041364,32.87634523929301,0
2011-11-25,8806.597645104448,8806.597645104448,8240.354385961351,8488.5009765625,28200,9692.32265164766,10189.043740518156,9996.052901590803,32.30171614719431,-3.000587612549978,-455.9186170658541,-393.4259602193487,-62.49265684650538,0.0674401153064943,29.84690753392124,-9.024131268455037,-10.247112717290388,30.124362653695464,12.918492539584951,36.03230353166688,1
2011-12-02,8598.59992378096,9200.543621542003,8490.250857789113,9172.6435546875,0,9642.829404318123,10149.18490970127,9979.74776600856,42.29412804694119,9.992411899746877,-440.8021633189019,-402.9012008392593,-37.900962479642544,0.3191458119602372,27.01344015477117,-9.024131268455037,0.0,30.361763756896817,16.46635651003308,33.01780952900207,0
2011-12-09,9154.794164029225,9272.992040598456,8689.748481357872,8810.9970703125,0,9563.607277269968,10096.706955215435,9956.604187875962,39.015778506379874,-3.2783495405613152,-452.7846936004171,-412.8778993914909,-39.90679420892616,0.1805511549260965,23.305990132418984,-9.024131268455037,0.0,30.40883685902586,16.188374934667856,30.748591361205417,0
2011-12-16,8900.796613079256,8920.145996852925,8127.105501287124,8171.8046875,0,9431.05464967283,10021.220591775616,9921.261623512082,33.9995191543497,-5.016259352030176,-508.002482123964,-431.9028159379856,-76.09966618597844,-0.0668864188078107,22.781561016132937,-9.024131268455037,0.0,31.103087363704145,14.70818584363672,34.42419768386958,1
2011-12-23,8122.155367154582,8451.851703561882,7766.2596523349375,8296.353515625,0,9322.987875001609,9953.57874565206,9889.0852253361,35.73339424194778,1.7338750875980793,-535.5395611210588,-452.6301649746002,-82.90939614645856,0.0406423721397441,23.09089494848356,-9.024131268455037,0.0,32.10514412261688,13.554340923904396,35.85264227555267,0
2011-12-30,8301.252806717937,8420.102006729889,7925.057635346435,7968.55712890625,9800,9193.994470611571,9875.734760681637,9851.054966000856,33.25708919875228,-2.476305043195495,-577.1601802317182,-477.5361680260239,-99.62401220569431,-0.0308234657665254,24.68327307460285,-9.803722464346553,-9.19023970026918,33.03562539875013,12.775025712851685,33.7912724429189,1
2012-01-06,8009.757152478224,8586.550614407524,7888.158465852466,8488.1513671875,11200,9126.771317904517,9821.319725642652,9824.066775925345,40.31738014229079,7.060290943538504,-561.7424903816591,-494.37743249715095,-67.36505788450813,0.2267207029788323,25.50989437184297,-8.839421607620602,9.32375833901174,33.45601088275807,13.663376443813371,31.07665336785074,1
2012-01-13,8450.302117732634,9072.894367425492,8329.803519072568,8974.9453125,0,9112.31169834218,9788.12857218608,9807.252489520884,46.07296572803898,5.755585585748193,-504.4289144869508,-496.38772889511097,-8.041185591839849,0.4358507558715068,25.50954280516473,-8.839421607620602,0.0,32.66873257693115,18.02849076775483,28.457127684373003,1
2012-01-20,8913.14679699734,9560.039536973149,8813.747557290219,9516.7392578125,0,9150.828608767924,9777.485853975351,9801.49975225933,51.66046833416566,5.587502606126677,-410.5566082255773,-479.2215047612043,68.66489653562701,0.670704653785932,25.41472708253026,-8.839421607620602,0.0,30.945191072418417,21.975990115708825,26.07952320923774,1
2012-01-27,9502.989457183156,9969.133930581189,9456.14013113286,9813.5361328125,0,9213.943611057884,9778.899590400337,9801.7380964287,54.44502991962748,2.784561585461823,-308.65511775611594,-445.1082273601867,136.45310960407073,0.7922022587948709,25.711169323207763,-8.839421607620602,0.0,28.84653736228541,25.3409468202323,24.560469147790737,1
2012-02-03,9741.13628879407,10158.831736240048,9509.039388755806,10133.5322265625,0,9301.523479201182,9792.806752602775,9808.308277223428,57.30092896905958,2.855899049432104,-199.7735765164398,-396.0412971914373,196.26772067499752,0.9011760171287492,26.840507882734865,-8.839421607620602,0.0,27.210099794077177,25.624527486392463,22.75265868778396,1
2012-02-10,10219.481044778297,10554.87760343558,10183.332050109986,10442.529296875,0,9410.190699932022,9818.286068064432,9820.867109295734,59.914242682038406,2.6133137129788224,-87.54156479072299,-334.34135071129447,246.79978592057148,0.959772734268695,29.326676470842035,-8.839421607620602,0.0,26.30062629839618,28.967005324042358,21.6403414452591,1
2012-02-17,10450.977801301093,11203.219208040937,10335.579732224372,11074.771484375,0,9568.722203212306,9867.560005958963,9845.696898901264,64.67783154634313,4.763588864304722,51.82239741365083,-257.1086010863054,308.9309984999562,1.0689150431788572,33.946887230980785,-8.839421607620602,0.0,26.299058515027987,33.442544612500555,19.523712746653494,0
2012-02-24,11042.471212554436,11226.619421781685,10435.42856217318,10506.677734375,0,9658.051301418278,9892.623446289004,9858.785628316586,58.007470667417394,-6.670360878925735,115.10209831549764,-182.6664612059448,297.76855952144246,0.8471646286748098,35.441999610758685,-8.839421607620602,0.0,26.32569509187888,30.77100585612027,17.812758511907965,0
2012-03-02,10527.528288971062,10667.1757679577,10073.783551648245,10434.1787109375,0,9731.968197562965,9913.860907647768,9870.179550744722,57.19676690391622,-0.8107037635011736,157.58510885252326,-114.6161471942512,272.20125604677446,0.8023905079208743,36.60793928205637,-8.839421607620602,0.0,25.612561277660344,28.736954160820755,20.66394698149721,1
2012-03-09,10406.728798509836,10526.42749153444,9939.834280743413,10505.5283203125,0,9805.640590205778,9937.06355128168,9882.76071449854,57.82152693805085,0.6247600341346313,194.76538385187268,-52.73984098502643,247.50522483689912,0.8002731391622767,37.79619201102258,-8.839421607620602,0.0,24.688562817569245,26.84763146616257,20.80669171321071,0
2012-03-16,10765.82552374142,10911.9225910087,10347.929215524096,10391.228515625,0,9861.410868817133,9954.87394204024,9892.829383827777,56.401278927619536,-1.420248010431315,212.55774726544405,0.3196766650676608,212.2380706003764,0.7562172544649579,38.48906966216317,-8.839421607620602,0.0,24.38540992971227,29.492893333253296,19.480554749464407,0
2012-03-23,10440.72852277022,10583.627071531522,10125.631852374858,10294.4296875,0,9902.65075631074,9968.189853626898,9900.781865088613,55.165470215929005,-1.235808711690531,216.3534787815988,43.526437088373896,172.82704169322494,0.7197452314552519,39.02324256763096,-8.839421607620602,0.0,23.65353378967497,27.93578831544739,21.014619658504447,0
2012-03-30,10260.080479355873,10262.979859588026,9845.286110960024,10212.630859375,0,9932.172670888289,9977.77577542094,9906.957092698243,54.08697880845676,-1.0784914074722494,210.3365131528717,76.88845230127347,133.44806085159823,0.6827789819005584,39.349591147495374,-8.839421607620602,0.0,22.43275795762745,26.46040154039502,23.20126892781754,1
2012-04-06,10186.68106929389,10502.578287887754,10180.83152810082,10339.9794921875,0,9971.011415773926,9991.97984274512,9915.53179367823,55.54414868472814,1.4571698762713865,213.38423428745227,104.18760869850924,109.19662558894302,0.6963720109422366,39.144918308868455,-8.839421607620602,0.0,21.68345803594001,28.339826689995213,22.29297450641758,0
2012-04-13,10256.530768104913,10587.82679496816,10060.58284571667,10306.1298828125,0,10002.927460253792,10004.299452159528,9923.266409304651,55.044080765221246,-0.5000679195068969,210.6400670861985,125.47810037604712,85.16196671015142,0.667555608122143,37.76683496749597,-8.839421607620602,0.0,20.746360301397896,26.50843553620043,22.326194029929223,1
2012-04-20,10274.031137183842,10645.725990031791,10248.430879096524,10456.37890625,0,10046.11331225343,10022.028058202292,9933.82309241248,56.898982398067176,1.8549016328459305,218.07529901657108,143.9975401041519,74.07775891241917,0.6897663192056018,37.77528203982073,-8.839421607620602,0.0,19.976832530387263,25.913735252323377,21.213726881616022,0
2012-04-27,10432.478265219108,10521.327817713383,10029.333419710018,10148.58203125,0,10055.87223787215,10026.990959106124,9938.075744666688,52.15175374567577,-4.747228652391407,196.86183771966355,154.57039962725423,42.291438092409294,0.5903483239935816,36.58865778739667,-8.839421607620602,0.0,18.798165517677266,24.29903069765164,22.66673805700028,0
2012-05-04,10209.9812420163,10382.228609367045,9757.636262047943,9802.2353515625,0,10031.716343937898,10018.177013712257,9935.385835892346,47.36316167491333,-4.788592070762441,150.36936980292012,153.73019366238742,-3.3608238594673026,0.4683725294333996,32.91591418470215,-8.839421607620602,0.0,17.74771816409049,22.391516637688483,24.302177090182283,0
2012-05-11,9664.736842720493,9924.035168405711,9296.54219629011,9397.990234375,0,9971.36147636048,9993.85596354217,9924.744338832596,42.46241703385369,-4.900744641059639,79.9825622884855,138.98066738760704,-58.998105099121545,0.3094960066502911,29.64139598003438,-8.839421607620602,0.0,17.579989470454045,20.63861986764782,28.152164776569865,0
2012-05-18,9412.490389534543,9498.689584616292,8995.145269080323,9310.1416015625,0,9908.388154951148,9967.043635621398,9912.573987599524,41.45847278652803,-1.0039442473256628,16.916852788843244,114.56790446785428,-97.65105167901103,0.2023570284764568,24.035700139683712,-8.839421607620602,0.0,17.887334377141734,19.330833163301197,30.16105251149121,1
2012-05-25,9299.792318312502,9522.189444843629,9157.093388118828,9456.189453125,18400,9865.321611920086,9947.0101382686,9903.536670085176,43.83590686751125,2.377434080983221,-21.035847153625586,87.44715414355831,-108.48300129718388,0.1953067349954482,20.186166057030004,9.35018926709258,9.820160289946374,18.1170634952921,18.722933574715544,28.739104789873,0
2012-06-01,9482.98979666972,9783.336034816415,9252.492361366823,9267.4921875,35000,9808.385476261032,9920.36237549336,9890.941729835966,41.49136865912651,-2.3445382083847406,-65.58391704839414,56.840939905167815,-122.42485695356196,0.0713396414623482,19.02829124344333,-10.064798252418376,-10.463131911491969,17.715545046767293,20.817750102205206,26.763397644093605,1
2012-06-08,9174.4435800542,10031.083608382554,9110.344712836324,9998.7333984375,0,9826.513849801648,9923.435748942147,9893.076218323124,52.16782611859865,10.67645745947214,-41.406223733916704,37.191507177350914,-78.59773091126762,0.4373284641891407,18.28542641227661,-10.064798252418376,0.0,16.7986985406554,21.510751205514524,23.717764347705785,1
2012-06-15,10070.033002911368,10224.430515943202,9813.536403443606,10064.6826171875,0,9849.19658955268,9928.974841814515,9896.47436483529,53.00079999237027,0.8329738737716212,-16.730814385149642,26.407042864850805,-43.13785725000045,0.4658297820522717,18.066671508931943,-10.064798252418376,0.0,15.653552020313269,22.83535278979001,22.48788344294231,0
2012-06-22,10178.73134428909,10197.681319424795,9619.039045923046,10038.2333984375,0,9867.20009516076,9933.259491093851,9899.281474411571,52.6051353160553,-0.3956646763149649,0.6825266503237799,21.2621396219454,-20.57961297162162,0.4540189284926345,18.09119716384728,-10.064798252418376,0.0,14.877330745128043,21.1704662040041,23.298975657338183,1
2012-06-29,10068.783494325631,10359.879658047075,9892.684952852374,10340.5302734375,0,9912.279159758544,9949.230894323016,9908.019074392285,56.59358624429588,3.9884509282405753,38.432530006886736,24.696217698933676,13.736312307953064,0.6226924909455199,17.98028163594797,-10.064798252418376,0.0,13.825741675015507,21.97807198281636,21.91000869554936,1
2012-07-06,10366.379437742666,10687.775988311168,10303.530559307786,10655.2255859375,0,9983.035962251775,9976.916960660838,9922.815242937731,60.335676961195794,3.742090716899917,92.67466548559604,38.29190725626615,54.3827582293299,0.8339686800655155,16.574363970842292,-10.064798252418376,0.0,13.51329241136838,25.15566922295786,20.81113846570649,0
2012-07-13,10594.827068246008,10782.423996696483,10524.627688750852,10594.3271484375,0,10041.254170459944,10001.129124887371,9936.112508393173,59.270794404545896,-1.0648825566498985,129.25794851893806,56.48511550880053,72.77283301013753,0.7916755211451457,16.753612630708165,-10.064798252418376,0.0,13.405092916796187,25.55987469744896,20.083370193227704,0
2012-07-20,10613.976028087389,10708.475559898508,10463.278532263386,10481.4775390625,0,10083.180205564948,10019.966317600123,9946.911815931178,57.25422283134808,-2.0165715731978158,147.44479175994456,74.67705075902934,72.76774100091522,0.7225473146064891,16.828275638402342,-10.064798252418376,0.0,13.150566650734635,24.67599109771352,20.25409545108269,0
2012-07-27,10401.579580874037,10402.129379186194,10056.033524448883,10140.431640625,0,10088.632723189716,10024.690447914823,9950.74389166769,51.54642127378189,-5.707801557566192,132.80751987386793,86.30314458199706,46.50437529187087,0.5334739076394686,16.464022082956692,-10.064798252418376,0.0,12.457659955477038,23.17827542377946,24.834660703968737,1
2012-08-03,10222.430916000343,10467.828123742343,10209.03151295641,10315.4794921875,0,10110.23717737998,10036.093939847087,9957.966378806696,54.077002085658094,2.530580811876206,133.79002698379372,95.8005210623564,37.98950592143733,0.6420285540219033,16.37202137370651,-10.064798252418376,0.0,11.662100007565137,23.029273437892,23.645294033883616,1
2012-08-10,10426.628345639305,10640.626637018047,10271.930695153316,10358.830078125,0,10133.912691736648,10048.750258995242,9965.904273842702,54.70787218805499,0.6308701023968979,136.49329123890493,103.9390750976661,32.554216141238825,0.6655808993214236,16.442135350622873,-10.064798252418376,0.0,11.133639753890764,24.337825999947565,22.34733127763047,1
2012-08-17,10339.079824537004,10550.927267349663,10283.930075982493,10417.779296875,0,10160.94760651173,10063.22198597092,9974.852294100769,55.60107470404454,0.8932025159895502,141.75825599730888,111.50291127759468,30.2553447197142,0.692371677758421,16.64535446791431,-10.064798252418376,0.0,10.64292666119314,23.33870676885921,21.429926064731383,0
2012-08-24,10436.7279197534,10560.727321218092,10318.4298537322,10332.7294921875,0,10177.3077860999,10073.790907783336,9981.9389712906,53.948036811907954,-1.653037892136588,137.48314988141647,116.69895899835905,20.78419088305742,0.6420413702103402,16.637674935509576,-10.064798252418376,0.0,10.21196158501218,22.594484374318736,20.603318129172514,0
2012-08-31,10338.129649120025,10338.129649120025,9948.58447059636,9990.3837890625,18000,10159.505500667769,10070.520040382518,9982.106195404896,47.78911293832517,-6.158923873582786,105.25731948570136,114.41063109582753,-9.153311610126153,0.4473029117674139,16.57099678078671,-10.63347280231402,-9.798182590890704,10.109681877659495,21.17999895890604,25.257206841676155,1
2012-09-07,10030.732607022594,10134.632664886818,9813.9357079,10121.8828125,0,10155.922387508932,10072.534266740067,9984.87404920876,50.14357995696151,2.354467018636342,89.29959874349515,109.38842462536104,-20.0888258818659,0.5368375668055053,16.245884233523565,-10.63347280231402,0.0,10.326062892928253,20.066258174008617,26.136898343602454,1
2012-09-14,10153.681640220228,10664.42552896588,10006.38334448388,10642.7763671875,0,10202.289433192604,10094.89670205173,9997.901817881606,58.18720593773433,8.043625980772823,117.3322139348602,110.97718248726088,6.355031447599302,0.8252583448391768,16.959869208350213,-10.63347280231402,0.0,10.010768997387284,26.358638041446618,23.415987863854227,1
2012-09-21,10796.9738295942,11432.9669075741,10796.9738295942,11358.3681640625,0,10312.39216946593,10144.44460252274,10024.841745528753,66.24430771841689,8.057101780682558,195.04221574222905,127.79018913825452,67.2520266039745,1.0927223986435717,19.82199476970309,-10.63347280231402,0.0,11.117692283270774,34.77117778628355,20.63766035125233,1
2012-09-28,11359.167738595206,11536.715868900796,11321.068540482393,11456.6669921875,0,10421.370724010842,10195.904304078222,10053.194720710111,67.17988031211037,0.9355725936934788,261.5449189375486,154.54113509811333,107.00378383943524,1.0454331787591895,21.241843280248933,-10.63347280231402,0.0,12.30192106092969,35.22066218187245,19.94224860753599,1
2012-10-05,11461.966312519067,11745.06368895622,10043.482879548024,11511.2666015625,0,10525.170331396714,10247.487139273684,10082.067431222042,67.71512875120527,0.5352484390949002,315.02313194456474,186.6375344674036,128.38559747716113,1.0037516509170497,21.69465766834163,-10.63347280231402,0.0,12.0027803845612,27.38062535294624,32.216290233847175,0
2012-10-12,11530.516600155011,11530.516600155011,11244.569550786488,11388.3173828125,0,10607.374812483931,10292.225580196777,10107.9337668971,65.13894469240222,-2.576184058803051,343.5240946914346,218.01484651220983,125.50924817922476,0.906627416118008,21.473408707904603,-10.63347280231402,0.0,11.725006899361889,26.320323470916268,30.968729496038964,1
2012-10-19,11397.567894705688,11605.51526904857,11288.269358732949,11491.06640625,0,10691.535916652128,10339.238945924351,10135.3225320328,66.2930546539911,1.1541099615888868,370.1356076056036,248.4389987308886,121.69660887471495,0.9259909997952104,20.095085389524268,-10.63347280231402,0.0,11.322394822390724,26.201818423002663,29.59923059644468,1
2012-10-26,11421.96699515124,11656.6641236108,11419.267807740032,11614.365234375,0,10779.424423101926,10389.243898412617,10164.610506336609,67.67597761696477,1.382922962973666,396.6028178861561,278.07176256194214,118.53105532421398,0.9245446375942382,20.949796778357644,-10.63347280231402,0.0,10.84568576747374,26.041600446810204,28.58070066406472,0
2012-11-02,11506.365810349826,11599.915318648602,11125.071003493536,11460.3173828125,0,10844.27137164579,10431.246780153788,10190.26806824702,64.13552624349694,-3.540451373467832,400.53082846124926,302.5635757418036,97.9672527194457,0.8199758295264726,21.09961816061647,-10.63347280231402,0.0,10.931243844571318,24.193708306702703,30.81918554311924,1
2012-11-09,11449.566702974458,11718.963243491282,11401.16687665081,11475.4658203125,0,10904.385128661666,10472.196546434525,10215.71752868396,64.33312582592795,0.1975995824310104,400.2522981031434,322.1013202140715,78.1509778890719,0.7959085799923704,20.890616399641328,-10.63347280231402,0.0,10.749050628334812,24.821042440757243,29.36186175958592,0
2012-11-16,11487.965957698216,11608.664748793826,11305.918311266352,11335.3681640625,0,10945.431132033174,10506.046413792485,10237.888828394423,60.986530495665605,-3.346595330262346,384.2969151518882,334.5404392016349,49.75647595025333,0.7116362293006265,20.81338483128345,-10.63347280231402,0.0,10.759163717411782,23.67263425274609,29.45900674590801,1
2012-11-23,11342.518138433015,11570.71509372557,11256.269144084356,11475.666015625,0,10995.929692375252,10544.070711903563,10262.399267745526,63.05897234779137,2.0724418521257637,378.6086583756678,343.3540830364415,35.25457533922628,0.7496140736505642,21.229684337576423,-10.63347280231402,0.0,10.864961226864509,22.507808097654955,28.786386155010774,1
2012-11-30,11534.066200767387,12175.15801213876,11410.96704490798,12158.7587890625,0,11106.67532063118,10607.39181296862,10299.95094143497,71.10677260902801,8.047800261236645,424.32914957021785,359.5490963431968,64.78005322702109,0.9654746601454284,23.14224959530029,-10.63347280231402,0.0,10.542874767634686,28.963893660485606,25.502166600971183,1
2012-12-07,12126.45872065194,12480.454461160698,12053.310156450729,12363.556640625,0,11226.378303487734,10676.261021896322,10340.814420626852,73.00554606470018,1.8987734556721705,471.6515379575976,381.9695846660769,89.6819532915207,0.9673832817208056,24.99119113068225,-10.63347280231402,0.0,10.796765257537592,31.69568253874192,23.863337657470517,1
2012-12-14,12379.856464447374,12538.754576424124,12237.857684953646,12424.5556640625,0,11340.490433066285,10744.821596098918,10382.076623467165,73.56282711625231,0.557281051552124,508.2185559375084,407.2193789203632,100.9991770171452,0.9324438358193632,25.6344999636588,-10.63347280231402,0.0,11.135095001827244,31.122977602209684,22.754052828807065,0
2012-12-21,12403.506136166738,12571.453387999823,12197.057952263129,12314.90625,0,11433.291939440922,10806.393543310724,10420.35047745791,70.73594307307835,-2.826884043173962,522.3293027380078,430.2413636838921,92.08793905411562,0.8538309019806517,25.80243992853812,-10.63347280231402,0.0,11.346581013100362,29.29804014785268,22.058827826616454,1
2012-12-28,12363.705516846458,12523.35472867878,12265.60705075783,12458.005859375,0,11530.883741339405,10871.16265374462,10460.70008898102,72.2354780478054,1.4995349747270552,538.8476139109025,451.9626137292942,86.88500018160829,0.861855950141565,25.923137004146525,-10.63347280231402,0.0,11.542960880711115,28.077440449423936,21.13982442376144,1
2013-01-04,12442.70544194148,12837.65067426954,12427.556203405664,12787.201171875,14500,11650.533020438032,10946.301419161497,10506.769417355155,75.36306007524493,3.12758202743953,571.9091918792856,475.9519293592925,95.95726251999304,0.9194400482897412,26.49954693422976,-10.203629181337648,9.581972891547895,12.339153972471903,31.31310455489857,19.731300477777207,0
2013-01-11,12837.301240469613,12837.301240469613,12582.504314888218,12617.703125,0,11742.644458967745,11011.84658409634,10548.570084833273,70.93249150534363,-4.430568569901297,577.7734421963451,496.31623192670304,81.45721026964202,0.832326940915997,25.770757879020845,-10.203629181337648,0.0,13.078476129106924,29.976689141294603,18.889186146931426,1
2013-01-18,12621.902957581173,12908.050167575351,12583.202920737604,12679.8525390625,0,11831.902371357724,11077.258582330309,10590.773697788309,71.59196768722543,0.6594761818818,580.7414155928018,513.2012686599228,67.540146932879,0.8382754736144614,23.209461841457475,-10.203629181337648,0.0,13.905540174616217,29.52291679091073,17.843582495534836,1
2013-01-25,12677.852228432272,12748.801676935063,12509.305168802028,12693.1025390625,0,11913.921434948654,11140.62501200608,10632.403971872944,71.73917846675644,0.147210779531008,577.5055951416725,526.0621339562728,51.44346118539977,0.8370183859404481,20.16529218946236,-10.203629181337648,0.0,14.425700382841397,28.280011312280152,18.39137847844157,0
2013-02-01,12705.65224459282,12960.500172930266,12580.703420152036,12606.103515625,0,11979.84353787021,11198.094757246035,10671.48713115516,69.20341259153112,-2.535765875225323,561.4490547972928,533.1395181244768,28.30953667281597,0.7850437997357428,18.226100157943275,-10.203629181337648,0.0,15.353870097275893,30.12189274146519,17.157772435425315,0
2013-02-08,12656.70284342114,12723.152268192263,12245.808014267304,12280.0078125,0,12008.430611644477,11240.522720197174,10703.339025835256,60.56228550741447,-8.641127084116654,516.4575320013009,529.8031208998417,-13.345588898540768,0.6181147834850004,17.62259873360165,-10.203629181337648,0.0,15.135174851582583,27.61480611703293,21.56905829057592,1
2013-02-15,12297.956460923991,12485.805471674015,12256.657178013626,12336.40625,0,12039.666386725954,11283.498544895325,10735.6769906702,61.45863353820876,0.896348030794293,479.82122816396986,519.8067423526674,-39.98551418869749,0.6270942668804708,17.1266933793348,-10.203629181337648,0.0,14.932100694867373,26.47559950493873,20.679259763034807,0
2013-02-22,12352.856377881088,12470.555398250037,12024.260284710435,12068.8095703125,0,12042.44192801991,11314.295055696,10762.075655613611,55.06379740265044,-6.394836135558322,424.3027794483787,500.7059497718097,-76.40317032343097,0.4836876575412681,16.548464065887238,-10.203629181337648,0.0,14.043977623884004,24.367184770437404,23.179294143591004,0
2013-03-01,12119.80958802226,12137.70879442812,11401.06740960149,11539.916015625,0,11994.582317315631,11323.142936477529,10777.47843501978,45.07987002946682,-9.98392737318362,333.77912119814937,467.32058405707767,-133.5414628589283,0.210124377684451,16.21427941676294,-10.203629181337648,0.0,14.335393680037177,21.345584828677904,30.79553910473828,1
2013-03-08,11515.266325852275,12219.308336021222,11452.966269921397,12197.1083984375,0,12013.870515517716,11357.416091848509,10805.589919443892,55.80330611757025,10.723436088103432,311.47787964585405,436.15204317483295,-124.67416352897892,0.5280532846966297,15.48319329440936,-10.203629181337648,0.0,14.373224164830344,20.04068812897805,27.03910971426498,0
2013-03-15,12221.3577454551,12241.157319678892,11555.315952393848,11816.412109375,0,11995.064953027932,11375.415935673074,10825.606200432629,49.74411158384319,-6.059194533727059,260.0868567421094,400.93900588828825,-140.85214914617887,0.3165416480806253,15.160256515154344,-10.203629181337648,0.0,14.343598762213862,18.267606283664986,24.194692959932475,0
2013-03-22,11679.21354477789,11814.61264533496,11173.220082454143,11203.919921875,0,11919.717807203844,11368.69060179864,10833.097561253267,41.86751284134638,-7.87659874249681,167.99950638456357,354.3511059875433,-186.35159960297975,0.0144711294648182,15.906746626446967,-10.203629181337648,0.0,15.111383069198745,16.513186978395,27.57640193328936,1
2013-03-29,11327.26914681854,11413.117567643878,11048.271846376469,11361.7177734375,64600,11866.574946845143,11368.417157549184,10843.565288227212,44.31392089971907,2.4464080583726897,106.52463592839922,304.7858119757145,-198.2611760473153,0.1059828671830011,16.19140033229058,10.534785924769006,11.075985169527042,16.057528079193354,15.598071402486571,27.94606093884565,0
2013-04-05,11414.817506024132,11590.464908727236,11021.272385059689,11098.8212890625,80900,11793.455550865849,11357.844770549706,10848.619862501177,41.20287851508381,-3.1110423846352617,36.1748083453258,251.0636112496368,-214.888802904311,9.94529459162109e-05,16.91683517131882,-10.675931008412125,-11.300981463909618,16.363429741473944,16.923378876019772,25.565727400377984,1
2013-04-12,11075.720945526691,11442.767196326951,10888.623800001827,11409.966796875,99500,11756.932812390529,11359.888771582073,10859.735643379863,46.03197328822145,4.829094773137641,5.465897804084307,201.94406856052632,-196.478170756442,0.156310311704566,17.06451085325571,10.936689829317784,11.507922973347435,16.920040603174005,15.53597358402434,25.432250288652387,1
2013-04-19,11357.818359762468,12312.857134705664,11334.618433742442,12288.107421875,95600,11807.52087043667,11396.289502966109,10888.020233053036,56.81275756138675,10.780784273165304,51.39502461303528,171.83425977102812,-120.43923515799284,0.5775557230495235,17.096349863977622,11.930325731537252,11.467938559235831,16.228155747455187,25.43441104169269,22.002956649373303,1
2013-04-26,12317.256920684173,12755.652008315616,12317.256920684173,12533.0048828125,98300,11876.614585901036,11440.866576685576,10920.59418651362,59.25714568311091,2.44438812172416,106.32966472773478,158.73334076236944,-52.40367603463466,0.6897020191493762,17.254213410454188,12.429620115258356,11.495789479023491,16.39208611578747,29.93012873269676,20.57497668952802,0
2013-05-03,12560.203691933672,12783.151492747282,12364.556001080684,12393.455078125,80800,11925.837489922367,11478.22298850673,10949.759748723744,57.26804537669185,-1.989100306419061,137.0257127088771,154.39181515167098,-17.366102442793874,0.6239927855865447,17.22957271505528,12.039433474778324,-11.299744620670223,16.591294141523594,28.554430871895,19.363326550858588,1
2013-05-10,12358.205521764025,12782.901009255738,12188.15769970939,12752.1513671875,93600,12004.534049661905,11528.180964141273,10985.45067186164,60.90103035941359,3.632984982721737,188.1277253519802,161.13899719173284,26.988728160247348,0.7766369198516,17.72506932836061,12.479532814438391,11.446796346169297,16.326561240343942,26.194158924903828,20.214400486297123,1
2013-05-17,12760.301477917536,13354.94487221785,12515.953910760483,13316.9453125,100400,12129.525598503627,11598.328585645537,11031.61888256735,65.82749620867374,4.926465849260147,271.075796702964,183.1263570939791,87.9494396089849,0.9716346975916218,19.43011914374653,12.80298697075161,11.516927446349529,17.049925579703118,30.878559746004047,17.959187235353937,0
2013-05-24,13332.545116318424,13414.143776569455,12582.353734536144,12769.201171875,86000,12190.447081681854,11644.245157654534,11066.02645265265,58.1722616188925,-7.655234589781237,289.2797297434445,204.35703162387216,84.92269811957232,0.7412854461453546,19.40266383037677,12.532858837800037,-11.362114203075018,17.811254711706095,28.34945363779203,16.047663574162556,0
2013-05-31,12751.352046546626,13016.299032989707,12453.006120039016,12475.505859375,88200,12217.595536700248,11676.843616545531,11093.936935954083,54.51172267261687,-3.660538946275629,276.8167494504487,218.84897518918748,57.96777426126121,0.621066562020159,19.274689876269928,12.150036542839864,-11.38737357979909,18.16610465546504,26.307360570258982,16.545778141663067,0
2013-06-07,12453.255261527356,12520.404375601633,12183.907772175817,12231.357421875,74400,12218.906192431175,11698.58925597022,11116.46011389311,51.60462687658337,-2.907095796033502,244.4214707371284,223.96347429877568,20.457996438352723,0.5271992201571645,18.96098496182897,11.650084021475273,-11.217224661591072,17.7975606768584,25.142252777530054,19.354754447511848,0
2013-06-14,12292.507373595276,12363.6559598804,11656.76499514221,11922.7109375,91800,12190.697120532968,11707.378341520403,11132.425476736811,48.11152967949492,-3.493097197088453,191.63375252740843,217.49752994450225,-25.86377741709381,0.4084268982620737,18.66875471245394,10.038935856711175,-11.42737846979544,16.757795834009777,22.85254609070576,24.38339339447879,0
2013-06-21,11928.161628025764,11992.811269744776,11210.61966841837,11340.0185546875,99200,12109.680114261972,11692.972075370097,11136.536230755635,42.29135148369875,-5.820178195796167,101.6094099731854,194.31990595023888,-92.71049597705348,0.1867327245257435,19.22577613902522,-11.242441323346558,-11.504903373867316,16.593049697074083,20.615314097189504,27.580219268133465,1
2013-06-28,11272.069221453325,11654.564995247423,11033.621475811247,11617.115234375,123000,12062.769173320356,11689.997297291857,11146.052646668892,45.65801183406765,3.366660350368903,52.02415410123649,165.86075558043842,-113.83660147920192,0.3222329252951039,19.47085431799222,10.75152085670396,11.719947764402807,16.728283406883026,19.02316803960945,27.651619360580675,0
2013-07-05,11597.31581403682,11752.764016174073,11273.469019845952,11434.1669921875,92500,12002.90229892675,11679.964736307373,11151.757881233616,43.83954236025516,-1.818469473812492,-2.011722714834832,132.28625992138376,-134.2979826362186,0.2672236720582422,19.864721269250897,-10.732061203925053,-11.434974734252892,16.621893284168706,19.11154907246357,25.983503764849008,1
2013-07-12,11328.068815200024,11743.11304274681,11176.52076812892,11722.6630859375,83800,11976.212850070631,11681.639181390909,11163.062934792108,47.39743101687876,3.5578886566235965,-21.310664619566523,101.56687501319372,-122.87753963276025,0.3960584141849996,19.974991442553414,10.545367754151744,11.3362002195732,16.694534767900418,17.74847617790394,25.35068249571748,0
2013-07-19,11678.76496307573,11811.763420818888,10829.623724289757,10973.7724609375,161800,11880.742336819856,11653.87970215744,11159.314608577164,40.266186113904105,-7.13124490297465,-95.9286243498318,62.06777514058861,-157.9963994904204,0.1154820959438615,21.10362619767292,-11.726430716744437,-11.994122464057146,17.340733852058495,15.663083880578254,26.52211060729614,0
2013-07-26,10948.273095272089,11285.668408593016,10352.829434903944,10465.1279296875,184800,11745.921917092966,11607.261985589994,11145.568337708062,36.27419968196613,-3.991986431937974,-193.87241723707848,10.87973666505519,-204.75215390213367,0.0059068967852614,23.747879104369,-12.639804459346648,-12.12703484943049,18.614976572704503,13.982605606318636,29.16035665214692,0
2013-08-02,10451.728087084875,10451.728087084875,9862.935365502775,9997.68359375,214500,11579.42302915554,11544.141264341366,11122.837946738597,33.03306119761656,-3.2411384843495696,-305.68864168521213,-52.43393900499828,-253.25470268021385,-0.0440266926631697,27.617194614089613,-13.167529841037242,-12.276069679344005,20.369095674857512,13.012061815025849,32.7830014487926,0
2013-08-09,10031.18335550025,10117.532939029712,9660.187995369406,9816.2861328125,146400,11411.505229503824,11476.382239575529,11096.965633591542,31.84397587130431,-1.1890853263122525,-404.2807672200997,-122.80330464801858,-281.47746257208115,-0.0160501607839935,31.142991569063287,-13.414287937764229,-11.894104711087111,22.209370741958704,12.313047972946984,33.40338609585922,0
2013-08-16,9849.734713146734,10071.133269233354,9420.04137090809,9450.740234375,172600,11224.76570615822,11396.945298195114,11064.36711083478,29.536591388345,-2.307384482959307,-506.0784783581712,-199.4583393900491,-306.6201389681221,-0.0203831079352608,35.610672134912136,-13.6436552385248,-12.05873785135744,24.157937275300977,11.37609865273228,33.668215325060736,1
2013-08-23,9425.390289743798,9765.986370235149,8860.047149589136,9469.9892578125,276000,11057.644139649106,11321.3783946507,11032.79527216107,29.82494600323838,0.2883546148933789,-578.5317091082779,-275.2730133336949,-303.25869577458303,0.0462166214515567,39.19950735246081,-13.246527786495546,12.52815976788113,26.455474335122435,10.211728071142986,36.54896845977458,0
2013-08-30,9529.588998276096,9586.538529066858,8366.653006205475,9049.0947265625,298200,10866.353719355144,11232.26923119626,10993.514073238328,27.203519870857196,-2.6214261323811883,-662.279739008125,-352.674358468581,-309.60538053954406,0.0299722175731134,43.888095834840726,-13.66967636674573,-12.60552303476121,28.943846931199367,8.891953499871217,37.05261695014756,1
2013-09-06,9112.693670345034,9989.733066545372,8605.550634773517,9961.2841796875,210700,10780.156620339178,11182.426680156705,10973.07387732643,39.59509729044078,12.39157741958359,-647.5796950734402,-411.6554257895529,-235.92426928388736,0.2397145810628342,45.05380449432891,-13.39025235251452,12.2581953458655,30.20592459469225,11.652015512391417,31.99906492132028,1
2013-09-13,10083.88304503656,10409.02980948331,9980.384384408,10180.33203125,222700,10723.03046899735,11143.128850787813,10957.376018988283,42.14203319968623,2.546935909245441,-611.2088383609553,-451.5661083038334,-159.64273005712187,0.3040602472708346,45.09246361384061,-12.973633644325302,12.313585343581137,30.409160043439275,15.37100285193293,30.54769216632125,1
2013-09-20,10418.37930241206,11219.3194876757,10174.931927452906,10686.67578125,300500,10719.568117783318,11125.22873041378,10952.01561824099,47.63810413299279,5.496070933306562,-535.3557159980555,-468.3240298426779,-67.03168615537766,0.4197459620754931,44.41073933917609,-11.778369597156942,12.613206360738884,29.06370054117212,21.73435651983964,27.4232297888892,0
2013-09-27,10466.177693630936,10509.42718903014,9883.835144849278,9899.634765625,237700,10641.479227101572,11077.166221990692,10931.176393436714,41.10239280382255,-6.53571132917024,-532.6096103676009,-481.18114594766246,-51.42846441993845,0.2822316656745732,43.63164767077709,-12.816112636016506,-12.378768860323028,28.185636288426785,20.03768856982769,28.112933594604613,1
2013-10-04,9783.787139849584,10328.630310967888,9582.638269886693,10197.0322265625,161000,10599.150941335947,11042.651163346449,10916.638885181776,44.21673884776893,3.114346043946384,-500.6644639399783,-485.0778095461257,-15.586654393852656,0.3630472339790644,39.680494501003885,-12.240961875957243,11.989165855127435,27.73575727395489,18.585838532438924,29.00141857414488,1
2013-10-11,10124.032714355188,10649.176443313982,9877.335386518736,10622.02734375,187000,10601.329646327762,11026.156111597567,10910.804993272235,48.41459388076617,4.197855032997239,-436.0278929866854,-475.2678262342377,39.23993324755224,0.4861463857384032,36.26427797711722,-9.908524844053396,12.138869243416009,26.744971371916588,20.299825452153826,26.8349458452129,1
2013-10-18,10588.82705914572,10783.874545137602,10274.230214992756,10744.775390625,155000,10614.991145784645,11015.121573520211,10907.51727836833,49.59441862002208,1.1798247392559134,-370.62585909323207,-454.3394328060366,83.71357371280453,0.544416291495703,33.0940184139964,11.812296455066814,11.951186847493476,25.58970829359158,20.60902620062433,25.481375423594734,1
2013-10-25,10751.57475368397,11091.470453707563,10700.424959837914,10896.373046875,203100,10641.789422078962,11010.464768553731,10907.296600516976,51.08246939294818,1.488050772926094,-303.0680325061312,-424.08515274605554,121.01712023992434,0.6175229701163091,30.24353592532996,12.73080413304066,12.221458671239269,23.992472036084077,22.93175918816553,24.46181361896943,1
2013-11-01,10924.323440378994,11694.3146671268,10668.87580660994,11628.515625,1000000,10735.76334616668,11034.702057041824,10921.578165358223,57.59362574200366,6.511156349055483,-188.2798084919505,-376.92408389523456,188.6442754032841,0.8630047167466046,29.385228189771585,17.174788155255335,17.162969588346563,22.95456158406045,26.572086441472397,21.978374954350933,0
2013-11-08,11539.61573565458,11736.063645280054,10841.473488603166,10913.0234375,179800,10752.645259626996,11029.930346471556,10921.408764806576,50.51701661467478,-7.076609127328879,-153.27667576298154,-332.194602268784,178.91792650580243,0.6414226434807453,28.773233259755653,17.1685186299078,-12.099605962739451,22.049540956107244,24.664664236594263,20.064586112551435,0
2013-11-15,10786.124677000354,10940.372884804488,10411.929025446992,10811.07421875,173100,10758.209922400616,11021.347753227574,10919.223922310406,49.58217074341059,-0.9348458712641872,-132.238527391135,-292.2033872932542,159.9648599021192,0.6279597222185047,27.311218805448927,17.162445364090566,-12.061630518155123,20.488710789218484,23.370114603987968,23.27778971565605,0
2013-11-22,10962.122215979978,11207.570082049107,10630.426324856126,10677.2255859375,175700,10750.497128451749,11007.852766275022,10914.431876045595,48.31794254305943,-1.2642282003511625,-124.9260396615864,-258.74791776692064,133.82187810533424,0.5990559492364567,26.09713186441203,17.156242923822276,-12.076538965678628,19.450912086068374,24.703124286173704,21.924346658830174,1
2013-11-29,10780.474224870297,11186.02013285548,10780.474224870297,11153.8203125,195400,10788.908860265868,11013.57698377404,10919.172241123902,52.92100721347959,4.60306467042016,-79.75427149058123,-222.94918851165275,143.19491702107152,0.8053340095889371,24.424954453993877,17.16313840745135,12.182809136284993,18.48724186171471,23.41083912493673,20.777426636536504,1
2013-12-06,11180.170151929884,11770.51406412838,11107.62068762762,11720.064453125,172400,10877.59034530007,11041.282374728982,10935.031492846698,57.737208536279766,4.816201322800175,1.7160683113816049,-178.0161371470459,179.7322054584275,0.973903467773122,26.394820771867227,17.169183009710466,12.057578437658943,18.450527673265334,27.839305442300287,19.356659814968847,0
2013-12-13,12206.807926412905,12225.807704972736,11349.717971196402,11366.7685546875,167400,10924.178746194111,11054.046538648923,10943.58074159602,54.02372459372853,-3.7134839425512425,37.34340169042662,-134.9442293795514,172.287631069978,0.8150094986056987,27.44959885886348,17.163314230384888,-12.02814741073532,18.983553833272563,29.979407996510872,17.63987397652996,0
2013-12-20,11347.068657870585,11572.165480125626,11040.022034297692,11292.21875,157300,10959.230175128005,11063.386625368574,10950.484464534717,53.24550649320227,-0.778218100526253,58.88399582497186,-96.17858433864674,155.0625801636186,0.7616144598687359,27.791493385079196,17.157767975061102,-11.965916446305249,18.88302852710931,28.335486094412747,19.8638709244183,1
2013-12-27,11258.519943313911,11514.31674828592,11258.519943313911,11459.5673828125,102400,11006.881337764622,11078.923125660493,10960.5653144016,54.818888075114906,1.5733815819126349,88.43923549007195,-59.25502037290302,147.69425586297496,0.7876555157571161,27.87115875690348,17.161381998723094,11.53665175716486,18.78968359995772,27.55334773903334,19.315572748606986,0
2014-01-03,11532.465958611874,11578.76591211061,11052.471225578998,11181.5205078125,115400,11023.513639673944,11082.946552411551,10964.940664766173,51.70553568152825,-3.113352393586659,88.40681801412211,-29.722652695497995,118.12947070962012,0.673870196301678,26.13249199584039,17.157308227718115,-11.656168298529856,18.29480020989605,25.965295656255748,20.458788294212187,0
2014-01-10,11174.21924128636,11174.21924128636,10788.074418110504,10805.173828125,149500,11002.719371907378,11072.053504400314,10961.776965030704,47.75234708040804,-3.9531886011202033,57.35197724719183,-12.30772670696003,69.65970395415185,0.5167497668393942,23.778015113817123,17.152005885118005,-11.91505836075372,17.332369559752895,24.813895589509357,22.53148324569964,1
2014-01-17,10814.524863034276,11192.6697334347,10814.524863034276,10911.22265625,137000,10994.005398987629,11065.746412315988,10960.775889609302,48.93707506970749,1.1847279892994464,40.82741333723607,-1.6806986981208123,42.50811203535688,0.5276289724670106,18.606764265110083,17.156865963546238,11.827743504053696,16.470689672684628,23.91314141954212,21.519370022153534,1
2014-01-24,10909.773595244793,11248.219251410435,10876.12359570623,10982.2724609375,108800,10992.88797631619,11062.472924026635,10961.201564289067,49.75903665159734,0.8219615818898518,33.08333870094975,5.2721087816933005,27.81122991925645,0.5410433613757042,16.934786421749376,17.16070888875955,11.597275804538212,15.77229002116758,23.514321554598855,20.564110425383824,0
2014-01-31,10802.174701269792,10802.174701269792,10101.082635855062,10237.630859375,203800,10920.958727083696,11030.126176393238,10946.873431518492,42.10860743729797,-7.650429214299372,-32.762583588317284,-2.3348296923088165,-30.42775389600847,0.1328622564105637,16.770584553204078,17.15349834840354,-12.224899306530068,15.571961777233,21.122955313418394,27.417538283330263,1
2014-02-07,10205.331808913534,10321.38048932429,9943.88470215333,10263.0810546875,151500,10858.303710665008,11000.045975542032,10933.332988412929,42.434373307145314,0.3257658698473449,-81.94769135596835,-18.25740202504072,-63.69028933092763,0.172129079926269,17.50941610231389,17.15886344342697,11.928347504569842,15.62648197326176,20.17631955039977,28.055028130087607,0
2014-02-14,10287.229611997387,10395.029735452214,10064.633445620671,10203.6318359375,111400,10795.954008310007,10968.814048498718,10918.883460641136,41.84206958998617,-0.5923037171591474,-124.29154319551162,-39.46423025913491,-84.82731293637671,0.1103027197516472,16.46783045740128,17.15492121991906,-11.620891583095712,15.51798738789519,20.262033271846576,26.91798105236456,1
2014-02-21,10217.031545958347,10630.027105408357,10205.681092049505,10554.2265625,106900,10772.932346804291,10952.555715714454,10911.662531965074,46.57785382926156,4.7357842392753895,-128.08282735318062,-57.18794967794405,-70.89487767523656,0.2851387207666985,15.63933714829141,17.158704498263035,11.579658451506331,14.914051166340297,22.120436585090854,25.482580709168573,1
2014-02-28,10508.828198202214,10793.474273794194,10471.328633535102,10764.5751953125,83700,10772.136427614596,10945.183930600651,10908.7499114373,49.248117328479736,2.67026349921818,-112.81362540217378,-68.31308482279,-44.50054057938378,0.403240850796157,15.487072535952878,17.161656751085765,11.3350062038375,14.015247472128465,23.310384644762568,24.42295301515337,1
2014-03-07,10705.32554896053,11947.361577673397,10612.876430069797,11884.6123046875,214700,10878.086511145348,10982.024258996214,10928.073919224433,60.5541757491364,11.306058420656662,-10.217260443099804,-56.69391994685196,46.47665950375216,0.9795146173263024,17.071871190613265,17.169190000834988,12.27700164151788,14.686091935626775,33.192966851324364,20.601304192929508,1
2014-03-14,11784.412937435847,12308.556643170708,11784.412937435847,12055.7099609375,218000,10990.241125411269,11024.129580640973,10950.403345793007,61.94869636786055,1.394520618724151,83.92975887461398,-28.56918418255877,112.49894305717277,0.9841031060966178,18.937436045576412,17.176781412111453,12.292254928916668,15.7366266154985,35.410313290394136,19.32240835961037,1
2014-03-21,12093.05982161144,12268.607588577292,11989.810864116887,12092.208984375,127800,11095.190445312575,11066.015047454071,10973.013358438197,62.25524710067649,0.3065507328159427,159.64680711713115,9.074014077379214,150.57279303975196,0.9600463314875208,20.1474869743532,17.181205141121794,11.758229645621093,16.712123103950816,34.19435994463922,18.65889694415829,1
2014-03-28,12134.50904512756,12787.351180780246,12134.50904512756,12754.5517578125,196200,11253.224856026853,11132.232173350483,11008.291346544616,67.38949244176445,5.134245341087954,269.9864045372833,61.25649216936004,208.72991236792328,1.099118902420962,23.87317240776105,17.187958643979325,12.18689492294037,18.19888129637687,37.60750144762098,17.08368377176837,0
2014-04-04,12855.350240870936,12869.199688906008,12430.70550254437,12551.5546875,183900,11376.875316167154,11187.89187978772,11038.851016662544,64.49394538074166,-2.895547061022782,337.1645404450974,116.43810182450753,220.72643862058987,0.9497753730507236,25.82001724855625,17.18162986853692,-12.12215284831553,19.665107914543103,36.58012779584767,16.157085948942203,1
2014-04-11,12562.203451193984,13055.447985382709,12439.405075235714,12840.05078125,131100,11516.225360460758,11252.682424943105,11074.518338733582,66.68481021484352,2.190864834101859,408.96858556723055,174.94419857305212,234.02438699417843,0.9695654577895712,27.879187414398142,17.186145668411594,11.783723297487764,21.223251609289317,36.09877199024833,14.93175757743725,0
2014-04-18,12830.35059756317,12831.450194133968,12514.60407996601,12787.1015625,90300,11637.2611892264,11312.855724455138,11108.430877818064,65.88132151625862,-0.8034886985848999,456.3408361122929,231.22352608090029,225.1173100313926,0.8981788242242019,29.68628767606961,17.183037430223944,-11.410903813540878,22.670099325839363,34.6056672470408,14.31415545874692,1
2014-04-25,12845.150727813949,13268.445523632936,12838.700607359564,13034.3486328125,144600,11770.3171362346,11380.365250273077,11146.567863065478,67.83050777053484,1.9491862542762133,507.978794870678,286.5745798388558,221.40421503182225,0.9182945674341642,31.87062114048425,17.18801010098267,11.88173350431221,24.46899005252465,38.07813122929901,13.42941616435114,0
2014-05-02,13038.798347664591,13124.146924161096,12738.451558022813,12841.8505859375,118300,11872.36794096821,11437.678400691288,11180.137817973837,64.72990612987363,-3.1006016406612105,527.2909833794347,334.7178605469716,192.57312283246316,0.8296482730915722,33.20538658772487,17.183943706476022,-11.680987503016128,25.86259213423636,36.15002159503892,14.065518649230304,1
2014-05-09,12841.251431857983,13814.089101234387,12772.901638779416,13750.33984375,157500,12051.22240789981,11528.371006301431,11231.032907593166,71.37926582726887,6.649359697395241,608.8846788926548,389.5512242161082,219.33345467654664,0.9804342123161328,36.52271341609918,17.189353906095135,11.967187086434018,27.80752027289813,40.0142741502022,12.260674690510829,1
2014-05-16,13800.839246108895,15741.866606821366,13800.839246108895,14852.8271484375,321200,12318.041906998636,11658.741835404808,11302.751605431667,77.03697682515782,5.657710997888955,753.8202118892787,462.4050217507423,291.41519013853633,1.0887728788461204,42.72662891357315,17.200297386735382,12.679822374374927,30.7145609404955,51.88564931425302,9.697465493631254,1
2014-05-23,15031.825450191378,15362.371099609614,14857.32727165852,15285.322265625,232900,12600.640036391624,11800.9606758056,11381.614390782031,78.80687124850812,1.7698944233502942,893.2841834213723,548.5808540848684,344.7033293365039,1.0509255324970437,48.30331806775982,17.208158194495013,12.358368749551492,33.413955846121624,49.05963607464838,9.169281569216476,0
2014-05-30,15431.770455218735,15567.868479404811,14709.128906798092,14793.228515625,198500,12809.457986794803,11918.304512661263,11449.171106125455,72.00637552785923,-6.8004957206488825,953.115609169634,629.4878051018216,323.62780406781235,0.908961273061496,50.23553945794419,17.201462347256278,-12.198549416880068,36.00835849643982,46.79897273866374,8.344408711437513,1
2014-06-06,14786.278283393489,15575.868758222356,14769.82827933613,15542.9697265625,176800,13069.792438201252,12060.448246539743,11530.236425342033,75.47833508048656,3.4719595526273253,1048.9387816777344,713.3780004170042,335.5607812607302,0.9570296090104194,53.18672916181275,17.207428384086523,12.082780085278282,38.42097915828027,42.98076725880776,7.648858642060523,0
2014-06-13,15625.219053456178,15725.617302355224,15083.724876998976,15106.724609375,172400,13263.785978313035,12179.910064690144,11601.057973540705,70.03535507822104,-5.442980002265514,1077.260018235473,786.1544039806979,291.1056142547748,0.8491967582012346,54.005695795381136,17.20161125598738,-12.057578437658943,40.730093389921095,41.6696761621179,7.138550005593943,0
2014-06-20,15055.025097537024,15461.370246354529,14858.72757589184,14997.4765625,153200,13428.899367283226,12290.402868525824,11668.313787183462,68.69926933235054,-1.3360857458705055,1078.4576098820144,844.6150451609612,233.84256472105312,0.8038415314969539,52.09996107201111,17.196413425373695,-11.939506063682469,42.27582923942106,39.036445743075824,9.046760157922543,0
2014-06-27,15014.026111224428,15341.77208420964,14940.176381557108,14992.17578125,135000,13577.78283528006,12396.354747456184,11734.132836570918,68.63085496909106,-0.0684143632594782,1066.682924378514,889.0286210044719,177.65430337404223,0.7783409301821143,49.26533479824212,17.191810590245577,-11.81303746480054,43.71115538538532,37.34292346532042,8.654283599739237,1
2014-07-04,15058.9249714731,15582.469418800134,15058.9249714731,15555.9697265625,121400,13766.18158683077,12520.26121722506,11809.812774986593,71.84267879161195,3.211823822520884,1090.276828246815,929.2782624529406,160.9985657938745,0.839388294473121,46.08734865355409,17.195950690824098,11.7068543948059,45.19819663615227,37.56352371712182,8.098160716339088,0
2014-07-11,15589.31870856666,15592.618474880492,14406.482893322747,14447.0322265625,171400,13831.02450490046,12595.820864650055,11862.034942344531,59.03840397102479,-12.80427482058716,1007.8750226935244,944.9976145010572,62.8774081924671,0.641722149483916,41.39059724944151,17.190100445653716,-12.051761119434516,44.89285121396346,32.977759653636774,13.824643416881807,1
2014-07-18,14507.93142791181,15462.970822665784,14338.48417345888,15389.1708984375,157000,13979.419399523034,12705.364003229955,11931.879218702808,64.78138278144327,5.742978810418485,1006.9858095726468,957.3952535153752,49.59055605727144,0.7917712377119848,37.32675842258296,17.195460503095873,11.964007453736912,44.449785139143,29.32300289859626,12.96269687659615,0
2014-07-25,15509.819848198817,15626.7187985236,15272.273038603127,15322.072265625,134900,14107.291101056557,12807.980013519958,11999.011754285426,64.09217703273143,-0.6892057487118421,989.46091337526,963.8083854873524,25.65252788790781,0.7552458000656044,35.4823997237865,17.190856690242274,-11.812296455066814,44.21125317049841,29.934833328254456,12.492722075590482,0
2014-08-01,15399.321065275868,15499.319566008033,15095.92419647334,15127.6240234375,127400,14204.465665092835,12898.946445281432,12060.964472486456,62.03252814223366,-2.059648890497769,948.9431330646275,960.8353350028076,-11.892201938179936,0.6960888657669543,33.19074953027452,17.186489287398423,-11.755094871382958,43.54846683110994,28.661214127895462,13.821165456456749,0
2014-08-08,15242.073243342618,15343.321681631907,14708.928393791954,14765.578125,120800,14257.904946988756,12972.147687623336,12114.521178476822,58.27733608348596,-3.755192058747696,877.5031123411736,944.1688904704808,-66.66577812930711,0.5993302462917172,30.10205420657316,17.18233044712267,-11.701899842594283,42.02928722617139,26.73479010261897,16.992394257870913,1
2014-08-15,14858.577009309209,15144.573576887666,14806.82761180055,15089.474609375,92500,14337.10205769221,13055.180115927324,12173.431147405498,60.57662606832116,2.299289984835198,837.3694468545218,922.8090017472888,-85.43955489276709,0.6548630358365529,28.40637791877132,17.18551653975566,11.434974734252892,40.618620450157024,25.62661436361741,16.288047637162745,1
2014-08-22,15099.524465305289,15865.115675337056,15068.174244225278,15818.966796875,146700,14478.232032852477,13163.563907337037,12245.619972147468,65.22487626598095,4.648250197659792,854.5761290589453,909.1624272096204,-54.58629815067502,0.8100623131956453,26.5203519970292,17.190548786357443,11.896151780740423,40.24348423947713,31.18605911467284,14.890348161811376,0
2014-08-29,15817.366442020291,15973.164440621002,15503.22015320928,15740.2177734375,89100,14598.42115100343,13264.609156988035,12314.819928608656,64.34292272822489,-0.8819535377560612,852.0364151949307,897.7372248066824,-45.700809611751765,0.7695059340350834,24.587300659374502,17.187495411758327,-11.397525836740476,40.01735741173756,30.762597866462908,14.120845501790187,1
2014-09-05,15790.066068910815,16208.361157692569,15790.066068910815,15982.314453125,123900,14730.220513110246,13371.185835267916,12387.443582559476,65.87079468087646,1.5278719526515658,859.6493498327254,890.1196498118911,-30.470299979165706,0.822164647576473,22.060960278906848,17.191738822979,11.727238138609684,40.06999624977684,31.785718977165374,13.379108980144116,1
2014-09-12,16084.013143369362,16309.510491060557,16049.06335451176,16253.9619140625,111200,14875.338741772364,13484.235877573588,12464.008301995178,67.55093260951602,1.6801379286395672,877.4872088991433,887.5931616293417,-10.105952730198396,0.8905786388383518,19.881104600680644,17.195532003773575,11.61909465356394,40.23037895704204,31.75256413554261,12.870258643991258,0
2014-09-19,16158.462993834217,16239.51185856244,15770.616784789756,16151.962890625,123500,14996.921994044043,13588.852623183446,12537.037105730422,66.23247910743763,-1.3184535020783985,873.3262110399392,884.7397715114612,-11.413560471522032,0.8870765701662564,15.310985656109924,17.19131836838346,-11.72400453218338,39.64278715775595,29.940962808981503,15.422725474537774,0
2014-09-26,16052.36298075951,16272.160227357272,15168.223857428748,15607.068359375,148000,15055.03117169461,13667.998338328212,12597.829803822397,59.546142724788815,-6.686336382648811,816.6463645144631,871.1210901120617,-54.474725597598535,0.6397728289912542,12.40335574364785,17.18624533007408,-11.90497430948018,37.73540688336485,26.256367096513657,20.2399882526953,0
2014-10-03,15636.26861612221,15636.26861612221,15270.772986033828,15316.0224609375,69500,15079.887484955838,13732.626735293285,12651.655400992991,56.278081300639904,-3.268061424148911,739.7152294466196,844.8399179789733,-105.12468853235372,0.4739196764468921,12.039837951119296,17.183854149202,-11.149096419938578,35.964268057144544,25.152716001909475,19.389227555004226,1
2014-10-10,15214.072846293782,15795.467141748592,15130.17338681482,15453.6201171875,92400,15115.4810689779,13800.116671838156,12707.139850818625,57.46658640762182,1.188505106981914,681.9881961519077,812.2695736135602,-130.28137746165248,0.5437527920299935,12.033719488101442,17.187031964853787,11.433893080082036,34.58324298739957,25.05956519923448,17.91322570464956,1
2014-10-17,15360.52126832365,15973.313944114543,15301.47215146962,15929.6142578125,120500,15193.017563152624,13883.626381092052,12770.951225214543,61.37782100376825,3.911234596146429,666.9595608152886,783.2075710539059,-116.24801023861733,0.7732402503847501,11.862382418977608,17.191161079770737,11.6994133306336,33.589817813253994,25.16752083610046,16.543621058032112,1
2014-10-24,16259.51121781574,16572.307106227003,16156.862020239423,16444.5078125,91400,15312.207110709518,13984.053103892364,12843.694920012274,65.11483667697843,3.737015673210181,688.6584399332914,764.2977448297831,-75.6393048964917,0.9771903894048448,13.13499490539066,17.19428170768746,11.423011698301426,33.51532565651261,30.13498489834006,15.335680381794074,1
2014-10-31,16538.70723795367,17059.95295024934,16470.657251447567,17044.853515625,122100,15477.221054034802,14104.08449258776,12926.886179331335,68.89404103127026,3.779204354291835,745.7018521418868,760.578566292204,-14.876714150317184,1.109397240864774,15.52676996483775,17.198435375186847,11.712603850073448,34.00501000789079,33.57321704412675,14.261790740760036,1
2014-11-07,17086.801328878737,17424.997209284353,16934.652707311423,17346.849609375,82300,15655.280916448151,14231.251752069616,13014.410207649033,70.61836992131647,1.724328890046209,805.9868138905949,769.6602158118822,36.32659807871278,1.0905010067854466,17.895460294194116,17.20122540129364,11.31813853725963,34.82393337435076,35.889825729458394,13.453463248978462,1
2014-11-14,17364.44802715302,17650.794570596743,17202.79952036291,17576.595703125,118900,15838.263277084045,14362.441710934532,13104.75051449014,71.89479340500176,1.276423483685292,862.3609103302861,788.200354715563,74.16055561472308,1.0539149919930504,20.06890147790813,17.205242495234867,11.686046493072435,35.794273554952674,36.656352447858495,12.742845119205978,1
2014-11-21,17571.494939309112,18139.73926622451,17469.046911580474,18056.091796875,165300,16049.485040873657,14507.29073391259,13202.796876517565,74.39494442541951,2.5001510204177464,934.9515755855392,817.5505988895583,117.40097669598084,1.0692046207393997,23.282950031555085,17.210800558692792,12.015523333397592,37.10672659704703,39.500766632172855,11.742823172391994,1
2014-11-28,18128.388504483773,18615.18436027126,17890.64161434907,18512.935546875,241600,16284.099374778549,14664.374844224842,13307.948137316722,76.53654611245001,2.141601687030501,1017.6132611777156,857.5631313471897,160.05012983052598,1.0806474388928786,25.24114189673094,17.218868969584925,12.39504288410708,38.668106563139055,41.68593679397054,10.760403554571988,1
2014-12-05,18586.733660043647,18875.22908442414,18300.78810695541,18756.53125,230200,16519.56907718059,14824.851566019945,13415.84087222134,77.61181831575749,1.0752722033074775,1090.2120936011816,904.0929237979882,186.11916980319336,1.0309562491678046,28.18697979677279,17.22649657423915,12.346708119309138,40.28817891980263,41.9248292829218,10.043014605137762,0
2014-12-12,18804.730952152226,18804.730952152226,18182.888022089544,18299.537109375,110300,16689.089842151487,14961.113744190732,13512.547728402602,71.03487928691828,-6.576939028839206,1098.2120782295242,942.9167546842956,155.2953235452287,0.8815050441372795,29.228202137702976,17.22284907751245,-11.610968271383634,41.47474206505316,38.90132563985704,10.68606764427846,1
2014-12-19,18176.48859868296,18563.383780874967,17502.246397489216,18478.685546875,63600,16859.52752831563,15099.05773645286,13610.887091144628,72.03532340425018,1.0004441173318952,1106.2556785425622,975.584539455949,130.67113908661327,0.8730320307524174,29.77783989958009,17.22495388153988,11.060384472475045,40.93645715830859,34.34904102222236,16.94162752263598,1
2014-12-26,18562.13301801347,18923.379085165685,18423.78502294543,18556.984375,0,17021.190085142713,15234.662702670395,13708.829611617011,72.48267665752624,0.4473532532760629,1106.1968026434624,1001.7069920934516,104.4898105500107,0.8534063122684984,29.20545065951448,17.22495388153988,0.0,40.79968594527543,36.46108229717999,15.992732814884498,1
2015-01-02,18589.38405540634,19118.62819926039,18427.885363844616,19057.580078125,20500,17215.131989236263,15384.581031119596,13814.745462438954,75.21281438494847,2.730137727422232,1133.4780037963756,1028.0611944340365,105.41680936233912,0.9067882310969124,29.44197178400652,17.225631373764635,9.928228944424577,40.86001012666713,35.83029353132668,14.761664823010568,0
2015-01-09,19154.976916424723,19165.777572328137,18211.288188119303,18637.033203125,0,17350.551152463762,15512.12817511981,13910.236308789174,69.01768038619679,-6.195133998751686,1108.3871371350251,1044.1263829742345,64.26075416079084,0.7911468944440815,29.56061219849847,17.225631373764635,0.0,40.42158971850156,32.14773898440902,15.5767741564515,1
2015-01-16,18631.78315691577,19410.175711611075,18517.684594778577,19222.927734375,0,17528.872731693406,15657.64972646315,14015.438119196811,72.42535774606036,3.4076773598635697,1122.8358835583567,1059.8682830910589,62.96760046729787,0.8632165889788727,29.997045916088403,17.225631373764635,0.0,40.2758536441052,31.700941405032594,14.115863199777351,1
2015-01-23,19345.426480335773,20167.41686930996,19298.876237873494,20072.466796875,0,17771.119785520223,15830.779807655772,14135.379281131034,76.46709972743785,4.041741981377498,1189.1297738209869,1085.7205812370444,103.40919258394251,0.9557653655895864,31.696402399668976,17.225631373764635,0.0,40.83404150066281,36.38181921141389,12.75276164505833,0
2015-01-30,20179.56685229488,20907.30766500397,19732.220042666555,19843.51953125,0,17968.49118987544,15988.142149757508,14248.411761331408,73.34693543030062,-3.1201642971372365,1209.2544954433215,1110.4273640783,98.8271313650216,0.8681903842081533,32.57739189830683,17.225631373764635,0.0,41.8796895962246,39.4271881889273,11.291790754635793,0
2015-02-06,19778.71975873997,19991.16846592145,18740.13139906412,18786.48046875,72600,18046.394930720635,16097.880907365055,14338.274508012964,60.97601195560882,-12.3709234746918,1126.9188450569054,1113.725660274021,13.193184782884371,0.6655738666529393,31.686263133586497,17.22322999139968,-11.192733974822708,40.95856846581408,34.84975831172508,19.18757964470237,1
2015-02-13,18649.78228272766,19440.77456382724,18226.68777180296,19369.474609375,0,18172.40251916391,16226.17869960074,14437.90223279241,64.52942887003934,3.553416914430521,1096.075131954367,1110.1955546100903,-14.12042265572336,0.7461829117319267,29.98100038728817,17.22322999139968,0.0,39.30423783626933,31.078779519679102,21.68747362777476,0
2015-02-20,19518.62313697485,19532.472585656247,18876.03096470933,19073.328125,61900,18258.204957814964,16337.83161824385,14529.692844519292,61.46755344071692,-3.06187542932242,1035.7947239956302,1095.3153884871983,-59.52066449156814,0.6743817443507266,26.66057457452924,17.221177967482546,-11.033291613631048,37.864404091858965,30.06464617870672,20.4020140630022,1
2015-02-27,19198.926353043124,19219.52572203839,18489.385327706448,19074.328125,0,18335.930973737348,16445.14520674409,14619.685622350597,61.474200957665694,0.0066475169487745,976.8423277431066,1071.62077633838,-94.7784485952734,0.6594545656930745,22.73570847838005,17.221177967482546,0.0,35.93735813080866,28.071624802123747,22.55998856432276,1
2015-03-06,19954.26820075893,20541.41143155963,19398.523607167102,19747.76953125,58100,18470.39178873855,16574.65988613648,14721.231838368403,65.7584155808658,4.284214623200107,973.24426818352,1051.945474707408,-78.701206523888,0.813425971030259,19.726046095490165,17.223104140252474,10.96993815439584,35.442413137613165,35.853503496318446,19.729821352003288,0
2015-03-13,19545.022695383905,19545.022695383905,18737.13135385276,18779.58203125,0,18499.838478501544,16661.127421238973,14801.595208524475,56.09960390221122,-9.65881167865458,882.0998423954225,1017.976348245011,-135.8765058495885,0.520994384017216,16.519160000326647,17.223104140252474,0.0,34.07280443153835,32.800808745289665,23.62200651681447,0
2015-03-20,18786.43222937312,19373.22392992244,18541.283958737626,18606.1328125,0,18509.96174840616,16737.402142464896,14876.93258682102,54.55365972227501,-1.545944179936214,786.8015672207584,971.7413920401603,-184.939824819402,0.4306410807900669,14.316598984081391,17.223104140252474,0.0,32.54747142556472,30.49875792438746,23.616324686275615,0
2015-03-27,18694.83307217004,18696.48149047352,17719.144394185958,18044.591796875,0,18465.64080064129,16788.664481853528,14939.658511772584,49.771655867523,-4.782003854752006,658.3759820942141,909.0683100509711,-250.69232795675717,0.1801802937535945,13.004134202227974,17.223104140252474,0.0,30.290697368972285,28.011589558766627,28.5504188400472,1
2015-04-03,18159.98866553641,18668.63221862687,18089.23948582696,18617.6328125,45700,18480.11623034212,16860.388730114173,15012.489686044417,54.18513753205605,4.413481664533052,595.9674595851648,846.44813995781,-250.4806803726452,0.3795659858552324,11.524890221006984,17.22461661676522,10.729875458480969,28.195121459279317,26.52422069155961,27.0344390332134,1
2015-04-10,18702.38168047137,18896.280137096943,18351.58730431626,18800.630859375,54200,18510.641433107157,16936.476656751853,15087.50238254601,55.528999898124745,1.3438623660686917,554.878376349181,788.1341872360842,-233.2558108869032,0.4430901627167489,10.800787630264702,17.226407446946798,10.900454637442037,26.38346164784743,27.250124697169888,25.749244002276427,0
2015-04-17,18842.030737984256,19038.2794709888,18321.53738557075,18345.337890625,101100,18494.898238585043,16991.72611690374,15152.013976765396,51.48286563773036,-4.046134260394389,480.0430073455027,726.515951257968,-246.47294391246533,0.2285395250681794,10.972118639603853,17.223064394494163,-11.52387529615648,24.87169450849743,26.780651976727505,24.12407589833934,0
2015-04-24,18386.03587737316,18500.08533041034,17798.44269339428,18001.69140625,52300,18447.92615931504,17031.33259883889,15208.443232794794,48.60414581554922,-2.8787198221811323,388.5273376364021,658.9182285336549,-270.3908908972528,0.1082157535101154,11.755198488713528,17.221330605291474,-10.864770770329113,23.389736313435588,25.10988356446921,27.27018410277933,1
2015-05-01,18063.389129080035,18431.68599660499,17738.693693783433,18337.88671875,92200,18437.44621259456,17082.570015305995,15270.4124107345,51.463510068217126,2.859364252667902,339.218363931137,594.9782556131514,-255.75989168201443,0.2580712588741678,11.713406750480742,17.224385094712755,11.431726255472851,22.087625350294648,23.547333412825548,26.109728600450094,0
2015-05-08,18417.28612937477,18586.08495044947,17246.351118428673,17796.392578125,89000,18376.39348550222,17110.563056985175,15320.43181998976,46.934337405916814,-4.529172662300312,253.52412700187412,526.687429890896,-273.1633028890219,0.0623515668575523,12.640832043302328,17.221436774375594,-11.39640288460621,21.471217284656017,20.846503215646838,27.330063357492868,1
2015-05-15,17920.94268213117,18260.088948750497,17597.545281346316,18182.939453125,63100,18357.969291942485,17152.617033304385,15377.115139457785,50.29708609716987,3.362748691253053,214.3312518920284,464.2161942911225,-249.88494239909411,0.2387830963873942,12.956417621671903,17.22352799674287,11.052491896264268,20.898838366563005,19.646398447328853,25.75670887139653,1
2015-05-22,18274.38649564043,18755.23062029653,18213.5375958781,18433.0859375,110200,18365.123258186057,17202.831500135584,15437.629412686343,52.3992730048442,2.10218690767433,201.13676727585695,411.60030888806943,-210.46354161221245,0.354892512390212,13.042065766816838,17.22716972382345,11.610061250069942,19.616919719533325,23.045520481748365,24.447503780935776,1
2015-05-29,18404.836958880514,18750.98207621071,18225.788309189884,18721.1328125,0,18399.02893002548,17262.37272807144,15502.649281989585,54.77149410964071,2.372221104796516,211.4851495022085,371.57727701089726,-160.09212750868875,0.4706893346748769,13.022820777391177,17.22716972382345,0.0,18.426566690148626,21.943208206641504,23.278131905182747,0
2015-06-05,18720.932380908016,18832.28069360539,17469.448200723396,17549.046875,0,18318.07825811829,17273.614851480404,15543.172006603652,44.95418103879853,-9.81731307084219,123.68303629491128,321.99842886770006,-198.3153925727888,0.0604830994078471,14.108306351444616,17.22716972382345,0.0,18.2981311730412,19.355947684596423,27.077043426530807,0
2015-06-12,17542.295594438445,17821.69320256666,17174.500137478037,17523.34765625,0,18242.38962936893,17283.408294804703,15582.38340560655,44.76472036499776,-0.1894606738007667,51.43263343968283,267.8852697820966,-216.45263634241377,0.0798461466734645,13.556354127171655,17.22716972382345,0.0,18.51162082472162,18.25516435455406,28.12894291221645,1
2015-06-19,17499.146011423923,17935.093119543704,17293.247740643375,17880.642578125,43900,18207.93752925046,17306.829247091773,15627.893488230677,48.04327454757237,3.2785541825746165,22.74222458940494,218.85666074355828,-196.1144361541533,0.2383690350749053,12.46786111954326,17.22861678038929,10.689692377847104,18.51396108855749,18.22153083217929,26.518247326640665,1
2015-06-26,17956.34227917366,18538.935009559424,17950.391176400553,18371.287109375,0,18223.494632119466,17348.572692671507,15682.218114391952,52.235954517978655,4.192679970406282,39.1445480732109,182.9142382094888,-143.76969013627792,0.4600187412533345,12.39909636541658,17.22861678038929,0.0,17.544182671062178,22.594012929910104,24.940838613363876,1
2015-07-03,17962.290362620348,18756.43328122331,17821.692394160236,18729.43359375,37500,18271.679295131893,17402.72410055694,15742.559014973298,55.085125702969066,2.8491711849904107,80.11936952122414,162.35526447183588,-82.23589495061174,0.6388808095199298,11.666374846314437,17.22985122039066,10.53212287826962,16.32415952609073,22.650232701474167,22.86134207393531,0
2015-07-10,18488.13477303143,18980.42952101982,18402.635467306223,18719.583984375,0,18314.336884583616,17454.365664628236,15801.5100044664,54.987978970807866,-0.0971467321611996,110.5233847850941,151.98888853448753,-41.46550374939344,0.6468547867227615,11.333353575018249,17.22985122039066,0.0,15.44896633804454,23.497743847774267,21.65919927718343,1
2015-07-17,18753.583649278968,19228.826558375946,18657.383591223526,19094.4765625,0,18388.635901528032,17518.68373905458,15866.717263041324,58.02245301282342,3.034474042015553,162.99062936038172,154.18923669966637,8.80139266071535,0.825213002157358,11.36083525192636,17.22985122039066,0.0,14.986799181805909,24.5569104314127,20.510478099350387,0
2015-07-24,19125.87782317934,19148.828728912616,18613.33424378449,18635.6328125,0,18412.159416858693,17562.485663503423,15921.547273921691,53.2874274374007,-4.735025575422718,165.63708161326576,156.47880568238625,9.158275930879512,0.661520522495358,9.345105445793084,17.22985122039066,0.0,14.482334032406992,23.309329288973643,19.88637747439432,1
2015-07-31,18566.335749630507,18828.631666581,18173.98759271541,18729.6328125,0,18442.39497834834,17608.256139934663,15977.152928150968,54.11357604167805,0.8261486042773498,173.32148629443327,159.84734180479566,13.47414448963761,0.7189510872863649,9.295823857610594,17.22985122039066,0.0,13.607542113291244,21.848020199216908,22.847065842769304,1
2015-08-07,18782.43122829051,19103.476473429168,18758.682173405272,18893.33203125,0,18485.34136433897,17658.65127292742,16034.899049004413,55.586705171257066,1.4731291295790143,190.42548477631863,165.96297039910027,24.462514377218355,0.7975303813919598,9.5676766596947,17.22985122039066,0.0,12.9114138489795,23.766229417488088,21.998896316099803,0
2015-08-14,18925.880267160985,19071.12858380006,18034.54130492077,18723.3828125,0,18508.011978449547,17700.405450949875,16088.136351251853,53.660645466651474,-1.926059704605592,188.09875975755855,170.39012827079193,17.70863148676665,0.6816351816052747,9.54437486852885,17.22985122039066,0.0,12.786996516258728,21.394550292401785,26.77486773073252,0
2015-08-21,18762.8327169484,18896.229604090862,17841.89311444794,18056.990234375,0,18465.057526632925,17714.389167946938,16127.123556858249,46.8113535784243,-6.849291888227171,130.9727295390694,162.50664852444743,-31.533918985378023,0.3196081744875448,9.632293456787226,17.22985122039066,0.0,12.924080229972615,19.286385591785773,25.937015103144816,0
2015-08-28,17446.14692495098,17569.59742056697,16670.357613415392,17211.75,0,18345.69490504884,17694.677828027452,16148.60130820759,39.86146650319821,-6.949887075226094,17.296730135247344,133.4646648466074,-116.16793471136006,-0.044390071327884,10.893899143421889,17.22985122039066,0.0,14.311355851343988,16.924379616119733,33.10773774162856,0
2015-09-04,17137.05088931197,17353.09916035644,15932.965168525156,16128.912109375,85700,18134.57273403228,17633.275250825394,16148.211423082192,33.08471044477044,-6.776756058427772,-158.34300688495568,75.1031305002948,-233.4461373852505,-0.2494267158993648,15.09356817056579,17.227027872135487,-11.358619773129227,16.193686831812116,14.910330694092876,35.34694338963585,1
2015-09-11,16222.01157746709,16781.35567737058,15762.016925952985,16612.40625,0,17989.604497457778,17593.241172361653,16157.40339985284,38.14155962314657,5.056849178376133,-255.57867559013172,8.96676928220949,-264.54544487234125,0.0096904297557469,16.933525279691533,17.227027872135487,0.0,18.06778849778102,13.654299097021068,33.78208237176749,1
2015-09-18,16596.306412162274,17601.794624885777,16524.957635036037,17408.947265625,56100,17934.3038087118,17586.013960332766,16182.186446699814,45.45484366967058,7.313284046524011,-265.30615637093433,-45.88781584841927,-219.41834052251505,0.2881267003770166,17.269360673284964,17.228876962476722,10.93490891666386,18.450923014051224,19.123322264497112,30.82767626313252,0
2015-09-25,17185.851788125306,17652.145148625223,16758.804614275006,17196.451171875,57900,17864.032129013056,17570.736988236382,16202.270896703283,43.96165395471427,-1.4931897149563085,-286.8552253573689,-94.08129775020922,-192.7739276071597,0.2367950392375515,17.768012687003733,17.22696848638407,-10.96648993456911,18.729642158709947,18.145900102995206,28.59356957103511,0
2015-10-02,17286.04861493893,17461.146340354346,16648.10697699826,17150.0,47900,17796.02906910705,17554.23749850162,16221.037809639853,43.62429391478005,-0.337360039934218,-304.1749002358265,-136.10001824733268,-168.0748819884938,0.2454404269768004,18.310732178884678,17.225386868531153,-10.776891660007813,19.100884205311043,16.942474682622716,27.60021863741262,1
2015-10-09,17373.349189930446,17826.942728825758,17362.49775334488,17590.044921875,0,17776.41153127543,17555.64171118293,16248.14686136728,47.71747703952654,4.0931831247464885,-279.17476684019493,-164.71496796590517,-114.4597988742898,0.3915366117218889,18.303278009424503,17.225386868531153,0.0,18.8499973089521,19.02448660833086,26.051076126072097,1
2015-10-16,17642.39383787401,17947.540608451574,17433.848920616143,17912.640625,0,17789.385730677768,17569.64166858752,16281.107133914464,50.55190234781129,2.83442530828475,-230.67215875284452,-177.90640612329304,-52.76575262955152,0.502102829708471,17.909715873375834,17.225386868531153,0.0,18.424392253484637,19.21974670011501,24.90855892853424,1
2015-10-23,17911.442703096393,17980.29047435515,17565.14621259715,17933.841796875,0,17803.14345126798,17583.924026559576,16313.83455298299,50.74091062825591,0.189008280444618,-188.35153575702495,-179.99543205003943,-8.35610370698555,0.5027287125618204,17.797029964797748,17.225386868531153,0.0,17.974537399629497,18.80314940389582,23.992763369667472,0
2015-10-30,18026.89011387528,18028.841263075432,17170.150572155526,17354.298828125,0,17760.396344301982,17574.919116817044,16334.4378059561,45.60886015381816,-5.132050474437754,-199.2792441847232,-183.8521944769762,-15.427049707747017,0.3248300570510202,17.91912996227566,17.225386868531153,0.0,18.064641570930466,17.37978309616861,25.6586552969205,0
2015-11-06,17351.24792100644,17465.996414337733,16911.402429862832,17086.30078125,207900,17696.19676686846,17555.757613461476,16349.326181704491,43.42175000518032,-2.187110148637835,-226.94861214306368,-192.4714780101937,-34.47713413286996,0.2597718153488531,18.410921901597487,17.218493045376665,-12.244817283839346,18.45979554750419,16.510484485845318,26.70886729538497,0
2015-11-13,16667.707012762978,17068.80196865535,16587.05755782872,16932.65234375,188700,17623.478250380987,17531.32211268848,16360.877194814306,42.17310714269462,-1.2486428624857029,-258.2974383253204,-205.63667007321905,-52.66076825210135,0.2401118746989748,18.852893476559043,17.21219446922592,-12.147919030759663,19.19748317000061,15.74692630315589,28.47820022208017,1
2015-11-20,16881.4546873499,17302.349678437906,16787.355753942993,17055.40234375,248100,17569.375783082796,17512.65859233795,16374.630168060556,43.56923405077654,1.396126908081918,-270.12290113677227,-218.5339162859297,-51.58898485084256,0.2984958095965324,18.64872555141405,17.220467563375827,12.42159120030458,19.422106063438317,17.193464956245126,27.08660934558712,1
2015-11-27,17120.050080608155,17403.448840039775,16964.703400775797,17370.748046875,230100,17550.45885582491,17507.093472908033,16394.35527457173,47.10253019596662,3.5332961451900857,-251.1537586327868,-225.05788475530116,-26.095873877485644,0.4111263589978003,18.0465477896997,17.228079734967615,12.346273621950562,19.431455148930933,17.444452847917507,25.924352418808198,0
2015-12-04,17336.047972180655,17498.145692529448,16880.152541644537,16897.103515625,228300,17488.234537710632,17483.172298112622,16404.310685285658,42.77079671772656,-4.331733478240061,-271.21335308256675,-234.28897842075423,-36.92437466181249,0.2813622366382867,16.865383219622075,17.22052733643547,-12.338420212709783,19.24816546958454,17.314826701819854,24.340095860967228,0
2015-12-11,17017.80190792434,17031.651356087805,16259.910139851529,16342.3095703125,249500,17379.09882652986,17438.43258329693,16403.082940434706,38.3248722903761,-4.445924427350462,-328.0958759603709,-253.0503579286776,-75.04551803169329,0.1324377541439494,16.968223317506784,17.21220786278518,-12.427218202181711,19.890697807091872,15.999883108990009,28.59512769409201,1
2015-12-18,16212.211571081663,16771.605115249935,16187.860856582984,16594.107421875,325400,17304.33774037225,17405.321792652932,16406.865603433525,41.30686798435947,2.981995693983372,-348.8365324954248,-272.20759284202705,-76.62893965339771,0.2386555733725777,16.091184703520106,17.223044521022594,12.692813546903102,20.573613948432204,15.067759992851371,27.648286622002683,1
2015-12-25,16593.20776836377,16945.90200081851,16580.457916370433,16810.8046875,163000,17257.334592479656,17382.007396372428,16414.864397177415,43.82415459543945,2.5172866110799816,-343.82459796453986,-286.5309938665296,-57.29360409801024,0.3311960286720871,14.025251755943946,17.228429012022037,12.001511614739403,20.819281564645447,16.30081473888,26.60338277248287,1
2016-01-01,16843.20470215834,17067.251626658956,16823.856007014492,17039.052734375,206700,17236.545844088738,17368.558193941157,16427.224562270436,46.43032446025919,2.6061698648197407,-317.7718181914606,-292.77915873151585,-24.992659459944772,0.45199941723969,11.573360350422025,17.235215643904255,12.239028583587524,20.77689336501611,17.162133684420617,25.86466883118676,0
2016-01-08,16966.151972587617,16966.151972587617,16049.563756218096,16142.462890625,290800,17132.347467568383,17320.476025183663,16421.58571728736,38.81301044372009,-7.617314016539105,-365.2616014240412,-307.2756472700209,-57.98595415402025,0.045767937856447,11.577700222774268,17.225654499543335,-12.580394463425137,21.72585370928054,15.386778478650024,31.28390426941168,0
2016-01-15,15978.86371447927,16156.61164442286,15154.17345543083,15206.123046875,459900,16948.89752274044,17237.560222112734,16397.51714955642,32.76709048026217,-6.045919963457919,-472.999947886332,-340.4205073932831,-132.57944049304882,-0.1850703392908465,14.926969005733763,17.21034443541274,-13.038766527911386,23.44364969531095,13.826321001580409,37.16978916024116,1
2016-01-22,15165.023710164209,15575.469797581916,14754.47866733402,15497.3701171875,496400,16810.656817449686,17169.31747289998,16379.692455846143,36.1012777066469,3.334187226384728,-528.7866359684813,-378.09373310832274,-150.69290286015854,-0.0141336631831902,16.2130460234447,17.22685960334609,13.115139346814992,25.343470376512244,12.691127276059508,38.11518448123864,1
2016-01-29,15666.818107029614,15682.468315954477,15136.673432709338,15522.2197265625,357600,16687.948523079478,17104.725404416156,16362.712797840526,36.39112448646979,0.289846779822895,-564.4857915702414,-415.3721448007065,-149.1136467695349,0.0549592424245017,17.73258264625379,17.23859013514709,12.787173118698169,26.869899189919035,13.074924271331708,35.99911074260489,0
2016-02-05,15547.569558025678,15565.319352025128,14761.228791639503,15161.8740234375,492300,16542.608094542145,17028.5351541817,16338.933812208785,33.983809957601125,-2.4073145288686675,-614.767855136346,-455.2512868678344,-159.5165682685116,0.0190904222233736,19.60065337628998,17.222405046914893,-13.106845597025968,28.581617130462718,12.016475005570417,36.86471472983848,0
2016-02-12,15206.123147024748,15367.72185558365,13810.439366904897,13971.337890625,655600,16297.725217978608,16908.64506541477,16292.050724652669,27.50908381123307,-6.474726146368056,-742.1282761588045,-512.6266847260285,-229.501591432776,-0.1454911217963355,24.363372721290048,17.20043630503169,-13.393307651170966,30.78269592496787,10.28067524538022,40.35895440806054,1
2016-02-19,14120.736190556638,14602.079883872306,13891.938193166245,14344.033203125,637400,16111.659311802074,16808.072051207328,16253.47612026598,31.884234472623877,4.375150661390805,-803.7240993113446,-570.8461676430918,-232.8779316682528,0.0285579670917216,27.023108208522476,17.22180164465615,13.36515424983769,32.8265548055798,9.599683651318566,37.68557858001295,0
2016-02-26,14331.033825359313,14466.982442435006,13519.743579288575,13791.2900390625,451900,15890.671762017351,16689.766874260473,16204.71996024215,29.080920707879613,-2.80331376474426,-886.9171578966798,-634.0603656938094,-252.85679220287037,-0.0047101526121977,29.96103068157454,17.206701407527333,-13.021218408275878,34.93693803229747,8.76561520074159,37.82520312427336,1
2016-03-04,13818.739763277244,15451.569977789366,13407.094157570622,15339.021484375,775600,15838.133640337128,16636.796466813983,16187.577416165572,43.94307851371935,14.862157805839736,-818.5238302916387,-670.9530586133753,-147.57077167826333,0.3331183625787746,29.017711896414145,17.2324796103853,13.561393491674195,34.89362647808657,15.384445183743097,31.46976583470551,0
2016-03-11,15323.272360484016,15353.971612643423,14989.226025612508,15168.0234375,344800,15774.313621019306,16579.197524487943,16167.388228469224,42.874039846678976,-1.069038667040374,-769.2522773000328,-690.6129023507069,-78.63937494932588,0.316596086696796,27.74796517534442,17.22110163984033,-12.750722717999489,34.8534086063193,14.903339470940756,30.48563647919079,1
2016-03-18,15308.871706765438,15704.56727873183,15178.123410713246,15654.66796875,394300,15762.918796993656,16542.94146347861,16157.23535203914,46.83783306662297,3.9637932199439945,-683.0621546308284,-689.1027528067314,6.040598175902915,0.4432352333548672,26.78302998140704,17.234102473713712,12.884869856002496,34.17730415666181,17.284202955387656,29.046656740442945,1
2016-03-25,15735.366477811223,15967.663691666949,15735.366477811223,15887.5654296875,196300,15774.789904869262,16517.24044254563,16151.89535357673,48.67334833497733,1.8355152683543563,-589.1713818137196,-669.116478608129,79.94509679440944,0.5124306939849763,25.986777827976464,17.240512385555814,12.187404474495082,33.09224368751018,19.20724613523949,28.210125241233552,1
2016-04-01,15867.565299812546,16282.56086099927,15522.019517315572,16174.7119140625,499100,15812.877715268618,16503.807951232564,16152.347166655656,50.92320550453863,2.2498571695613023,-485.9897589805005,-632.4911346826034,146.5013757021029,0.5939226111767174,25.35321098355812,17.256627158767593,13.120563759062184,31.55993426294356,20.76284137453047,26.23313109275896,0
2016-04-08,16236.71137506998,16278.31050017932,15457.869986322255,15568.1689453125,394200,15789.57211812994,16467.11622551021,16140.779281084504,46.305875966530905,-4.617329538007724,-447.9963054475738,-595.5921688355975,147.59586338802364,0.4593634750037256,24.411112577199034,17.24392098301697,-12.884616210480898,30.221424509064388,19.19968166897579,24.846790802308867,1
2016-04-15,15623.16828059273,16349.509914124556,15440.070796320862,16278.3603515625,223400,15836.123378456852,16459.714034375007,16143.503658717733,51.81503385555264,5.509157889021729,-356.4705381588428,-547.7678427002465,191.2973045414037,0.6704224355044808,22.79886599638868,17.2511416041494,12.316723641882955,28.851816389972747,18.262031313996346,22.79788349461506,1
2016-04-22,16328.510487233953,16769.355883098455,16011.714363150635,16703.20703125,415900,15918.702773960962,16469.262779350498,16154.58689381738,54.80257341393098,2.9875395583783444,-246.80907038594705,-487.5760882373866,240.7670178514396,0.7961743938652158,22.495944723069652,17.26444678945379,12.938202530152251,26.85995671141236,20.82133386005557,21.22743281311933,1
2016-04-29,16746.7550675712,17029.652027025735,16527.358578971824,16794.8046875,587300,16002.14105144087,16482.029128689694,16167.264473890302,55.44399732264637,0.6414239087153888,-150.77239148540684,-420.21534888699074,269.4429574015839,0.8077989210490604,23.04400476529584,17.282938809184245,13.283292744216466,25.284553189990557,22.274521521499832,20.232360250144225,0
2016-05-06,16613.80777226395,16719.205122062907,16186.061829724113,16296.41015625,471900,16030.16668047031,16474.749953299903,16169.821814135048,51.18734996555064,-4.25664735709573,-113.56974365466158,-358.8862278405249,245.31648418586337,0.6765028258142793,22.73961030852448,17.26810742670867,-13.064524496805262,23.694339461694817,20.99030828274581,22.298299984942933,1
2016-05-13,16356.810454248092,16961.802287934333,16356.810454248092,16716.70703125,443500,16095.551475782662,16484.238466160692,16180.651224374948,54.36891982744986,3.18156986189922,-49.60017206471093,-297.02901668536214,247.4288446206512,0.7977394634924972,22.597762724159587,17.282052417143888,13.00245533552066,22.183939897599863,21.973416969544203,20.88116276932237,0
2016-05-20,16743.95500111336,16903.152658667594,16431.458647713574,16481.2578125,518300,16132.285412612884,16484.121577781843,16186.603830080394,52.31191426226661,-2.057005565183246,-17.69859157897008,-241.1629316640837,223.46434008511363,0.7491635068211432,21.723546365342163,17.265736202432258,-13.158311433560463,20.781426016654557,20.956632215733567,19.91492033305891,1
2016-05-27,16559.957204187365,17543.097290871385,16367.8090551392,17511.59765625,513600,16263.648483435469,16524.414757329614,16212.841331588705,59.528079925061135,7.216165662794523,89.68956974551838,-174.9924313821633,264.6820011276817,0.982006977497873,23.88849631356677,17.281905649701226,13.14920197839649,20.467088430890765,24.65601269238818,17.715295834503202,1
2016-06-03,17580.645786457626,17761.844760713066,17350.246677883446,17680.595703125,479600,16398.595837691613,16569.755186576494,16241.90577458942,60.58169133571175,1.0536114106506176,186.2848158929592,-102.7369819271388,289.021797820098,0.9527727307674668,25.86389611417269,17.296772216298123,13.080709787204215,20.471783099798568,25.795342998890558,17.00684868085301,1
2016-06-10,17710.243687459984,18051.29038036126,17636.695712875473,17828.392578125,574000,16534.766955828127,16619.11351565683,16273.321354857451,61.52504178981782,0.9433504541060672,271.6320122661091,-27.863183088489222,299.4951953545983,0.9250936596443428,27.807605638124457,17.314279227863963,13.260386417460465,20.851236431853128,27.62550435094369,16.299757772610363,0
2016-06-17,17620.345393052572,17943.44110591639,17527.34647707671,17695.845703125,511600,16645.345884142116,16661.33830732225,16301.490153833049,60.13511430567952,-1.3899274841382976,324.83041241867613,42.67553601294385,282.1548764057323,0.8521393219781497,29.07386118827226,17.298690334121353,-13.145300303336986,20.968357598338184,26.437482093089088,16.728949081564725,0
2016-06-24,17425.59909202909,17907.29279459933,16946.152075963237,17425.84765625,489300,16719.67938624763,16691.31906610373,16323.754658831402,57.29564205572818,-2.839472249951342,341.269993842554,102.39442757886589,238.87556626368809,0.7659748111483604,29.31071471944737,17.283550086629326,-13.100733121011077,19.936827444069856,23.88257526506237,20.95599099376317,1
2016-07-01,17346.099612105732,18074.73919676672,17346.099612105732,17985.44140625,412200,16840.22815005738,16742.06896179574,16356.659346899098,61.36721670753602,4.071574651807843,394.9008483046491,160.89571172402253,234.00513658062656,0.8567038649454282,27.73493743012684,17.29631981604397,12.929266373442346,19.238467358657395,23.81662196657169,19.42351634105002,1
2016-07-08,18091.53913127211,18146.33912467613,17910.692628281347,18016.041015625,297300,16952.21032773049,16792.0286501812,16389.518389844165,61.58291283538445,0.2156961278484246,434.8600239353,215.68857416627804,219.17144976902196,0.836617619553237,26.317473965881177,17.305429827857232,12.602500372586318,18.70281930708025,23.97974605664775,18.941098708333808,1
2016-07-15,18267.938921499182,19015.878179068823,18243.089599779203,18953.4296875,525800,17142.802647708537,16876.789475174093,16440.288910589825,67.55844415157594,5.975531316191493,535.9888444913886,279.7486282313002,256.2402162600884,1.029158295542785,24.12190057292805,17.321341220913432,13.172678093139936,19.384095921693824,30.399567495194717,17.01060636152987,0
2016-07-22,18998.0792045637,19157.77656074588,18551.08559784288,18690.18359375,467000,17290.17226161725,16947.902970020208,16484.84128055339,64.52319146463677,-3.035252686939174,588.113003038281,341.4215031926964,246.69149984558464,0.9146779068754668,24.357513640071502,17.30722181735956,-13.054086677976365,20.179765005755968,29.961801002626665,15.94841359227912,1
2016-07-29,18594.7331023765,19126.526757838536,18571.88375856688,18952.9296875,581300,17448.53011170132,17026.531468744906,16533.71431831471,66.15750939646307,1.6343179318263026,643.2086788594825,401.7789383260536,241.42974053342888,0.9331994782533624,24.047510063717077,17.324766841363708,13.273023973970089,20.918600583813674,28.2265133568098,15.024734636043029,0
2016-08-05,18896.27943024977,19078.27730585136,18443.43508852899,18925.728515625,467000,17589.215673979765,17101.009784308833,16581.08093608323,65.81945831054145,-0.3380510859216201,676.8748991526263,456.79813049136817,220.07676866125811,0.884419897759199,23.97957076761274,17.310696064082396,-13.054086677976365,21.30336222126226,26.34568161193042,15.371790613986963,1
2016-08-12,18986.52874567469,19028.47747558663,18536.884013938063,18963.478515625,520500,17720.09784937455,17174.047773772214,16628.257125777127,66.07851337679668,0.2590550662552289,698.5492894204435,505.14836227718325,193.40092714326028,0.8554674928000569,23.837155483478213,17.326366236577343,13.1625470882649,21.66064088460738,24.958793940701668,14.562589804485256,1
2016-08-19,19028.878593244543,19457.173329817808,18839.181577782565,19414.47265625,367700,17881.466878600782,17261.907573085067,16683.429710538967,69.09233770498017,3.013824328183489,743.5467142166453,552.8280326650756,190.7186815515697,0.9108642684848228,24.42050591121031,17.337290046817092,12.815025386894042,22.57765876546223,27.913264690146256,13.593790777246763,0
2016-08-26,19432.373810740588,19492.97271597361,19133.67845178391,19195.52734375,362600,18006.61549432928,17337.735799385657,16733.174218127304,66.02540959077056,-3.0669281142096025,752.8619171000937,592.8348095520793,160.02710754801444,0.8371001491091706,22.79943858011263,17.32651856882466,-12.801058335158986,23.4754934403665,27.195510739397758,13.050209067438074,1
2016-09-02,19174.22705551126,19927.96712707947,19096.477956355484,19882.96875,490700,18185.31580439316,17437.548856272493,16795.54638707528,70.45924901160761,4.433839420837046,806.419160688547,635.5516797793728,170.86748090917422,0.9491423240084744,23.21247142362369,17.34106784830944,13.103590259980953,24.840471109107167,29.4720225531378,11.867508507824049,1
2016-09-09,19990.716014896578,20575.562497124243,19990.716014896578,20245.06640625,468300,18381.482528379525,17547.64758372259,16863.85371418765,72.49538164215967,2.0361326305520606,868.0752852443038,682.0564008723591,186.01888437194475,0.9655555512663556,24.3614973330054,17.354758302142073,13.056866530552654,26.744912457142444,34.28605885752771,10.975273352425727,0
2016-09-16,19861.21792493046,20226.9644349751,19730.0207778493,19855.21875,392500,18521.83835901005,17638.140570635434,16923.088665391853,67.13052097910357,-5.364860663056106,875.3898115601332,720.7230830099139,154.66672855021932,0.8402248191103363,24.35532751345264,17.343296566095873,-12.880294363972055,27.830632056876414,32.338919196655816,13.22650711889439,1
2016-09-23,19891.968919612835,20264.564597398738,19749.71966241613,19901.5703125,382100,18653.241402199565,17726.90252129679,16982.068499988054,67.43905231343953,0.3085313343359672,874.8421740689992,751.546901221731,123.29527284726817,0.826040931615426,22.94935659840233,17.35445629086959,12.853440250547504,28.879039484659128,30.896524632323278,12.464482154516416,0
2016-09-30,19791.96836511137,19793.91951422816,19058.829571173235,19285.474609375,580600,18713.454088597224,17788.022995339074,17027.680502154133,59.45111017572283,-7.987942137716701,815.2961663942478,764.2967542562344,50.99941213801344,0.6618772143032037,21.23571674223315,17.337449586864654,-13.271819052927366,28.21283458222988,28.047951308949585,18.873741721599288,1
2016-10-07,19395.32452289484,19816.27019448524,19317.77634115321,19399.875,408800,18778.82750873082,17851.232877874798,17074.65465062633,60.38931954462698,0.9382093689041467,768.478144061959,765.1330322173794,3.345111844579605,0.6755659723862529,18.472153079942107,17.349454053166692,12.920983764052592,27.62628444313733,26.644987912631628,17.76290612565326,0
2016-10-14,19489.27410465501,19501.223184906183,18824.18119946774,19019.9296875,197800,18801.789620994557,17897.06412531108,17113.174948386204,55.77371455960965,-4.615604985017328,692.7307438692915,750.6525745477618,-57.92183067847032,0.5471087605771774,17.3309643801149,17.343663622079937,-12.195016753769698,26.077265097911827,24.651947956771945,21.88749850304909,1
2016-10-21,19136.07931545501,19743.77110063921,19002.229302028834,19710.671875,460000,18888.34983566174,17968.1859978479,17164.610531091428,61.53032209544328,5.756607535833631,680.5920635887742,736.6404723559643,-56.04840876719015,0.7353636156038225,16.649366879763676,17.357078421441578,13.03898394237596,25.031169017159787,25.305138405658397,20.112975924715418,0
2016-10-28,19763.619653164355,19922.467729834243,19251.87609447308,19555.72265625,468700,18951.90915190824,18030.442337393084,17211.95928604506,59.65451753417408,-1.8758045612692056,650.9650451941961,719.5053869236108,-68.54034172941465,0.6664654159542781,15.82547521216767,17.343408165369077,-13.057720317469435,24.3398882251439,25.40337939030317,18.641122257674443,0
2016-11-04,19578.371649677847,19591.42227897356,18960.93081022451,19057.87890625,278300,18962.0015094646,18070.733967544336,17248.512149811497,53.96235081365177,-5.692166720522309,580.6205573329826,691.7284210054852,-111.10786367250262,0.4766993736172117,14.362857893540598,17.335201863282794,-12.536458540752228,23.10442247819393,23.650942005183683,20.53851596567885,1
2016-11-11,19317.625442701767,20309.41526628771,18143.48861165898,19738.572265625,529100,19035.96062909892,18136.13939099848,17297.820270916716,59.63381413392951,5.671463320277738,573.1909210689773,668.0209210181837,-94.82999994920635,0.7169922411186371,12.00326654857123,17.350746316212863,13.178934618892328,22.31933726551316,18.842196806394487,24.0361492730912,0
2016-11-18,19808.11896143889,19861.51873027105,18896.879627426253,18958.830078125,529500,19028.6148623395,18168.401770885797,17330.71155422777,51.76668081613085,-7.867133317798661,498.6362347245995,634.1439837594669,-135.5077490348674,0.3383769033532979,10.501725602366053,17.335190019783152,-13.17969033259594,21.590329568023872,17.1679918577978,21.90044076353136,0
2016-11-25,19063.57874668703,19075.72704269515,18215.588360563423,18507.0859375,530900,18978.94544092621,18181.68350290988,17354.006096470788,47.829830155869416,-3.936850660261428,398.5054095932537,587.0162689262243,-188.5108593329705,0.0567687893092,9.3893409372905,17.319345782171368,-13.182330842163886,21.83917310665301,15.818327015225336,26.40561763374409,0
2016-12-02,18236.987075509674,18712.881447095227,18163.58886887674,18247.4375,424700,18909.278017980854,18184.262091031065,17371.697807431763,45.6795345871427,-2.150295568726719,294.801264865353,528.57326811405,-233.77200324869705,-0.009562544006347,10.466195305895964,17.306487733788316,-12.95914067090184,22.13433854729072,15.006956900999963,25.53676538693131,1
2016-12-09,18244.787069073354,18739.433085269065,17952.39000596221,18695.583984375,333000,18888.92620525649,18204.31392998573,17397.913375292024,49.86869770872948,4.18916312158678,245.94159735215,472.0469339616701,-226.10533660952007,0.2122657320242633,10.459573118066048,17.316583470218685,12.715900771961074,22.67163152304809,13.906305759914972,25.631942804740543,0
2016-12-16,18615.83530831857,18615.83530831857,18121.88802369936,18312.587890625,247400,18834.03684195825,18208.559967657857,17416.02574193228,46.563706087875815,-3.304991620853663,174.3060828776761,412.4987637448713,-238.19268086719524,0.0708463216909306,11.274401386919124,17.309092662633606,-12.418765780969542,23.17054642910851,13.149253068488164,24.23655199269892,0
2016-12-23,18257.886706519894,18316.587193896103,17819.54371252979,17883.79296875,0,18743.53742546223,18195.824006916373,17425.288459295007,43.11827413272981,-3.445431955146006,81.98913522955627,346.39683804180834,-264.40770281225207,-0.0311521720189103,12.82949596026532,17.309092662633606,0.0,24.01737531766343,12.513636592696098,26.005357618167213,1
2016-12-30,17825.29294782913,18245.53826700173,17606.695877598817,18176.98828125,45900,18689.58036410868,18195.08535100789,17440.173604284213,46.0574122002395,2.9391380675096883,32.115493080975284,283.5405690496417,-251.4250759686664,0.126534644834125,13.635041428170966,17.310486674640302,10.734242182303689,25.05761224372716,11.72888057829091,26.463932119139287,1
2017-01-06,18242.08862539176,18325.28639251268,17830.742605725824,18263.787109375,74400,18649.02862556262,18197.77953761052,17456.482782602845,46.9316396024244,0.874227402184907,-0.4011632600013399,226.7522225877131,-227.15338584771445,0.1933577159698439,14.191387915546114,17.312742129999112,11.217224661591072,25.809763483620284,11.947326103478057,25.14910297656832,1
2017-01-13,18314.036788064208,18966.08096089085,18255.93785507673,18911.87890625,0,18674.061985628086,18225.783434419915,17485.30250782358,53.05000654879601,6.118366946371609,25.82702611826244,186.567183293823,-160.74015717556057,0.437821921448406,14.216821339694096,17.312742129999112,0.0,24.98320951486028,17.533107025845947,23.354718923185672,0
2017-01-20,18899.478856518992,19276.276042515947,18792.832353782105,18820.58203125,0,18688.01627568732,18249.10886958972,17511.74368650529,52.13808186541403,-0.911924683381983,38.79891066113851,157.01352876728612,-118.2146181061476,0.4209817684979833,13.75742293595208,17.312742129999112,0.0,23.596691565182816,19.85106024466187,22.19378124591984,1
2017-01-27,18761.78218685909,19794.7196984457,18722.632250741583,19708.072265625,0,18785.164465205195,18306.32312041464,17555.235341537365,59.43753354755438,7.299451682140351,119.31685701198512,149.47419441622594,-30.15733740424082,0.7882281472840326,12.91874500258762,17.312742129999112,0.0,22.419152483031077,22.876160501015097,19.838648729982157,1
2017-02-03,19718.57070738907,20229.415634419714,19435.22358154632,20196.56640625,0,18919.58369768565,18380.450308094456,17607.53892697722,62.80046566699913,3.36293211944475,220.00917540496084,163.58119061397292,56.42798479098792,0.9595720744271607,13.48884324166848,17.312742129999112,0.0,21.97503579938594,25.362685135136047,18.29024706851873,1
2017-02-10,20306.914810166523,20462.21183669117,20000.11698831621,20213.666015625,0,19042.82963272749,18452.34112015448,17659.145403980147,62.91636676156214,0.1159010945630072,297.7560127808829,190.4161550473549,107.33985773352796,0.943128055468143,13.995654066208374,17.312742129999112,0.0,21.882425274219457,26.529062200118776,17.43745170224546,1
2017-02-17,20273.413807526267,21042.105635258304,20087.96664407869,20551.111328125,0,19186.47550847964,18534.64583419254,17716.41205594341,65.21934425381698,2.302977492254847,382.19426057933015,228.77177615374995,153.4224844255802,0.9896678892164444,15.555414377948123,17.312742129999112,0.0,22.50666236331717,29.74626035855184,15.799388212442064,1
2017-02-24,20494.61149244953,21011.65663410608,20472.162534523057,20876.408203125,0,19347.421479398246,18626.47965258205,17778.98623707572,67.32589666736595,2.106552413548968,469.9437010415968,277.00616113131935,192.93753991027745,1.009832782810267,17.455564773493908,17.312742129999112,0.0,23.0863110889079,28.136793441878755,14.94453814641386,0
2017-03-03,20853.20618265637,20904.757720951944,20423.112168101416,20495.361328125,0,19456.74908403889,18699.769130054323,17832.77584283907,62.54703532922817,-4.77886133813778,502.94087717537695,322.1931043401309,180.74777283524605,0.8539441424673689,18.36981819254938,17.312742129999112,0.0,23.51121709948552,26.74547807057741,14.70913355854665,1
2017-03-10,20548.710317884023,20876.70725283225,20531.96051261853,20727.310546875,0,19577.75493764233,18779.280558164937,17890.093361730873,64.21227067415307,1.665235344924902,541.564917212665,366.06746691463775,175.49745029802727,0.8822466501221601,19.420542020937496,17.312742129999112,0.0,23.905772680736163,25.66344108085318,14.114048791127576,1
2017-03-17,21189.602499301625,21335.80281637845,21059.45362645392,21174.8046875,0,19729.85491381925,18873.22268088396,17955.137150359966,67.23869446209882,3.0264237879457454,601.3517755571229,413.1243286431348,188.2274469139881,0.9400749486628278,21.09675099510599,17.312742129999112,0.0,24.862680343581104,28.899514882749244,13.196614613308627,0
2017-03-24,21202.303611499225,21202.303611499225,20753.65852302037,21122.3046875,0,19862.46917797932,18961.421975261062,18017.853339214224,66.52788054972649,-0.7108139123723305,637.1522853648057,457.92991998746896,179.22236537733676,0.8779874943959527,22.31695054369704,17.312742129999112,0.0,24.994865611091125,27.48114139979644,15.894174402642465,1
2017-03-31,21177.85406352641,21695.747169370206,20979.3075374418,21443.900390625,0,20013.081674421766,19058.774069981217,18085.695855083744,68.7099967460381,2.182116196311611,683.5944812142407,503.0628322328233,180.53164898141733,0.902398559817694,23.8736433899472,17.312742129999112,0.0,25.73626957461513,30.702952975645317,14.65706414732336,0
2017-04-07,21538.949317957355,21699.04828586423,21396.75039837328,21430.900390625,0,20148.112028345884,19151.798631575093,18151.93752905486,68.51554958623659,-0.1944471598015127,711.1535294585119,544.6809716779611,166.4725577805508,0.8552859052378887,24.916739581161348,17.312742129999112,0.0,26.428643187824317,29.69144769495852,14.15638111631274,1
2017-04-14,21491.8011076837,21786.84625735101,21395.80222291754,21686.34765625,0,20294.61065957485,19251.19271097411,18221.92584840526,70.29448952394364,1.778939937707051,745.018622298514,584.7485018020717,160.27012049644225,0.8625509140110772,25.56276248225357,17.312742129999112,0.0,27.18127310089785,29.36260015799701,13.513318683857218,0
2017-04-21,21700.247431175387,21946.744848024788,21385.95113567445,21551.19921875,0,20414.285760448674,19341.38904461238,18287.85205375862,68.10208822049884,-2.1924013034447967,752.2797897965393,618.2547594009652,134.02503039557405,0.8042995538908772,25.27290117947208,17.312742129999112,0.0,28.080839592259508,29.306897220086807,12.627432168247909,1
2017-04-28,21591.649568552817,22382.739946821224,21578.39972247129,22357.990234375,0,20599.40047225118,19459.687130485425,18368.448849414388,73.4296730773842,5.327584856885352,813.7551468913261,657.3548368990374,156.40030999228873,0.9082844446358522,26.229261393044272,17.312742129999112,0.0,29.41404443628716,31.498341500048525,11.430807237957506,1
2017-05-05,22412.2901877602,22853.284209601174,22239.791798742528,22604.685546875,0,20790.38000316774,19583.02040171639,18452.33472461163,74.81482564854844,1.385152571164241,872.32543567623,700.348956654476,171.97647902175402,0.9066495053050362,26.44446052707646,17.312742129999112,0.0,31.103051101826427,34.66334414322707,10.630413789978682,1
2017-05-12,22678.18657644292,22977.58212882696,22577.737417846965,22671.435546875,0,20969.52815018748,19704.13472113437,18535.881275547537,75.19167965064334,0.3768540020949018,913.597594289171,742.998684181415,170.59891010775596,0.8877292223151118,25.25716721455581,17.312742129999112,0.0,32.780818611034235,34.495791438643224,10.132438881103598,1
2017-05-19,22735.58498128077,22977.88427688629,22628.185242710795,22769.53515625,0,21140.9573888601,19824.346502903616,18619.71600585848,75.76561227626675,0.5739326256234136,943.3475723629708,783.0684618177262,160.27911054524463,0.877648080773403,23.9780985779551,17.312742129999112,0.0,34.339022615880125,33.04176870770382,9.704276776864337,1
2017-05-26,22874.534525934832,23408.077588701603,22469.539834778338,23361.927734375,0,21352.478374147235,19963.075178647592,18713.621188601377,78.93485193633202,3.169239660065273,1003.1619480562548,827.087159065432,176.07478899082287,0.9597709737293522,22.93089827227824,17.312742129999112,0.0,36.16148049212082,34.43436219634016,8.648055960409145,1
2017-06-02,23310.32859169802,23469.17721691689,23093.68021891648,23375.62890625,0,21545.15937720464,20096.90081502416,18805.93817310927,79.00324436294892,0.0683924266168958,1039.6859888993567,869.606925032217,170.07906386713978,0.923134424946942,22.33782900296265,17.312742129999112,0.0,37.90366947022759,33.62076792987343,8.260667998298858,1
2017-06-09,23397.12767868928,23708.374793668307,23349.677059888585,23690.625,0,21749.489436518485,20237.83117521929,18902.66464492889,80.56548969706603,1.562245334117108,1081.581310555357,912.0018021368452,169.57950841851198,0.955879587021119,21.22564039318835,17.312742129999112,0.0,39.71402939263868,35.07732338241774,7.8967665563659555,0
2017-06-16,23609.87532556607,23629.82431190192,23311.57905232299,23502.4765625,0,21916.440591373863,20365.85648452442,18993.75002943525,76.88570204400776,-3.67978765305827,1087.0705754077171,947.0155567910195,140.05501861669757,0.8784172796607933,20.76534726707129,17.312742129999112,0.0,41.25993930140513,33.40276998744243,7.999608577254248,1
2017-06-23,23571.07619990727,23897.572342096537,23507.226971911467,23542.4765625,0,22071.301160052542,20490.42982091562,19083.823822169208,77.12491270190341,0.2392106578956543,1082.1738960138937,974.0472246355944,108.1266713782993,0.8504832288436674,20.59545098038834,17.312742129999112,0.0,42.91801277574104,35.15066228940356,7.592729198219016,0
2017-06-30,23636.67480335263,23639.82515740288,22996.13335364495,23210.9296875,0,22179.83721028564,20597.11609019344,19165.548690789623,70.60275772823678,-6.52215497366663,1039.5568164772667,987.1491430039288,52.40767347333781,0.7537395826167734,19.673035053853575,17.312742129999112,0.0,42.78708636755449,32.270829066398726,13.47580483074148,1
2017-07-07,23240.08045395449,23539.87609669019,23144.032738207887,23448.876953125,0,22300.6981381751,20708.949849524088,19250.367072222005,72.40630196433605,1.8035442360992704,1013.3021136254685,992.3797371282368,20.92237649723154,0.7814079501498692,19.109358025413663,17.312742129999112,0.0,42.66551184566698,30.60999171142934,12.782264543780704,1
2017-07-14,23582.975677211125,23964.52202022321,23289.629480108943,23937.421875,0,22456.57658930128,20835.556595621183,19343.18003861365,75.70234609168787,3.29604412735182,1020.1568317843085,997.9351560594512,22.22167572485728,0.856552605250057,19.178597116598908,17.312742129999112,0.0,43.05975362209527,33.39959796673232,11.67867749452391,1
2017-07-21,24011.12113620432,24299.317357538705,23913.37227304429,24256.76953125,0,22628.023536153534,20969.7218087831,19440.478840448028,77.5869816054804,1.8846355137925317,1039.3766452929813,1006.2234539061571,33.15319138682412,0.8951228568934381,18.6329384061582,17.312742129999112,0.0,43.7693786349927,36.09291718878213,11.089061629668446,1
2017-07-28,24307.417327804746,25031.95966340913,24234.36934681065,24811.01171875,0,22835.92717259129,21120.3606287818,19546.826026156978,80.42482949213678,2.8378478866563768,1086.8032076397394,1022.3394046528736,64.46380298686574,0.971908023484086,18.71521959478486,17.312742129999112,0.0,45.03095349674059,41.72570287593699,9.968943859258788,1
2017-08-04,24880.31117948002,25198.5080976958,24591.514462371622,24827.16015625,0,23025.56840913022,21265.725316133496,19651.38709804001,80.50229135765429,0.0774618655175061,1112.8637434368866,1040.4442724096764,72.4194710272102,0.9253056807149928,18.89764016199157,17.312742129999112,0.0,46.31837322854161,40.6333324604625,9.20675203720918,0
2017-08-11,24853.861933947886,24979.05969963874,23821.9225578586,23985.470703125,0,23116.98767522496,21372.3819979763,19737.21053576446,65.87099840495088,-14.631292952703404,1053.4560160379406,1043.0466211353294,10.409394902611211,0.7117400735503409,17.608415735354342,17.312742129999112,0.0,45.49680530952115,35.12064909732633,16.980791486753624,1
2017-08-18,24050.77028580481,24495.914963893105,23925.671644680187,24074.169921875,0,23208.14788919163,21478.33446558017,19823.09091964784,66.56073579520583,0.6897373902549475,1001.9820246594136,1034.8337018401462,-32.85167718073262,0.7131986803743227,16.525491624635922,17.312742129999112,0.0,44.73392081328786,32.76175815776093,15.840270562047769,1
2017-08-25,24140.27107323585,24410.767945636337,23852.372512678616,24273.91796875,0,23309.64980153052,21587.96519119467,19911.22610873897,68.1231048551569,1.562369059951067,966.1691174935077,1021.1007849708186,-54.93166747731095,0.7469005181360303,15.180124648159053,17.312742129999112,0.0,43.844769274947154,30.594759198407907,15.660786545327523,1
2017-09-01,24350.967097185137,24494.06570676576,24103.019830211342,24433.716796875,0,23416.70380108714,21699.56329337821,20000.78037979117,69.35660588395909,1.2335010288021948,939.8475825843924,1004.8501444935334,-65.00256190914092,0.7732656955495133,13.9842394923442,17.312742129999112,0.0,43.127744036507735,30.15318955690573,14.91668148896233,0
2017-09-08,24456.01698468792,24459.065777433618,24150.81984271695,24370.517578125,52500,23507.54320842408,21804.3065986624,20087.30982926313,68.23206609303304,-1.1245397909260504,903.4732505178908,984.5747656984048,-81.10151518051407,0.7469226052603886,11.891605059671592,17.31115110732072,-10.86858749601736,42.46193488652828,28.984133498044255,14.338353387390589,1
2017-09-15,24468.215261650552,24994.01076669613,24457.965380929138,24844.01171875,0,23634.825923693214,21923.510721018774,20181.50194588663,71.90717334313322,3.675107250100183,902.4504631023336,968.1499051791908,-65.69944207685694,0.8843491770785001,11.417197281956778,17.31115110732072,0.0,42.52117901350952,33.40863790436462,13.221723639701043,0
2017-09-22,24947.860522359253,25105.057914638583,24339.71713215137,24368.56640625,0,23704.705969651004,22019.395257694512,20264.414113418577,63.91189829993691,-7.995275043196315,853.4375367727444,945.2074314979014,-91.76989472515707,0.6903898210402439,10.570230193824184,17.31115110732072,0.0,42.23858258989475,30.290312104425148,13.42974630419542,0
2017-09-29,24361.267244243634,24363.51721805654,23610.82493155813,24052.720703125,0,23737.85022998186,22099.133510456493,20339.43008549197,59.20255121306359,-4.709347086873315,780.1156433960205,912.1890738775252,-132.07343048150483,0.5422770871630781,9.461047635631395,17.31115110732072,0.0,40.19826568951464,27.54865001823003,20.92085864554068,1
2017-10-06,24200.319186209203,24241.76892607091,24006.97181726256,24189.71875,0,23780.885327126445,22181.117245340552,20415.673425383226,60.56004992245853,1.3574987093949389,724.7081278983496,874.6928846816902,-149.98475678334057,0.5811893092024917,8.294660443116522,17.31115110732072,0.0,38.30368571059025,26.740962119050398,20.30748832223013,1
2017-10-13,24209.27002237966,24779.46183704492,23978.121638183187,24688.86328125,0,23867.359417995354,22279.460227140924,20500.291046291477,65.11461177977407,4.554561857315534,712.8566965637256,842.3256470580973,-129.4689504943717,0.8012310850846858,8.192557659907667,17.31115110732072,0.0,37.3658254124075,30.666862137200617,18.33205130956212,0
2017-10-20,24815.111975475,24878.361240356568,23923.420922873105,24009.470703125,0,23880.89382610294,22347.30377521873,20569.779752367383,55.68808517521219,-9.42652660456188,641.2511051370093,802.1107386738797,-160.85963353687043,0.4375002231140084,7.724420717412331,17.31115110732072,0.0,36.63235857030742,28.412747889114907,16.29748625260802,1
2017-10-27,24085.16996188934,25185.75785998256,23912.27352904678,24839.26171875,94700,23972.166958735997,22445.027616141524,20654.323949721493,62.77614265292217,7.088057477709981,644.0363084834644,770.4958526357967,-126.45954415233234,0.842106287853852,7.927748675428806,17.31401917658583,11.458479838780509,36.36387927027182,27.82509670318129,14.056942428821015,1
2017-11-03,24873.36071312518,25695.2006499503,24808.26186189753,25650.400390625,0,24131.998714153997,22570.72850925853,20753.256156472056,68.1409126401685,5.364769987246326,703.5852215855775,757.1137264257529,-53.5285048401754,1.117889419964361,9.058742749199489,17.31401917658583,0.0,36.70861396488009,30.593204014301307,12.742964642248891,0
2017-11-10,25568.703149965524,25695.450474351182,25119.20778564348,25498.65234375,0,24262.156202686943,22685.5490517876,20847.22439780429,66.2181767367046,-1.922735903463888,730.1170304295665,751.7143872265157,-21.59735679694916,0.9773411957641862,9.535319734564547,17.31401917658583,0.0,37.02899958393741,28.717825069263625,11.96070588824473,1
2017-11-17,25569.95261311516,25924.59928020784,25166.05725110906,25728.1015625,0,24401.770046478665,22804.864836521425,20943.87543076856,67.70217412133805,1.4839973846334402,760.8872795332063,753.5489656878539,7.338313845352445,1.0184221108904798,9.549751929033633,17.31401917658583,0.0,37.58148146303163,28.83721308909078,11.003166712565784,1
2017-11-24,25733.400795350848,25870.79946331316,25620.65172940265,25779.3515625,76600,24532.968286099745,22921.511374795096,21039.627433377103,68.03988908012158,0.3377149587835362,780.4122635371023,758.9216252577036,21.49063827939869,0.9837722462703838,9.637540419862829,17.316333069357277,11.246365410473755,38.09450035076197,28.039991189773588,10.698977627511171,0
2017-12-01,25692.752310560714,25953.19797240413,25152.357878899125,25191.65625,0,24595.700473137866,23010.53666401882,21121.84582578548,60.25879776502668,-7.781091315094905,739.934351277625,755.1241704616879,-15.189819184062912,0.7135311708295093,9.444208081967318,17.316333069357277,0.0,37.27029295987621,25.59994071057799,14.856493207841792,1
2017-12-08,25294.757212924163,25367.40375470897,24813.31099121005,25320.85546875,0,24664.76285367235,23101.13740145926,21204.99453158675,61.30642813833111,1.047630373304429,710.0950773418226,746.1183518377148,-36.023274495892224,0.7435189882989126,9.524456760581954,17.316333069357277,0.0,35.697619057003045,24.041117232115912,17.67779123163477,1
2017-12-15,25434.454731014925,25558.75448274141,24888.36067594455,25440.005859375,0,24738.595520882125,23192.857733142228,21288.856142038003,62.2936213732821,0.9871932349509932,688.1293516887927,734.5205518079305,-46.39120011913781,0.7719312356174329,9.82006819250943,17.316333069357277,0.0,34.54895081161912,24.37204213882173,16.378339792377403,1
2017-12-22,25181.45791313764,25779.75172128879,24616.864852637453,25648.251953125,0,24825.22946681002,23289.14770255332,21375.18081156448,64.02134529188675,1.7277239186046458,679.6900316422434,723.5544477747931,-43.86441613254965,0.825177851113277,10.270068707279645,17.316333069357277,0.0,32.859182379950845,21.42941923304634,17.2196843658489,0
2017-12-29,25659.451352275813,25732.89958240304,25417.104361172627,25539.15234375,0,24893.222121756684,23377.38317867868,21457.635693389933,62.40798741384859,-1.6133578780381583,656.6291706682568,710.1693923534858,-53.54022168522897,0.7566529772346811,10.048412488252737,17.316333069357277,0.0,31.29011169340173,20.698556982555584,16.632397462200238,1
2018-01-05,25565.45219333038,25643.05225314756,25232.507086740003,25601.552734375,57600,24960.682180101285,23464.605514196184,21539.69345657776,62.98258109800764,0.5745936841590478,636.0563999758924,695.3467938779672,-59.29039390207481,0.755983786635964,9.825364728758728,17.318069500110678,10.961295207644392,29.402344981480216,19.755261021655656,17.9235516164566,1
2018-01-12,25689.95100718742,25803.500790541584,25527.204165687584,25748.751953125,0,25035.73644419878,23554.17988435026,21623.04114957869,64.3662423298438,1.3836612318361643,624.432014177306,681.1638379378351,-56.731823760529096,0.7858633389300076,9.798408780647527,17.318069500110678,0.0,27.978599999659757,20.98036477732205,17.35046745561223,1
2018-01-19,25857.850107101465,26957.536547891028,25842.649111753453,26909.1875,0,25214.16035427509,23685.74881045417,21727.71731493357,72.95020498735417,8.58396265751037,700.7789120724046,685.086852764749,15.692059307655654,1.1051502867316498,11.411574934665149,17.318069500110678,0.0,28.42084246209621,30.73276574520765,15.078916465475915,1
2018-01-26,26940.18671787277,27522.53035451767,26840.88709135857,27445.33203125,0,25426.652894939365,23833.183446563813,21840.93740832597,75.84536288678159,2.895157899427417,795.3781375648905,707.1451097247774,88.2330278401131,1.1253912219116011,13.38969615751599,17.318069500110678,0.0,29.422840889913772,34.573980671385826,13.968338684845165,0
2018-02-02,27445.77990666336,27651.72867954,26363.745150345872,26450.84375,0,25524.194881135616,23935.8367917966,21932.22268241853,62.48580418095438,-13.359558705827205,781.0978030497208,721.9356483897661,59.162154659954695,0.7991121759066703,13.762535129595754,17.318069500110678,0.0,29.30895022192677,30.06771208109398,16.976166706226913,0
2018-02-09,25967.8491711498,26214.795525394125,25023.558004359464,25463.353515625,0,25518.400465372702,23995.739408417325,22002.1460652543,52.58169376246037,-9.904110418494014,682.2339575614824,713.9953102241094,-31.76135266262702,0.501063834816536,13.21505496341279,17.318069500110678,0.0,27.390830597282168,26.020397850145216,27.330304563256625,0
2018-02-16,25529.802775251315,25809.94961989546,25100.608155347592,25163.607421875,0,25484.61065170625,24041.538154043115,22064.749260434903,49.99148054534316,-2.59021321711721,573.0904135030432,685.8143308798961,-112.72391737685292,0.3874026195354809,12.242125677452762,17.318069500110678,0.0,25.60971951725504,24.27177112564326,25.49364928906289,1
2018-02-23,25324.305504011623,25344.8549716239,24781.41022639921,25302.205078125,265300,25467.238692317565,24090.976072634563,22128.85729642877,51.1887930751671,1.1973125298239395,492.1043682179079,647.0723383474985,-154.96797012959064,0.4069327896888804,11.292375421240065,17.326028633417323,12.48862030943648,24.383779204915268,22.952328245034604,27.18740878235988,0
2018-03-02,25451.703916111404,25723.25190961852,24854.11188704253,24902.26171875,0,25413.431361501607,24122.79119601164,22183.77619588068,47.6439381220568,-3.5448549531102955,391.1414223809152,595.8861551541819,-204.74473277326672,0.2608789760689543,11.10576766369208,17.326028633417323,0.0,22.682169739399324,24.657259169955967,24.93559743498305,0
2018-03-09,24831.06039953636,25039.9599416414,24048.2706238636,24296.166015625,134500,25307.025138084788,24129.590208545495,22225.60569726175,42.80604688242137,-4.837891239635432,259.23243240314696,528.5554106039749,-269.32297820082795,0.0226029690232929,10.637006881943035,17.322001483041664,-11.80932691294063,22.117267185023724,22.37960790627441,30.13836908114269,1
2018-03-16,24443.315067941305,25009.36013610508,24358.2164491882,24489.265625,0,25229.143279695763,24143.695126837836,22270.430646325876,44.73157733967693,1.9255304572555616,168.33467482195556,456.511263447571,-288.17658862561547,0.1132108313750625,11.009105093174352,17.322001483041664,0.0,21.592714813103523,20.885428901202445,28.12617483195175,0
2018-03-23,24529.865833955468,24587.76555291959,23605.32497266744,23670.125,0,25080.665348296166,24125.12374931478,22298.147366200606,38.76885001361589,-5.962727326061042,29.855587830174045,371.1801283240917,-341.3245404939176,-0.0535883544395308,12.827322629748586,17.322001483041664,0.0,21.92197746970976,19.00324858216764,32.49773931870656,1
2018-03-30,23674.625746601047,24496.66528775748,23656.77634429296,24263.068359375,0,25002.798968398914,24130.53334186616,22337.05669279812,44.53263413868622,5.76378412507033,-31.679333000480256,290.6082360591773,-322.2875690596575,0.1639474070710808,13.51710600420474,17.322001483041664,0.0,22.227721365129828,17.547354644257997,30.00799334368044,1
2018-04-06,24235.368268343434,24933.30984436639,24062.669106847683,24872.861328125,0,24990.42395503949,24159.644243288072,22387.27064597291,49.7693386939886,5.236704555302381,-30.884981921932194,226.3095924629554,-257.1945743848876,0.3546839131964502,13.614854689582778,17.322001483041664,0.0,21.765817007866108,20.116234255599963,27.64370750622372,1
2018-04-13,24848.56143447624,25411.00536300039,24827.7120668965,25200.306640625,0,25010.412782238112,24200.45453337972,22442.97432903533,52.36976359753172,2.600424903543121,-3.789667892619036,180.28974039184047,-184.0794082844596,0.4576320346180231,13.56177141987338,17.322001483041664,0.0,20.602500735518703,23.439250489442117,26.15681176580271,0
2018-04-20,25081.80746831497,25426.45522297508,24839.012930317025,24943.560546875,0,25004.04590267972,24229.59594567365,22492.490887804437,50.176332068183626,-2.1934315293480964,-2.999128278279386,143.63196665781655,-146.63109493609593,0.3870630899024771,13.630295626108149,17.322001483041664,0.0,19.49904269470722,22.292209404824607,24.71500255262412,1
2018-04-27,25065.207761935915,25441.20453344419,24465.81435970571,25394.3046875,0,25041.21340599594,24275.27079829429,22549.952547204342,53.83222401261081,3.6558919444271822,33.611216008201154,121.62781652789349,-88.01660051969232,0.5165333462156583,13.629811442355388,17.322001483041664,0.0,18.977548694412345,20.29212481559525,25.930407918038195,1
2018-05-04,25489.853997586066,25716.451401347647,25464.504682969924,25645.1015625,306200,25098.72656375823,24328.989651792555,22611.24262671515,55.77662679916931,1.9444027865584983,81.9180886997965,113.6858709622741,-31.7677822624776,0.5859503400531779,13.661774688278063,17.331146157983447,12.631997028039708,18.04689174039836,22.306881358893843,25.12850478539588,1
2018-05-11,25675.95126414204,26436.94307959318,25674.85166756068,26412.84375,0,25223.88058149554,24410.70942034971,22686.521856879208,61.168170189976,5.391543390806696,180.076205182384,126.96393780629607,53.11226737608792,0.7870522495942518,14.095626868483762,17.331146157983447,0.0,17.359999905856657,27.50392138098855,23.22709103738653,0
2018-05-18,26404.141449091247,26971.73638197917,25838.6996441885,25875.298828125,0,25285.92041450787,24468.144299086,22749.66595531972,56.0185288869582,-5.149641303017802,212.0474855227876,143.9806473495944,68.06683817319322,0.6312700189957519,14.178636699389656,17.331146157983447,0.0,17.362293170103452,29.560674992770508,20.80161272725305,1
2018-05-25,26017.198076933288,26325.2454907196,25621.85229312461,26273.24609375,0,25379.95143157855,24538.93260475909,22819.43981944705,58.7848573336474,2.7663284466891938,266.42479489321704,168.46947685831893,97.95531803489811,0.7275999857172022,14.460615176490846,17.331146157983447,0.0,17.020763010433722,27.63160684668308,21.455963034888523,1
2018-06-01,26291.34553743591,27164.235865855204,25980.547009699912,26692.490234375,0,25504.95512708297,24623.385845136192,22896.133887069387,61.5301027632485,2.745245429601105,339.4358969866553,202.6627608839862,136.77313610266907,0.8156221203286879,15.034266994068734,17.331146157983447,0.0,17.61440679185636,32.20538823842824,19.186827333760245,0
2018-06-08,27023.385641012905,27047.236926744023,26069.24819977677,26451.04296875,0,25595.058731051264,24695.0586735132,22966.528126310583,59.08908139421122,-2.44102136903728,373.5093615172773,236.8320810106445,136.67728050663283,0.7667537532913477,14.586721086169346,17.331146157983447,0.0,18.165647446034523,29.435484838979104,17.5366171930543,0
2018-06-15,26472.89235036695,26765.13724229223,26344.64341910376,26417.09375,0,25673.347780474956,24762.58946082641,23034.85615846285,58.736237795488265,-0.3528435987229557,393.2403791094439,268.1137406304044,125.12663847903951,0.7995007617180351,13.247586455021793,17.331146157983447,0.0,18.67751376777139,28.30813727063365,16.86498352173066,1
2018-06-22,26443.99373423704,26806.23977376514,26224.44578810749,26766.5390625,0,25777.46123590591,24841.17571971557,23108.750869433887,61.29802056464084,2.561782769152572,432.093761079268,300.9097447201771,131.1840163590909,0.888439476568242,13.586531137544773,17.331146157983447,0.0,18.925113865513016,26.77990301981292,17.069850756232814,0
2018-06-29,26717.840539162407,26804.58953311917,26160.69526505589,26363.892578125,0,25833.311839926777,24900.89010631986,23173.20912109113,56.913537150799804,-4.384483413841032,425.4903520618427,325.82586618851025,99.66448587333248,0.7518477817328945,13.93916932803599,17.331146157983447,0.0,19.03009144176927,25.160944958278296,16.63644989973783,1
2018-07-06,26364.14297300054,26609.539664485943,26060.296893100047,26493.541015625,0,25896.19080904089,24963.347004723983,23238.958267517548,57.95633612520922,1.0427989744094148,425.8101736058925,345.8227276719867,79.9874459339058,0.7625179217232759,14.279823777916134,17.331146157983447,0.0,18.923663586827622,23.83716536409891,16.722890421897556,1
2018-07-13,26642.04035039864,27164.484719590306,26611.241879780173,26935.63671875,0,25995.185657584618,25040.691699391675,23312.1598210073,61.38807980807768,3.4317436828684578,456.47510214631984,367.9532025668533,88.52189957946655,0.843529152251801,14.973051647467136,17.331146157983447,0.0,19.553346947122527,27.648294351640963,15.640355838398117,0
2018-07-20,26914.18672127893,27186.83433036014,26643.63908917912,26872.88671875,0,26078.776234838464,25112.54248446455,23382.66926452696,60.63160327604566,-0.7564765320320177,470.2926375880052,388.42108957108366,81.87154801692151,0.7946064130456535,15.263823400690663,17.331146157983447,0.0,20.165593688275067,26.391012191250635,14.80477803622651,1
2018-07-27,26700.98990074353,27660.730159843235,26671.03907758696,27634.080078125,0,26226.90041038956,25211.42631166692,23466.855617271474,66.09043355346311,5.458830277417455,536.4808591225083,418.03304348136857,118.4478156411397,0.9337609570175104,15.593578562708103,17.331146157983447,0.0,21.29170259106278,28.430192202003795,13.400100304746394,1
2018-08-03,27767.32704463625,27873.374637854344,27327.63118522962,27695.177734375,0,26366.736346007223,25308.828328243708,23550.584768105207,66.49205226248081,0.401618709017697,587.0978729700873,451.8460093791124,135.25186359097495,0.9011354526434416,15.808534401418267,17.331146157983447,0.0,22.56558102394488,28.992062259812226,12.68535551122459,1
2018-08-10,27769.22806106639,28377.57127703161,27765.72810174118,28123.923828125,0,26534.087534780345,25419.22423019984,23641.145937610552,69.24482413677912,2.752771874298304,654.2664710931749,492.33010172192496,161.93636937124995,0.9778390622492502,14.800146107977294,17.331146157983447,0.0,24.239590979617265,32.000511435708525,11.835289056643,1
2018-08-17,27760.47890519984,28177.82364360492,27739.17837092439,28128.224609375,331100,26685.91011331317,25525.4595391871,23729.998980615783,69.27209426723496,0.0272701304558466,699.7784952369839,533.8197804249368,165.9587148120471,0.9447282347527944,14.18012103151534,17.340941268083945,12.710178743766354,25.727656281894745,30.581854825993027,11.578931990788822,0
2018-08-24,28171.32345630192,28325.119584180407,27782.477167013323,27834.375,310600,26795.28772156906,25616.005243532705,23811.27375327686,65.0294049705104,-4.242689296724564,704.0203858241621,567.8599015047819,136.1604843193802,0.8373241201465271,13.667302666688064,17.33175541482458,-12.646264409266555,27.253154593727203,30.39014409186369,10.933199543478445,1
2018-08-31,27970.92527590875,28388.320884395504,27940.6244509862,28061.423828125,0,26915.872112669625,25711.904011555933,23895.43514089761,66.72521425570378,1.695809285193377,717.4329372648353,597.7745086567926,119.65842860804275,0.8634749598373884,13.479992991831011,17.33175541482458,0.0,28.73260306198009,29.293675062586534,10.301620188615896,0
2018-09-07,28199.120571931173,28202.87052822728,27135.73521286376,27481.12890625,123200,26969.706093010613,25781.28537997531,23966.438977835285,58.8680181810292,-7.857196074674576,673.4741397851358,612.9144348824613,60.559704902674525,0.685721725318575,12.09025917887101,17.328088329428194,-11.72157244693173,28.1420162405588,26.15870287999355,17.271066547112053,0
2018-09-14,27394.88056233073,27404.530840703985,26554.84096734844,27163.533203125,0,26988.16581778341,25835.49117696157,24029.747774375675,55.04747141617222,-3.820546764856978,606.02329775221,611.536207456411,-5.512909704200979,0.5667924937372513,10.9630639566668,17.328088329428194,0.0,26.50752312459003,23.77978746504537,21.403545120271662,0
2018-09-21,27002.284985298007,27002.284985298007,25053.0590385226,25596.603515625,0,26855.636074720707,25826.123033379747,24060.774620737047,40.93264629952216,-14.11482511665006,421.2737080084408,573.483707566817,-152.20999955837624,0.0403180311707078,11.029272510586765,17.328088329428194,0.0,26.193584450500985,19.441557548207527,30.480517280593045,0
2018-09-28,25644.75190235571,25649.400285680746,24677.96267053657,25119.55859375,0,26690.295362247307,25798.414623982502,24081.74064000463,37.75836265114635,-3.174283648375813,233.6711728971277,505.5212006328792,-271.8500277357515,-0.0304052481341965,12.472005526444509,17.328088329428194,0.0,26.265765715161997,17.829218191299198,31.154924096116744,0
2018-10-05,24943.610387791672,25469.755120611888,24250.36942127765,24443.166015625,253300,26476.283043521373,25745.26761973319,24088.89757813573,33.76065515219695,-3.997707498949403,30.06896767006401,410.4307540403162,-380.36178637025216,-0.1123554667677608,14.513196511055671,17.320506265701265,-12.442333783869854,26.719089731579903,16.031913805266978,31.549215296917804,1
2018-10-12,24470.46461199269,25483.90327087143,24239.768083752395,25395.5546875,0,26373.3565334241,25731.5533870966,24114.77197634096,42.92395329096617,9.16329813876922,-53.81707077900501,317.58118907645195,-371.39825985545696,0.1585514844708389,15.176719706679409,17.320506265701265,0.0,27.11502393609167,14.546624553708964,28.40315477028749,0
2018-10-19,25443.70442818741,25915.048187791483,24922.361267676788,25085.509765625,0,26250.704460300374,25706.21834311732,24133.994506821837,40.93848637396513,-1.985466917001041,-143.6593787644124,225.3330755082791,-368.9924542726915,0.1261205250069791,16.20266549707485,17.320506265701265,0.0,26.729361942530293,16.826355380198414,26.161491282373383,0
2018-10-26,25483.95427715036,25504.454039265456,24352.81719425804,24420.767578125,0,26076.42475723605,25655.808509196053,24139.6731815011,36.98811074451169,-3.95037562945344,-265.4393742941211,127.17858554779907,-392.6179598419202,0.0419741209835088,17.899057406856215,17.320506265701265,0.0,26.940936747641334,15.316133000601695,28.25217872175466,1
2018-11-02,24647.66183794929,25855.949374375203,24404.26623833399,25701.3515625,0,26040.703500594525,25657.594511286403,24170.59750587732,47.49848045168562,10.510369707173936,-255.67125381262667,50.60861767571393,-306.27987148834063,0.3207973965884385,18.159050826397845,17.320506265701265,0.0,26.54991287960817,16.282396145014218,25.183774129224435,1
2018-11-09,25731.251960655307,25860.450077734346,25534.103859538525,25770.701171875,1800,26014.988993097428,25662.0300666036,24202.28272698618,48.00428609876116,0.5058056470755332,-239.57237287199317,-7.427580433827487,-232.14479243816567,0.3469150750325182,18.36197402830831,17.32056034866292,7.496097345175956,26.179238589474966,15.900573032527966,24.538563880583013,1
2018-11-16,25815.850302736624,26332.44430019463,25384.256406785385,26245.24609375,0,26036.918240778625,25684.90128335444,24242.73744712012,51.45103592535303,3.446749826591869,-186.37368465928373,-43.21680127891874,-143.156883380365,0.4456439494027236,18.38141023225692,17.32056034866292,0.0,25.056466757993032,18.414824144946948,22.7174367122052,0
2018-11-23,26364.292223733468,26378.792054677542,25947.54747581948,25999.146484375,0,26033.320930644943,25697.22462457093,24277.517824095463,49.61421581425106,-1.8368201111019644,-162.20176176858877,-67.01379337685275,-95.18796839173602,0.4006287058367289,18.47545322007832,17.32056034866292,0.0,23.93965926508068,18.145890103786343,21.920620961817896,1
2018-11-30,26095.696494907435,27012.384976689787,26024.748101320263,26862.63671875,0,26112.303386654952,25742.92705963678,24328.708297256937,55.60322665805037,5.9890108437993135,-72.53278055914416,-68.11759081331103,-4.415189745833132,0.5779175061927422,18.45926182273158,17.32056034866292,0.0,22.50761963199298,21.76402526944307,20.133739500212982,0
2018-12-07,27032.58585035136,27036.78502024151,26149.145099396028,26593.9921875,0,26158.17851054496,25776.30216269024,24373.565403994424,53.47365525461939,-2.1295714034309867,-22.88305383596889,-59.0706834178426,36.18762958187371,0.5258764921953342,18.42432818873508,17.32056034866292,0.0,21.21233252269899,20.40610147991035,18.69593478211825,1
2018-12-14,26073.347992587373,26951.13514438852,25598.65110460109,26825.6875,0,26221.75079525496,25817.454528859253,24422.12227718265,55.07186768368012,1.5982124290607302,34.75989720168582,-40.30456729393692,75.06446449562273,0.5834727442196904,18.055671804857997,17.32056034866292,0.0,20.19527026815036,18.26571524955248,21.00418651795435,1
2018-12-21,26915.135933677084,27368.78130066969,26822.78765077092,26869.337890625,0,26283.42575671877,25858.704856771637,24470.58199230033,55.38281961679295,0.3109519331128325,83.00771168615029,-15.64211149791948,98.64982318406976,0.6039494820375125,17.618520421804163,17.32056034866292,0.0,18.87798431339484,20.805119413885343,20.08815123463415,1
2018-12-28,26876.73834770189,27239.63251699773,26407.84267999701,27124.935546875,0,26363.569546257462,25908.360962265884,24523.14344882656,57.248674635653096,1.8658550188601453,140.25230573596127,15.536771948856671,124.7155337871046,0.6782041470301015,16.807078515132325,17.32056034866292,0.0,17.987793896209553,19.415888895516733,22.07784400749849,1
2019-01-04,27267.48312148169,27430.23197848434,26923.4379184418,27194.68359375,116400,26442.723265066277,25958.80498702997,24576.045233874545,57.76769031079031,0.5190156751372115,189.0676887936679,50.24295531781892,138.824733475849,0.7159073784442795,15.94789049632688,17.324051517715564,11.664796405307865,16.8708680251928,20.17952672031712,21.151141163569527,1
2019-01-11,27378.3331257057,27754.12655728776,27161.632953028737,27453.58203125,146100,26538.99552851234,26017.423694646444,24633.026160555248,59.72237541322944,1.954685102439136,245.81160855347844,89.35668596495083,156.4549225885276,0.7891169192679987,15.577612041172126,17.32841629505056,11.892053442342334,15.975516610320586,21.910572195080466,20.0894720265223,1
2019-01-18,27388.88117579989,27611.229505316307,27181.88357948063,27456.380859375,0,26626.36556002307,26073.8533873809,24688.934174393264,59.744067101182985,0.0216916879535418,287.6910919928923,129.02356717053914,158.6675248223532,0.8110167505124326,14.90241014013049,17.32841629505056,0.0,15.144118867939245,21.084666450852733,19.332211549822727,0
2019-01-25,27514.230690354794,27621.877875525257,27044.885578585017,27114.986328125,0,26672.90087127087,26114.68213015518,24736.974811100823,55.79673811948782,-3.947328981695165,289.9903703486416,161.21692780615962,128.77344254248197,0.7332110270226778,14.604821724994558,17.32841629505056,0.0,14.140681044639692,19.99392414080442,19.56041282347778,0
2019-02-01,27041.13414646731,27532.73113751926,26441.24371865389,27085.634765625,231600,26712.20886120936,26152.758704095173,24783.482929012192,55.45748173230228,-0.3392563871855429,286.1456305094289,186.20266834681348,99.9429621626154,0.7274397599294153,14.550733459331877,17.3214883170366,-12.352771342460947,13.97974220347472,18.087707115426213,22.96824922643421,1
2019-02-08,26973.68606805153,27589.42928552474,26825.238577000524,27294.083984375,0,26767.625539606088,26197.5165582238,24833.19780139561,57.43676337747674,1.979281645174467,296.50087879199054,208.2623104358489,88.23856835614163,0.7554615937634239,14.751936876488603,17.3214883170366,0.0,13.727809070194434,17.37223908866502,21.427891984266623,0
2019-02-15,27240.18344617612,27305.583076802453,26634.941295944005,26793.939453125,0,26770.13162660789,26220.90569135718,24872.024368756596,51.52116793074975,-5.915595446726996,261.3374682151698,218.8773419917131,42.46012622345668,0.6088111706909756,14.188488718513714,17.3214883170366,0.0,13.77722057021528,16.336778619336908,21.84199340317409,1
2019-02-22,26754.287893333447,27100.58537374313,26617.389097725696,26867.23828125,0,26779.379879430948,26246.25206743141,24911.5335551426,52.29660048007673,0.7754325493269789,236.6567827622166,222.4332301458138,14.2235526164028,0.608656800200476,12.480462658793964,17.3214883170366,0.0,13.84988331792144,15.6146292152994,21.037063548720205,1
2019-03-01,26933.885434349784,27196.78276217568,26719.090769625524,27043.5859375,0,26804.54236115181,26277.52006233606,24953.75241419918,54.19489294975845,1.8982924696817207,228.69073929893784,223.68473197643863,5.006007322499215,0.6428389525623298,11.937892389794554,17.3214883170366,0.0,13.71067662071985,15.817937463093534,20.091518008816763,1
2019-03-08,27067.835726658137,27815.17714357065,26957.78622473513,27761.478515625,0,26895.679137768304,26335.714511484646,25009.35095086108,60.99890468714317,6.804011737384727,277.1111588941021,234.3700173599713,42.741141534130776,0.8443823788441818,11.273268457376918,17.3214883170366,0.0,13.068801188762205,20.31880072912785,18.48552135332968,1
2019-03-15,27839.776857734418,29520.355801968013,27790.92781467533,29381.107421875,0,27132.38659339751,26455.14168444113,25095.92038593066,71.34177674462988,10.342872057486709,441.0905894584721,275.7141317796715,165.3764576788006,1.2817675066208325,11.425309882106117,17.3214883170366,0.0,14.556109644810146,31.819800488973915,15.711059795635409,1
2019-03-22,29521.25672467061,30007.75091388812,29361.30936368378,29582.15625,0,27365.69798926441,26577.76970661991,25184.75673967461,72.32296997573968,0.9811932311097992,580.5759120649345,336.6864878367241,243.8894242282104,1.168756621862848,13.29921263288212,17.3214883170366,0.0,16.34383454045186,34.263337044803386,14.830074333559905,1
2019-03-29,29329.05998744208,30495.696388243457,29155.911606436886,30420.197265625,0,27656.60268225113,26728.453140306385,25288.428829297387,76.01005348012916,3.687083504389477,750.0953095179757,419.3682521729745,330.7270573450012,1.1913666069551478,15.952012059963044,17.3214883170366,0.0,18.370496127450203,34.50319866005525,13.180453697413276,0
2019-04-05,30537.24559968504,30647.7443187045,29809.55383878743,30084.30078125,0,27887.81202501293,26860.05500857868,25383.39659072219,71.87693454604991,-4.133118934079249,847.5663964097512,505.0078810203299,342.5585153894213,1.0175388225161142,17.464971256620167,17.3214883170366,0.0,20.361856203923494,33.362383766164335,12.261533280464322,0
2019-04-12,30201.14819452445,30231.698619900333,29639.905989633247,29938.203125,0,28083.087367868844,26980.76669941873,25473.59077951977,70.0916973958841,-1.7852371501658126,902.6192423772736,584.5301532917186,318.089089085555,0.9303087875780576,17.987504526563445,17.3214883170366,0.0,21.87424607520699,31.682869997628643,13.087398301157185,1
2019-04-19,29983.15179292973,30669.44402616296,29918.75215020512,30223.048828125,0,28286.89322122657,27107.91501819153,25567.63945374958,71.57411794269673,1.4824205468126337,958.1882889842818,659.2617804302313,298.92650855405054,0.9240756295521636,19.12762155067189,17.3214883170366,0.0,23.62191542481928,33.39635396039524,12.245281894006862,0
2019-04-26,30282.14737359237,30289.54767804308,29434.708081821136,30013.150390625,0,28451.298665931183,27221.845817110487,25655.66937329167,68.86539300223723,-2.708724940459504,974.061731750633,722.2217706943117,251.83996105632136,0.8443047616979032,19.48321956622165,17.3214883170366,0.0,24.31269088345247,30.95381974470265,15.491038916558583,0
2019-05-03,29920.05288028914,30121.40039854204,29549.707572337764,29953.802734375,0,28594.394291497265,27328.98138249341,25740.78092499629,68.08085684279186,-0.7845361594453664,970.663485194349,771.9101135943192,198.75337160002985,0.8003342608363692,19.672165321320684,17.3214883170366,0.0,24.954125237897568,29.404916306403013,14.715880191768331,0
2019-05-10,29626.1561565631,29835.15380568032,28784.31561556765,29040.162109375,0,28636.848369390384,27396.08650903779,25806.115205875078,57.26506739783847,-10.815789444953396,884.0563363517431,794.339358145804,89.71697820593909,0.6192000172357799,19.172038206822865,17.3214883170366,0.0,24.21167832916633,26.485260071394045,19.75302636269614,1
2019-05-17,29026.312132953462,29559.10615335863,28525.117121428622,29449.80859375,0,28714.27315266273,27476.624630006896,25878.26755018943,60.30970789358472,3.0446404957462505,838.8053685038103,803.2325602174053,35.57280828640501,0.6748912777296862,18.8985904690376,17.3214883170366,0.0,23.12330424659832,24.19761084655961,20.21208850321296,1
2019-05-24,30230.049119102063,31704.63141911353,30110.84933232209,31212.1875,0,28952.16975717104,27623.11729157525,25983.889727413403,70.1596153572866,9.849907463701882,934.3819261756108,829.4624334090464,104.9194927665643,0.9368194229075733,19.96534304756848,17.3214883170366,0.0,24.082407835402783,36.163363676155285,16.803555197721,1
2019-05-31,31234.537991999965,31783.22962323956,30622.694304817083,31375.03515625,232000,29182.918842797608,27770.251325484067,26090.64508243987,70.87877354051831,0.7191581832317127,1011.6063137255952,865.8912094723562,145.7151042532389,0.9079922545645271,20.949275117013222,17.32842821904665,12.354496960983983,25.026531293963963,33.65095675578071,15.36713990978862,0
2019-06-07,31405.6864659458,31752.33012901935,30626.6945648515,31066.189453125,274600,29362.277948543076,27899.50380107783,26189.170713542542,67.55360783663045,-3.325165703887862,1035.9442101183083,899.9018096015468,136.04240051676177,0.8205220707992007,21.25179039027445,17.320208757117076,-12.523074413969974,25.90321736262792,30.89255921345517,14.107482383039338,0
2019-06-14,31258.83526863584,31398.98477230212,30508.594973823,30613.994140625,0,29481.48901445564,28005.9544026287,26276.790979425365,62.90072690751482,-4.652880929115625,1007.1341699972908,921.3482816806955,85.78588831659522,0.724177220107263,20.64251698940648,17.320208757117076,0.0,26.519505471306207,28.87620594292194,14.052415850380124,1
2019-06-21,30651.644039085662,30824.192854831643,30220.34830409407,30627.994140625,0,29590.67997885272,28108.77949039326,26362.953418261,62.9857289290864,0.0850020215715758,974.2016978797146,931.9189649204995,42.28273295921508,0.7051629858488458,19.71902772210895,17.320208757117076,0.0,26.6080481336434,27.56231855629343,15.585007879641566,1
2019-06-28,30680.5928335278,31490.23375944489,30451.045625040017,31104.837890625,0,29734.8854942596,28226.271976676857,26456.85212068405,65.85531775200903,2.86958882292263,975.3367074983688,940.6025134360737,34.73419406229539,0.762515617670385,18.992947594655785,17.320208757117076,0.0,27.26468085221313,30.40325833872733,14.372964723259496,1
2019-07-05,31270.635943783825,31660.382619537828,31104.73839750844,31475.435546875,1000000,29900.65216593726,28353.69015590032,26556.2300103116,67.93588152644344,2.0805637744344097,994.6743576127192,951.4168822714028,43.25747534131642,0.8100137802541099,17.431632346318377,19.43813612473413,19.30998376561334,28.010675859510638,30.412630092260635,13.75691004250422,0
2019-07-12,31346.48551055772,31370.03601826152,30346.346336739865,30601.09375,1000000,29967.360888228948,28441.823630178736,26636.3263219886,58.82821932085255,-9.107662205590891,928.7415543035896,946.88181667784,-18.1402623742506,0.6242041480706805,14.809361095568637,19.43391958984755,-13.96728785211004,27.475503811178537,27.804637918036025,18.337143851607745,0
2019-07-19,30688.493273372063,30799.341050304905,29705.405047026983,29770.00390625,1000000,29948.564985183333,28493.909131201137,26698.37934345912,51.72924999003604,-7.098969330816509,800.2030849240291,917.546070327078,-117.34298540304894,0.3819640836722819,11.639614259201975,19.42809691544312,-14.285014687480787,26.10029914963859,25.52113953544636,21.643002602420868,0
2019-07-26,29616.70708355306,29634.80648288709,28870.6650052565,29324.958984375,1000000,29889.1739374873,28526.49932152168,26750.39082149705,48.363601258962646,-3.365648731073392,654.8750244352159,865.0118611487056,-210.1368367134897,0.1712533170083675,9.427491653037192,19.423334846572114,-14.078644526133855,24.616324360970093,23.791255569023907,26.46735155272403,0
2019-08-02,29583.106039322625,29592.60592911896,27936.02460915449,28204.62109375,1000000,29728.74033332184,28513.876645922795,26779.18746055157,41.11204042050199,-7.251560838460655,444.1793615586794,780.8453612307004,-336.66599967202103,-0.1069627157551721,10.906379712770564,19.41865984772849,-14.055472680862607,24.12523307821794,20.97144845052984,30.017404515263014,1
2019-08-09,27840.8747017872,28602.417938408613,27389.180748042392,28431.5703125,931400,29605.20033133881,28510.648946572885,26811.907913065395,42.97724057932083,1.865200158818837,292.1467501276711,683.1056390100946,-390.9588888824235,0.0244026582934037,11.96126510021271,19.422087327776467,13.744445183182403,24.117691704334806,19.17862642817754,31.304498217671973,0
2019-08-16,28356.47122052659,28358.52002484025,27683.17826433042,28216.671875,564400,29472.959525973205,28499.120433962184,26839.72502122252,41.63255349051428,-1.3446870888065448,152.5606777799876,576.9966467640731,-424.4359689840856,0.0411613804473485,13.20347482511542,19.42001178220848,-13.24352027075228,24.11068900001475,18.147990164467423,29.62223222217923,0
2019-08-23,28330.92018524964,28468.568973434605,26560.291723510625,26958.337890625,288200,29233.47175117814,28438.69758912543,26842.07379091366,34.7719924118433,-6.860561078670983,-58.92013181896618,449.81329104746527,-508.73342286643145,-0.1103551312502127,16.020431927820344,19.41895028097626,-12.57141343235417,24.93894786606342,15.814338917826207,33.37972565183442,1
2019-08-30,27663.628333670706,28277.37128940145,26859.03805716454,27427.53125,0,29061.4774177326,28399.044007198943,26853.66700792527,38.820309103059145,4.048316691215845,-186.51024022334605,322.548584793303,-509.05882501664905,0.056031014908002,17.61525801189847,19.41895028097626,0.0,25.708045384537183,14.338519504653316,30.26467624133817,0
2019-09-06,27238.88188345207,27310.73364168925,26641.04074998522,27247.583984375,0,28888.725662174733,28353.888712186243,26861.46734409259,37.850056151645006,-0.9702529514141388,-298.7032951743786,198.2982087997667,-497.0015039741453,0.0829335756801216,19.09821736278656,19.41895028097626,0.0,26.575926613994103,13.581627565965649,30.13022974818132,1
2019-09-13,27240.03237485792,28126.52311131815,26993.58602619585,28098.423828125,0,28813.458820836662,28343.870481438746,26885.961531895213,44.86666831109354,7.016612159448535,-315.32654675795493,95.57325768822238,-410.8998044461773,0.2561431882723919,19.615699229507683,19.41895028097626,0.0,26.21137777000654,18.00386743430273,27.849644943567007,1
2019-09-20,27867.67562993628,29418.6082111784,26642.690783747083,28981.21484375,0,28829.43558492365,28368.864377999973,26927.451696486394,51.042566685159855,6.175898374066314,-254.3349215754788,25.591621835482144,-279.92654341096096,0.4170843222682775,19.65637384749889,19.41895028097626,0.0,24.410293115764237,22.75544764910584,23.21338577082072,1
2019-09-27,30039.051048267083,30800.94257839302,29469.757206571205,29876.302734375,0,28929.13721820473,28427.97960766174,26985.844786345577,56.3781558913337,5.335589206173843,-132.24803397154028,-5.97630932592234,-126.27172464561794,0.564460280155943,19.61910046641742,19.41895028097626,0.0,23.76874232069812,28.351154161114227,20.77212825924524,0
2019-10-04,29674.45625370408,29754.05493891927,27653.37786129322,27731.52734375,1000000,28815.07913492333,28400.667754175003,27000.610777581307,44.00308514073063,-12.375070750603072,-206.1820075058204,-46.01744896190195,-160.16455854391842,0.218629770542921,20.36630151886583,19.41456528339041,-13.987193221900643,22.511368871871927,24.90548788709175,28.178381292832448,1
2019-10-11,27909.576472913857,28857.364400748505,27568.02965564602,28042.173828125,0,28741.46910570444,28386.60916883971,27021.23578848316,45.85682939211158,1.8537442513809523,-236.97691670639324,-84.20934251080021,-152.76757419559303,0.2926555983844167,20.05394460313185,19.41456528339041,0.0,21.406662356137332,23.14819111186693,26.657220237788177,1
2019-10-18,28238.17121657411,29249.160609650127,28042.92348988763,29119.912109375,0,28777.511296530207,28415.36614689992,27062.793735431515,51.816418829211216,5.959589437099638,-172.4299665307044,-101.85346731478106,-70.57649921592335,0.4952849290311327,18.99707613168369,19.41456528339041,0.0,20.04208833493692,23.76662640167868,24.88693600852928,1
2019-10-25,29415.908143860725,29692.90531509192,28923.46447420829,29395.607421875,0,28836.377594182093,28453.80698121267,27108.988065856134,53.23449336095533,1.4180745317441108,-97.9011918456963,-101.06301222096413,3.1618203752678085,0.5633553892132739,18.091774611385052,19.41456528339041,0.0,18.820690821098232,25.244985534240666,23.80177330537861,1
2019-11-01,29527.25597341272,30415.29671843365,29385.107237103908,30330.19921875,0,28978.646320331416,28527.39099052786,27172.774425319385,57.77162724366187,4.5371338827065415,36.16031276473223,-73.61834722382486,109.77865998855708,0.7466904543909061,17.88878243735945,19.41456528339041,0.0,18.25829729949316,27.89956192485521,22.393850747680435,1
2019-11-08,30415.545910002347,31108.038795840886,30013.30184262296,30749.04296875,364800,29147.25552494271,28614.514597516965,27243.5916241992,59.660493838790096,1.888866595128228,174.19420882401755,-24.05583601425638,198.25004483827396,0.8242304346384306,17.989761121167653,19.415914629057728,12.807107278406626,18.235325223056915,30.142695048431573,20.974044790496784,1
2019-11-15,30664.29429856328,31204.836849586,30337.99697172592,31008.0390625,0,29324.473004710067,28708.378302026103,27318.13513782892,60.82731980366046,1.1668259648703625,301.0159615476841,40.958523498131726,260.0574380495524,0.8768552721576439,17.8902330890105,19.415914629057728,0.0,18.282416723681244,29.169388651889825,19.89825129642041,1
2019-11-22,31036.44088790875,31471.28378401357,30901.491280886665,31111.23828125,0,29494.6411262853,28802.608105132924,27393.24609116399,61.30757201075056,0.4802522070900963,405.1797686069913,113.80277251990364,291.3769960870876,0.9103126840295728,17.46097176723529,19.415914629057728,0.0,18.519901027187988,29.785774860984144,19.20108710517453,1
2019-11-29,31064.738132880226,32156.6773383503,31049.38870211476,31945.728515625,498300,29728.07802050813,28925.86772907379,27483.394257985,65.0399658439865,3.732393833235939,548.7411772377054,200.790453463464,347.9507237742414,1.0159887474500142,18.96294209961045,19.41775483591856,13.11895959109068,19.21522722253204,31.979555762881795,17.88935924789918,0
2019-12-06,32007.92809407514,32126.57525914025,31250.286215544977,31341.185546875,1000000,29881.707308733545,29020.58607486992,27559.78616469569,60.4877825264814,-4.55218331750509,606.7389537035087,281.98015351147296,324.7588001920358,0.8710743929385498,19.98815481070712,19.41259273466985,-14.148764048547294,19.860887261065795,30.220074383295305,16.905105597761057,1
2019-12-13,31321.037054273773,32104.67667631655,30996.040135285613,32013.876953125,1000000,30084.771084389875,29137.97003087992,27647.985982288355,63.54528316265727,3.0575006361758668,698.9263955504648,365.36940191927135,333.55699363119345,0.9265155845250737,21.61553828107153,19.42268668348484,14.821825158049831,20.13799944262461,28.112701802010985,17.32547145380926,1
2019-12-20,32158.62676144524,32442.97197648331,31897.37979352249,32384.572265625,1000000,30303.799768317032,29265.28776557581,27741.7797700772,65.14585610402324,1.600572941365968,792.7591866493567,450.84735886528847,341.91182778406824,0.9221932093863786,22.97962102777193,19.429261831457254,14.40151841951113,20.656843442437832,29.32065827200518,16.707976674427822,1
2019-12-27,32380.624518187746,32502.42388706697,31962.87930577528,32411.97265625,1000000,30504.578138596364,29388.68717305323,27834.258837130124,65.26724677038624,0.1213906663629984,859.4263995926522,532.5631670107612,326.863232581891,0.876553933384384,24.05872259305773,19.43433518569396,14.148047203152329,21.18532230598911,28.65138202984394,16.096983163236587,0
2020-01-03,32486.22112187865,32612.719648081184,31960.02860994757,32068.876953125,907300,30653.55897807528,29493.792654624674,27918.11266120923,62.33947496610337,-2.927771804282869,874.4950556426156,600.9495447371321,273.5455109054835,0.7958576905523985,24.370302517026925,19.43103724895065,-13.71822953732839,21.76687176687103,28.116934059534216,15.364985185372642,1
2020-01-10,31910.078107181394,32346.823268628286,30899.191066075746,32097.02734375,1000000,30791.03215575859,29595.880289492336,28000.86344700212,62.488158933432906,0.1486839673295392,878.5808423339804,656.4758042565018,222.10503807747864,0.7756371860164076,23.184090113550106,19.43687400735053,14.29037796484371,20.8775315139193,25.36215477066372,21.03934118880672,0
2020-01-17,32138.72700943284,32322.275662713742,31445.134499626045,31590.283203125,1000000,30867.15130312682,29674.092168458323,28071.941065935243,58.04557271943271,-4.442586214000194,831.3456059615892,691.4497645975192,139.89584136406995,0.6832238247808184,21.794465128553117,19.430199493070464,-14.424080306177624,20.05171556474984,23.83814667254073,19.775090314192457,0
2020-01-24,31923.578086853824,31923.578086853824,30613.64359619628,31241.38671875,1000000,30902.79277128141,29735.55469984231,28134.70236599098,55.13894679592715,-2.9066259235055654,757.0317199537385,704.5661556687631,52.46556428497536,0.6108115786374277,19.61046763951979,19.42479662528017,-14.206674557631048,18.91686085344106,21.737400849811745,23.626228800852285,0
2020-01-31,31110.188222991343,31226.686865315703,30520.946775086384,30833.2421875,1000000,30896.16890615937,29778.60126798575,28188.13879810007,51.866950323182806,-3.271996472744341,657.6229096774623,695.1775064705031,-37.55459679304079,0.5215472956617015,18.067740247804423,19.419357408924856,-14.207958644392772,17.962932024478395,20.659087349320966,23.092487485362057,1
2020-02-07,29811.4028534624,31470.28517599856,29612.20595431185,31201.5859375,1000000,30925.256242477524,29834.40458835886,28247.811018682245,54.49159194030293,2.624641617120126,601.627782997446,676.4675617758917,-74.83977877844563,0.5707402777776962,17.28450996344267,19.42556240832792,14.3400621481696,17.97742096777146,18.157353504334523,26.21858822238253,0
2020-02-14,31248.2868462377,31649.08106122728,30775.74286793517,30834.443359375,1000000,30916.60739646776,29873.621795065374,28299.0314610722,51.478458949385534,-3.0131329909173985,521.6130731498815,645.4966640506897,-123.88359090080814,0.4927417323619851,17.026270926425273,19.420758798132773,-14.084774808833686,17.75875465572246,18.29107825880864,24.70431021723126,1
2020-02-21,30873.48993735002,31084.939751800248,30252.097356163227,30942.490234375,940800,30919.0724286494,29915.538204450066,28351.377179355422,52.3141400195349,0.83568107014937,461.5983010681703,608.7169914541859,-147.1186903860156,0.4793801595191737,14.166935256078029,19.424213563200464,13.754486919051104,18.040781610746173,17.26689958228569,26.841586999229765,0
2020-02-28,30665.99364160974,30701.794007292705,29051.163218209647,29146.8125,1000000,30750.28576877803,29885.3920983932,28367.12837382363,39.98779528508239,-12.32634473445252,266.0728535204689,540.1881638674425,-274.1153103469736,-0.001815027965933,12.445430848473658,19.41867754150664,-14.22496835135238,19.22355374548238,15.187191516778071,31.256529140085267,0
2020-03-06,29700.654373655885,29790.803715213515,27161.985924431967,27801.126953125,1000000,30469.4135006206,29803.65621034347,28355.920424898908,33.59872222785991,-6.389073057222475,2.503096249245573,432.6511503438032,-430.1480540945576,-0.2124219680095043,14.575360415867644,19.4045516202844,-15.15187937311268,21.3407739133224,12.867361979757488,37.459304331735694,0
2020-03-13,27031.13598646725,27091.28568008766,21351.45065843161,25166.15625,1000000,29964.341381513877,29621.793466800587,28292.756777871204,25.131430980469588,-8.467291247390321,-414.22304426951086,263.2763114211404,-677.4993556906513,-0.3410188203741783,21.78402750053515,19.39203790677313,-15.01737143373823,24.838775569584435,9.16746287959947,52.592905119943225,0
2020-03-20,24061.32090647064,24073.871542346296,18675.43244526885,20317.36328125,1000000,29045.58156244113,29256.91385168096,28134.828193779693,16.760789483367333,-8.370641497102255,-1122.7956926757215,-13.938089398231966,-1108.8576032774895,-0.3800133978996841,37.46401126170806,19.38110089462409,-14.87097210100822,28.45208550076386,6.989362762531264,49.8927968121794,0
2020-03-27,18311.087265181883,21462.150586862128,16116.062322281536,19968.767578125,1000000,28181.123087744352,28892.67282134543,27973.12402317267,16.339431205804885,-0.4213582775624473,-1692.958015264052,-349.742074571396,-1343.215940692656,-0.1769197700615292,48.64111831167261,19.37296854091288,-14.565133057997215,32.07174250007209,5.772780682058679,49.54134845481143,0
2020-04-03,19254.224971013875,19716.02037388205,17142.999284296187,17249.099609375,1000000,27139.97799456632,28436.062107150512,27760.76710408757,13.49005756862833,-2.849373637176555,-2337.326988984096,-747.259057453936,-1590.06793153016,-0.1550867713528897,62.11518053268327,19.36811737136701,-14.042009274411742,35.4328525708583,5.252372126405089,45.07526130990618,1
2020-04-10,18454.337116881325,20323.86285829596,17953.54213383709,19913.3671875,1000000,26451.72934627429,28101.83877696814,27605.37304633336,26.93263509361607,13.44257752498774,-2603.0041047378727,-1118.4080669107234,-1484.5960378271493,0.0613687878994243,68.8186875778588,19.373275636125197,14.103543318917652,38.04411988078365,6.63933490835398,40.76856173904823,1
2020-04-17,19854.66956263497,20866.30839674724,18703.23267390261,20681.208984375,1000000,25902.15597847436,27810.833687062528,27468.260886690616,30.29436639856188,3.361731304945806,-2720.239489640542,-1438.774351456687,-1281.4651381838548,0.1448500277477475,73.30287202738664,19.379058082227992,14.223240432884255,40.01582158276218,7.883901373434375,38.01670676792615,0
2020-04-24,21104.454179536497,21121.854368131702,19051.728241117467,19586.421875,1000000,25300.65749242918,27488.30773364831,27312.18486665714,28.29543221481522,-1.9989341837466557,-2868.424139076931,-1724.7043089807362,-1143.719830096195,0.1375613939094482,78.48198969865025,19.372397309061245,-14.36421041185893,41.62938163781443,8.17403035800831,35.5439808300947,1
2020-05-01,19870.56886132298,21966.744978987208,19847.41874089529,21534.25,1000000,24941.952016959734,27254.815273505243,27197.770314842142,36.34339129803823,8.047959083223006,-2796.452328645872,-1939.0539129137635,-857.3984157321083,0.2541212662732392,80.50122288152426,19.37832453314796,14.247163745260869,42.41478946910586,10.210491527596774,32.894568946752685,0
2020-05-08,20514.51256076389,20530.21159780997,18940.78022781524,19352.67578125,1000000,24409.63999451119,26944.92745027955,27042.42190823636,32.00999342453164,-4.333397873506584,-2882.2244680814147,-2127.688023947293,-754.5364441341212,0.1878566886626294,83.69925693384273,19.37291451943876,-14.15611780506243,43.36822510317685,9.389296294098736,33.06056511438623,0
2020-05-15,19610.22082966131,20122.0158130671,18286.78792805261,18833.73046875,1000000,23878.600992057745,26626.841294141133,26879.873562899997,31.06122975514036,-0.9487636693912832,-2957.976346208048,-2293.7456883994446,-664.2306578086036,0.196755487395236,86.38038362773679,19.3658185724385,-14.421137686726947,44.40817938745904,8.847055703388783,33.20926894956494,0
2020-05-22,18794.88027174961,18794.88027174961,17104.800852783217,17278.69921875,1000000,23250.038918409387,26260.24748726305,26689.7512986594,28.34965005181546,-2.711579703324901,-3107.665053045632,-2456.529561328682,-651.1354917169497,0.1636223391243504,89.98038536590366,19.357980829637263,-14.513098364334974,45.63518396160119,8.357387911862137,35.15508604075775,1
2020-05-29,17537.446132378154,19455.32480602845,17311.04837860278,19297.025390625,1000000,22873.56143957278,25987.17995406156,26543.360686619115,36.14180022356834,7.79215017175288,-3028.5214671643043,-2570.9279424958067,-457.5935246684976,0.2770907924838675,89.97873060867451,19.365852382329244,14.517419739831052,46.20061655779536,9.89200348935215,32.70118330406808,1
2020-06-05,19728.670658615785,21619.298726121146,19632.67177648208,21034.255859375,1000000,22698.38947955394,25792.947636622877,26434.26950192121,41.98963832178209,5.847838098213749,-2793.4188315203646,-2615.426120300718,-177.99271121964648,0.3758343120021524,87.88425791632943,19.376861584115648,14.8623385545322,45.088471888776056,16.07613780846113,30.27322017106689,0
2020-06-12,21635.848303336898,21807.14709490662,19525.872500086323,20654.310546875,1000000,22503.71529548928,25591.432456632763,26319.81486914802,41.10309186713258,-0.8865464546495048,-2607.696804801948,-2613.8802572009645,6.18345239901646,0.3765457213664834,85.17453067840196,19.36402423181776,-15.015053866542663,43.92735221429327,15.505049689177891,28.068531721581824,1
2020-06-19,20456.91161630495,21467.400837773974,19506.82364753305,21337.8515625,0,22392.680654252206,25424.62536274521,26221.162130402518,43.41765216631947,2.314560299186887,-2377.943263479236,-2566.6928584566185,188.7495949773829,0.4309129708398624,81.23402617949687,19.36402423181776,0.0,42.85679819062237,14.52595569292397,26.357447303171806,1
2020-06-26,21491.30134435232,22479.28849815172,20926.205957533573,21591.80078125,1000000,22316.40638063295,25274.318516412062,26129.49160863712,44.29354010970873,0.8758879433892588,-2150.5798018192254,-2483.4702471291403,332.89044530991487,0.467797120628066,74.98584820364329,19.37501611690885,14.858927563413484,41.13455384868198,17.11384895757227,25.010151894781394,1
2020-07-03,21291.303517677963,22344.58918540679,21026.205033862083,21852.146484375,1000000,22272.19115241791,25140.11569162629,26044.79170518638,45.22959592498371,0.9360558152749832,-1927.169685433808,-2372.210134790074,445.040449356266,0.5120465313769832,67.08032390397689,19.381395172264373,14.323472685836355,39.53532695973734,16.349828808585293,23.89361405316494,1
2020-07-10,22270.69057006177,23080.3321433937,22040.09278507293,22398.189453125,1000000,22284.19099058049,25032.589172469383,25972.58175960101,47.2323384621768,2.002742537193086,-1686.612238502974,-2235.090555532654,548.47831702968,0.5969709784307933,55.73234590569657,19.38990239237863,14.618812194864102,37.52019201212368,18.216956226160335,22.86933704516174,0
2020-07-17,22612.98807114268,22657.137950374512,21027.60429773317,21966.544921875,1000000,22253.938984037108,24912.35214303431,25893.254297467814,45.80643610240141,-1.4259023597753853,-1513.3538339873269,-2090.7432112235883,577.3893772362617,0.6142174165587132,45.086164479793,19.383681004593573,-14.307031642367692,36.18597422293111,17.165534593181093,25.135540655933987,1
2020-07-24,22307.041184933794,23211.08016819064,22187.542575588814,22661.787109375,1000000,22292.78166264072,24824.094690733946,25829.26484819865,48.50309506086696,2.696658958465541,-1304.9029569851846,-1933.575160375908,628.6722033907231,0.7813294025795738,34.936141497802296,19.390616127405742,14.415994602207002,34.54322111275626,18.4047776073398,23.996404045515884,0
2020-07-31,22664.33622206476,22667.78735383339,21374.75113283692,21639.798828125,1000000,22230.59282125827,24699.220343180656,25746.305125028877,44.96138899925072,-3.541706061616232,-1208.2421845392273,-1788.5085652085718,580.2663806693445,0.6974870101925654,29.26508988594712,19.38370009170287,-14.413248103774416,33.45136045973764,17.516549888107555,25.8719474325629,1
2020-08-07,21543.55117551136,21936.245042401344,21031.205549099035,21753.748046875,1000000,22185.179033221768,24583.711625678472,25667.244588827805,45.43976503284992,0.4783760335991971,-1109.6517022435182,-1652.737192615561,543.0854903720428,0.7010590734074805,29.665287669601813,19.389542677143087,14.24404159046902,32.61537803505727,16.901704695968295,26.296219209165763,0
2020-08-14,21824.64735796031,22439.68857681969,21458.85021653623,21679.1484375,1000000,22136.985643153028,24469.807186926373,25588.27238781141,45.163010516372175,-0.2767545164777445,-1025.7138094292895,-1527.332515978307,501.61870654901736,0.6731653725525207,29.81551742391444,19.382859531998907,-14.378036963083725,31.435451182418102,18.256531280813878,25.26134336899874,1
2020-08-21,21906.69487274907,22419.0882882589,21402.90189387382,22299.33984375,263400,22152.44794797179,24384.6908205273,25523.14501070128,47.99862596225613,2.8356154458839526,-898.7874984987247,-1401.6235124823909,502.8360139836659,0.7615993717566595,26.23295843962876,19.383865370832535,12.481432864791325,30.37291398161948,17.488619920094546,24.430376547439664,1
2020-08-28,22436.58859294363,24611.514601759343,22409.790076579626,24523.515625,0,22378.26391721257,24390.13493050662,25503.35036940027,56.655079237122365,8.656453274866237,-611.6740871742186,-1243.6336274207565,631.9595402465377,1.0479740423275823,29.63130926680948,19.383865370832535,0.0,28.594648110392683,24.71438056347788,22.14765689763461,0
2020-09-04,25038.5104996338,25232.30708099636,22876.63437762661,23011.232421875,0,22438.54663194233,24336.06032232499,25454.001499152244,50.49960073553456,-6.155478501587808,-500.3950137399297,-1094.985904684591,594.5908909446614,0.7784151889798651,30.4231317673596,19.383865370832535,0.0,27.3114265117805,24.866756634882343,20.08824425721492,0
2020-09-11,23035.98135833776,23108.830118163023,22080.14280186101,22479.6875,245300,22442.464809852583,24263.261388116167,25395.104192238337,48.50480134812493,-1.9947993874096284,-449.91049112771,-965.9708219732148,516.060330845505,0.6761425659949705,29.788225346447437,19.382928682386822,-12.41024130687912,25.56639193000085,23.824918776825008,22.49059550349176,0
2020-09-18,22683.085006645688,22757.03531587552,21784.6473899373,22030.794921875,0,22403.25815385472,24175.713683557693,25328.48420668659,46.822689863695736,-1.682111484429193,-441.0389996879021,-860.9844575161524,419.9454578282503,0.601279381696122,29.87343439759571,19.382928682386822,0.0,23.745957919287893,22.850345244006096,22.81366983410793,0
2020-09-25,21983.14518565424,22098.59306415596,20404.66271447916,20982.10546875,0,22267.910279082844,24050.47414572209,25242.41730098487,43.06529664345577,-3.757393220239969,-512.7184542258001,-791.331256858082,278.612802632282,0.4211285898504864,28.53992514157436,19.382928682386822,0.0,22.904923982676483,21.221778241360692,26.993911214743672,1
2020-10-02,21151.804799145066,22293.49163411751,21054.85475473773,22245.7421875,0,22265.79903226543,23979.700343438875,25183.077199727744,48.43494441473887,5.369647771283105,-462.23169655063975,-725.5113447965937,263.2796482459539,0.607788804584448,26.1504354949825,19.382928682386822,0.0,21.980110791485064,20.86507706617799,25.47989597289748,1
2020-10-09,22351.840062626747,23903.82159922652,22246.99167073805,23846.5234375,0,22416.34421371634,23974.477719676568,25156.61078859452,54.31326531420709,5.878320899468214,-289.7112972718023,-638.3513352916355,348.6400380198331,0.931730432104454,19.849373259930108,19.382928682386822,0.0,20.78241381333601,26.27549961599442,23.67205662138084,0
2020-10-16,23955.3213989852,24190.068672696143,22970.682817187208,23532.9765625,0,22522.690151695737,23957.163948806898,25124.45961580057,53.037886549206426,-1.27537876500066,-176.25647536078395,-545.9323633054652,369.6758879446812,0.855517646543319,17.210857091919987,19.382928682386822,0.0,19.844475859031537,26.126487127216663,22.41262273170313,1
2020-10-23,23902.623357617496,24823.310302556336,23754.57429226609,24478.015625,0,22708.91162534376,23977.58950473604,25111.658744695607,56.36380864758831,3.3259220983818807,-9.97101759162615,-438.74009416269735,428.7690765710712,1.0122068697421167,18.605442020190043,19.382928682386822,0.0,19.354533694885845,27.43835752480009,21.13143169786518,0
2020-10-30,24525.516259891632,24809.362815856934,23612.425219258686,23900.623046875,0,22822.40795120388,23974.5712122709,25087.677839788263,53.85428758628447,-2.509521061303836,74.36343474279784,-336.1193883815983,410.4828231243961,0.8422089916811929,18.044739136135902,19.382928682386822,0.0,18.78845175905506,25.95612865923611,20.631453760081087,1
2020-11-06,24367.31664224586,26853.138040327674,24120.319510516925,26798.638671875,0,23201.0965912678,24085.318955784787,25121.55825230484,62.80552631165684,8.95123872537237,370.7707229279731,-194.741366119684,565.5120890476571,1.2466454004642793,23.60210320649997,19.382928682386822,0.0,19.37467524599084,31.385698276100342,18.042318248111144,1
2020-11-13,27088.634084819,29030.56228807344,27068.63431748504,28465.369140625,0,23702.45588168277,24257.08562970009,25187.772329301275,66.79490978639063,3.989383474733792,731.7319037946727,-9.446712136812693,741.1786159314854,1.2422856572944383,31.09485625127847,19.382928682386822,0.0,20.79407455405612,37.51947838267861,16.369907062716923,1
2020-11-20,28791.91468711301,29784.40389132088,28580.56816185337,29235.66015625,0,24229.42771735584,24452.32384642754,25267.92852389432,68.47766111270566,1.682751326315028,1067.645139010241,205.9716580925981,861.673480917643,1.1494835557915866,37.60794811555186,19.382928682386822,0.0,22.367606667665747,38.613113935663804,15.457970175904348,1
2020-11-27,29432.45813381375,30197.49810883672,28852.56449420724,29608.70703125,369400,24741.740032964808,24654.534951714697,25353.884533940967,69.28936446245473,0.8117033497490667,1348.4168530508105,434.46069708424056,913.95615596657,1.0615036238891542,42.93668934038952,19.38433891793052,12.819638053836195,23.96589045724244,38.1578172263838,14.56689401778998,1
2020-12-04,29844.45476565765,30161.94989336792,29149.56222770868,30052.05078125,0,25247.48391375388,24866.202239147453,25446.917528937185,70.26918728966656,0.9798228272118336,1588.3945708540923,665.2474718382109,923.1470990158814,1.007579891661236,47.023925796580826,19.38433891793052,0.0,25.450011118992222,36.454317714690085,13.916576503583702,1
2020-12-11,30062.249780173854,30811.44290880662,29950.25108348332,30604.494140625,0,25757.67536393208,25091.233294107355,25549.0477588716,71.4898349718155,1.220647682148936,1802.3794944295516,892.673876356479,909.7056180730724,0.97338199034286,50.93946474077329,19.38433891793052,0.0,27.055860789853792,37.985219936417664,13.36978633949919,1
2020-12-18,30734.793093719025,30944.83870029888,30345.39659942924,30714.29296875,548400,26229.73418343855,25311.745438210983,25651.32984223553,71.73819294537041,0.248357973554917,1958.250443697456,1105.7891898246744,852.4612538727815,0.9216433754193168,52.90863937652082,19.38642884974297,13.21476205015514,28.59387405567718,37.53513433419249,12.987280106887688,0
2020-12-25,30595.44576394912,30607.144846947645,28976.413782660973,30401.845703125,0,26627.078137694403,25511.35721330565,25745.39946324324,69.87288408655101,-1.865308858819404,2033.130745225615,1291.2575009048626,741.8732443207525,0.8552955414442799,53.518974935914606,19.38642884974297,0.0,28.724570325622786,34.45725395980295,18.381723328249063,1
2021-01-01,30558.49398278785,31509.884314141207,30537.79500492364,31225.486328125,362800,27065.02177487827,25735.44070800445,25853.91603482505,71.94385514503473,2.070971058483721,2134.3315926311443,1459.872319250119,674.4592733810252,0.8706293166329848,53.95460164596658,19.38780907019859,12.801609753558902,29.242908451469653,36.96323488879363,17.401937054276686,1
2021-01-08,31484.78393540996,32297.67524789695,30893.29081987,32083.826171875,0,27543.003146020816,25984.397000705263,25977.28059199436,73.95329692246894,2.009441777434205,2257.768693175294,1619.451594035154,638.31709914014,0.8830956736677337,54.86996100876876,19.38780907019859,0.0,30.043528559858675,38.26076650947646,16.22173029663895,1
2021-01-15,32279.926424077665,32718.56799151571,31725.48171940921,32246.42578125,0,27990.948158899788,26229.966756805057,26101.42208089051,74.32839544618088,0.3750985237119408,2341.720023487087,1763.9052799255408,577.8147435615463,0.850909950222839,56.67424586568936,19.38780907019859,0.0,30.951250581884665,38.463177608420814,15.425069773186571,0
2021-01-22,32274.77587274443,32841.91814537505,31119.53961143344,31166.888671875,751600,28293.418683945045,26423.571537788197,26201.728350018915,67.38953987346775,-6.938855572713123,2294.690669297044,1870.0623577998415,424.6283114972025,0.7534269028880998,55.80895142108826,19.38494759827769,-13.529960877015506,31.21802504372874,35.23146227545386,17.08494467975562,0
2021-01-29,31506.783514219973,31697.18168777964,29687.35351213026,30565.14453125,0,28509.77352654552,26585.986164982776,26288.13263083537,63.8134822181403,-3.576057655327453,2183.6916065706937,1932.7882075540124,250.9033990166813,0.6927716072528662,53.46495408013809,19.38494759827769,0.0,30.2561371039969,31.866800534804167,22.258667295812817,1
2021-02-05,30975.99123905144,36614.77399946698,30906.0916571152,35654.0859375,1000000,29190.184232350708,26941.597920767766,26473.597052749526,75.60396397748264,11.790481759342336,2477.7965943170493,2041.78988490662,436.00670941042927,0.9720702675352948,54.19703288233495,19.389806025669447,14.060338102949464,31.22748814074675,43.54951846514247,16.996868992471825,1
2021-02-12,36073.43254599389,36476.725592572286,35427.73848232362,36108.48046875,0,29849.06958819826,27301.08351088472,26664.3868233634,76.34509715469824,0.7411331772156018,2716.231728584793,2176.6782536422547,539.5534749425383,0.9577023600561188,52.18465848861912,19.389806025669447,0.0,32.129456960585905,41.70838824863658,16.278297348262267,0
2021-02-19,36500.9741981774,37708.31324318035,35584.18659076922,35841.18359375,0,30419.747112536523,27635.989396487283,26846.10557129185,74.90356300662269,-1.4415341480755473,2850.7628468448784,2311.4951722827795,539.2676745620988,0.9039426293004628,49.92150685438061,19.389806025669447,0.0,33.30548472595657,43.0819599195277,14.904236916013542,0
2021-02-26,35873.8834460956,37231.76547850201,34658.29466014326,34803.1953125,728800,30837.218369675906,27917.05629515445,27003.671704781114,69.42176900671878,-5.481793999903914,2840.874910261245,2417.371119878473,423.5037903827724,0.8070018060368906,47.49418001472569,19.387037020637912,-13.499155997045497,33.71861561074776,38.807900747447405,16.994948174313432,1
2021-03-05,35373.83893444791,36454.72555215375,34892.84374292419,35227.73828125,0,31255.36312315915,28203.74970637388,27166.52450827555,70.37669055860316,0.9549215518843824,2834.6199841172456,2500.820892726228,333.799091391018,0.8146526857158939,43.81962967718744,19.387037020637912,0.0,34.1022371466253,36.31780183735648,15.904471722074693,1
2021-03-12,35462.03689172117,36496.92582696449,35090.34199477177,35496.234375,0,31659.25562333447,28489.7294973004,27331.46925811168,70.9936399972429,0.6169494386397361,2818.834531122749,2564.423620405532,254.4109107172176,0.8131387641088349,40.39943732021335,19.387037020637912,0.0,34.47311780800888,34.46598171221679,15.020488006580972,0
2021-03-19,35543.83562708032,35543.83562708032,33360.61090016775,34161.203125,0,31897.536337778805,28712.140227798423,27466.711512901544,63.87075117921608,-7.122888818026816,2667.8453211570013,2585.1079605558257,82.73736060117562,0.6975551355429318,33.79779099120443,19.387037020637912,0.0,33.52919958560357,31.5360974254046,20.47866301182871,0
2021-03-26,34088.0021751832,34359.65029642772,32414.874044294847,33317.8125,0,32032.800734180822,28892.75482670829,27582.57489878468,59.78958497915272,-4.081166200063365,2451.867111683466,2558.459790781354,-106.5926790978874,0.5994263622663556,30.121350380177983,19.387037020637912,0.0,32.039135024261206,29.1582845730716,22.601235503050567,1
2021-04-02,33615.50692509653,33990.40490249239,33151.415828630044,33857.60546875,374200,32206.59166128265,29087.4548518864,27706.832929873104,61.48582009359714,1.696235114444427,2297.772317019775,2506.3222960290386,-208.54997900926355,0.6355593289551773,28.02024463846444,19.3884597150111,12.832548365186272,30.65550364587187,28.1714370210442,21.83630799597841,0
2021-04-09,33648.758280783884,33697.359279756216,32141.17782762297,32447.673828125,0,32229.551867648588,29219.228145072226,27800.71096746225,54.96383182985776,-6.521988263739381,2038.3841582217865,2412.734668467588,-374.3505102458016,0.4614564511481203,26.24170702899993,19.3884597150111,0.0,28.721406668356916,26.21656737413497,24.40524503809271,0
2021-04-16,31637.533149858613,32324.775261852352,30519.94651315664,31977.078125,0,32205.506749301105,29327.37912467724,27883.41130721548,52.945159240987536,-2.018672588870224,1774.3899702165654,2285.065728817384,-510.6757586008184,0.3868925304450036,24.739773455361785,19.3884597150111,0.0,27.319664298517697,24.18660279573374,29.027496596335784,0
2021-04-23,30993.088439638188,32148.0262916372,30405.29645378291,31721.931640625,368400,32159.45197704624,29421.283144910485,27959.42161084735,51.83361514029084,-1.1115441006966975,1526.9823829094312,2133.4490596357937,-606.4666767263625,0.3384532146658001,23.63364700507686,19.387059087470654,-12.81692729780043,26.078000730050345,22.49112189858742,27.453840307325866,1
2021-04-30,32316.27490844289,34286.602741865514,32144.427295762027,32781.41796875,0,32218.686833398977,29553.05313800223,28054.90668724146,55.96755097856968,4.133935838278845,1400.2604488535944,1986.8113374793536,-586.5508886257594,0.4587964513081121,22.631217947460204,19.387059087470654,0.0,24.734182186848415,28.57993804257715,24.70875874905355,1
2021-05-07,32368.17495668508,33258.761499003405,31906.18032087176,32904.1171875,1000000,32283.965914741933,29684.467414453124,28150.93065754361,56.433887695629686,0.4663367170600025,1294.807470119209,1848.410564007325,-553.6030938881161,0.4588040770578658,21.595034457357883,19.391378601007126,13.944608010187382,23.345178595721404,27.04411470314931,24.327515151565255,0
2021-05-14,33174.91367858231,33297.21303277792,32115.127579912587,32169.177734375,0,32273.03370708794,29781.907034842217,28230.49990658977,52.82509834864018,-3.608789346989504,1138.8043256179808,1706.4893163294564,-567.6849907114756,0.3348180812436826,20.344598473834303,19.391378601007126,0.0,22.07698584922935,25.898760348318245,23.15634445430096,1
2021-05-21,32437.470908866064,34694.04585712463,32318.321909280054,34606.49609375,0,32495.26822010337,29971.10660577978,28356.75725683056,61.595986249290334,8.770887900650152,1198.0317672766396,1604.7978065188931,-406.7660392422536,0.6745143147772573,19.689471451223078,19.391378601007126,0.0,21.648059964288475,28.832290566758704,20.84770932861749,1
2021-05-28,34868.895395061714,35436.23483580858,34409.99901424842,35141.0390625,0,32747.24639556972,30173.849055062925,28491.099470804213,63.21146088622286,1.6154746369325252,1273.423854205481,1538.5230160562107,-265.09916185072984,0.7314251980296966,19.68712491605472,19.391378601007126,0.0,21.60786316896317,30.650774026431808,19.975970597173543,1
2021-06-04,35097.040158559794,35810.48224657488,34929.69445274396,35291.23828125,0,32989.53133706308,30374.530985501635,28625.755684872445,63.67385529271828,0.4623944064954202,1329.9614798852854,1496.8107088220258,-166.84922893674047,0.7300572091947549,19.68860631774161,19.391378601007126,0.0,21.747634280966025,31.09132298310473,19.232650393910745,0
2021-06-11,35460.39042651194,35545.440223548656,34640.7948283768,35046.9921875,0,33185.47998948564,30557.764758129026,28752.90888294428,62.30249952757573,-1.371355765142546,1339.6170654049563,1465.371980138612,-125.7549147336556,0.6735526218695367,18.513013017399587,19.391378601007126,0.0,21.65276364148747,29.86223729432888,19.734797823917543,0
2021-06-18,34936.14469456993,35379.58938034768,33908.554431615696,34557.59765625,0,33316.157862510816,30714.6209502122,28867.853215088944,59.53566998305999,-2.766829544515744,1292.8756719043597,1430.8727184917618,-137.99704658740234,0.573427215376571,16.02832764705055,19.391378601007126,0.0,21.005885464181013,27.928823144275057,21.679878359121567,1
2021-06-25,34109.051844306414,35491.53758607613,33937.10462876159,35364.23828125,0,33511.213140485976,30896.958884762706,28996.494503527774,62.49233816545232,2.9566681823923275,1305.8686964049848,1405.8719140744065,-100.0032176694217,0.7258075000097698,15.86541328575614,19.391378601007126,0.0,20.47128280799082,26.50650154106893,20.19216543906024,0
2021-07-02,35487.78756904865,35576.53653958219,34632.19738164868,34809.4921875,329600,33634.85876401112,31050.391563301426,29111.60336855693,59.28409502775506,-3.2082431376972598,1256.913472265529,1376.080225712631,-119.16675344710212,0.6423628918948346,15.116294529669306,19.390129234819216,-12.705638110993434,20.027859544947024,25.75434656002416,19.324578491625974,1
2021-07-09,35010.54140437875,35810.58360086245,34859.494643754406,35071.54296875,0,33771.68583112911,31208.0837752798,29229.621974501348,60.32039091384071,1.0362958860856537,1225.1387752501032,1345.8919356201257,-120.75316037002244,0.7075603129606002,14.633691723586256,19.390129234819216,0.0,19.76803975786476,25.6432870828652,18.4209844254477,1
2021-07-16,35284.639621107155,35984.83112795977,35059.94302067174,35751.38671875,0,33960.228772807284,31386.252518160974,29358.765830823104,62.95466829964253,2.6342773858018163,1240.514924024348,1324.8165333009704,-84.30160927662223,0.8227472547162812,15.146853206865597,19.390129234819216,0.0,19.643252476616063,25.34084424786828,17.602090351178575,0
2021-07-23,35070.09385074511,35346.6414292779,34356.95379761318,35033.9921875,0,34062.49195515897,31529.30113264486,29471.146550757298,58.53827563647013,-4.416392663172395,1181.1967882460522,1296.0925842899867,-114.89579604393452,0.6868144189027405,15.058312210790517,19.390129234819216,0.0,18.868849967380548,23.634911195581655,19.81097090033205,0
2021-07-30,34947.44533397688,35185.690775098024,34114.80174162509,34583.94921875,0,34112.15455169145,31649.09125366859,29572.390167945272,55.88946859319997,-2.6488070432701605,1085.3606696790594,1253.9462013678017,-168.5855316887421,0.6110799180037866,14.659949631432006,19.390129234819216,0.0,17.930900734670015,22.38840188893864,19.958710601129088,1
2021-08-06,34760.49550375668,36219.38058796922,34587.8490675249,35808.83203125,0,34273.742883077975,31812.21834298551,29695.884066228533,61.05470956622365,5.165240973023678,1095.618058469263,1222.2805727880937,-126.66251431883074,0.8247383171007442,15.31615027635204,19.390129234819216,0.0,17.831715465293822,25.646286469758067,18.365690190033863,1
2021-08-13,35823.78362528719,36316.57874983875,35530.93680437725,36168.9296875,649500,34454.2368644515,31983.06976826059,29824.06318744183,62.4469181860924,1.3922086198687538,1119.8945372681992,1201.8033656841149,-81.90882841591565,0.8503510060486118,15.95004027445758,19.39258970797312,13.383959654737488,17.808014655305136,25.119892851702584,17.637406464699566,0
2021-08-20,36100.23039755204,36261.13087807769,34926.094994840925,35033.4453125,527300,34509.39957378945,32102.69233862292,29927.219269126148,55.68689860760231,-6.760019578490095,1035.5722894637438,1168.5571504400407,-132.9848609762969,0.6310999061148128,16.00348644812084,19.390592622462403,-13.175526821970395,17.186737545549242,23.42032237009349,19.50936944013085,1
2021-08-27,35423.785561652454,35909.88294826908,34817.09342747863,35627.38671875,749400,34615.87453997617,32240.91564764751,30040.093872089,58.23378286597369,2.546884258371378,1005.086397927902,1135.862999937613,-130.77660200971104,0.7169125155598509,15.444595212682364,19.39342969280808,13.527029499741689,16.503313189889926,22.102115681615302,18.97270839522732,1
2021-09-03,35780.63548255951,37139.56983075075,35721.48382537098,36760.72265625,816700,34820.14578914511,32418.1629813182,30173.1756301912,62.645609678799474,4.411826812825787,1060.1560289419576,1120.721605738482,-60.56557679652451,0.8970049696097417,14.868794753079811,19.39651240854633,13.613028333785437,16.80841382038749,26.68465442568561,17.504483798058594,0
2021-09-10,36877.82089209323,36923.218801346135,36151.52713681151,36682.7734375,472500,34997.53889851224,32585.40260705082,30302.0785570686,62.15927299386118,-0.4863366849382942,1085.0020297627489,1113.5776905433356,-28.57566078058676,0.8706449375908688,13.29743473540749,19.394730068856237,-13.065795142315812,17.09172154870665,25.59607373780075,16.790401362888723,1
2021-09-17,36608.02184223074,38112.30508228477,36326.62668984899,37811.5078125,1000000,35265.53593793965,32790.3479092253,30450.78012648308,66.2456699369613,4.086396943100127,1182.1450628301682,1127.2911650007022,54.85389782946595,1.038589240336082,13.711298087740076,19.398978298668737,13.935602925061009,18.13410823601284,29.37890995904617,15.24102367415794,1
2021-09-24,37387.76279434971,38112.156862347314,36525.52389147455,37829.859375,689900,35509.75721765968,32987.97580984391,30596.900507641836,66.3093723904627,0.0637024535013921,1246.2464804718184,1151.0822280949255,95.16425237689282,0.9886911415676118,13.69090145736542,19.40156862399549,13.444303388018582,19.10203873136859,26.99526418511749,14.004449488053144,0
2021-10-01,38054.30604660945,38376.80356547614,36875.922040145095,37225.46484375,998800,35673.157943954,33154.15185038925,30728.159207366745,62.14935222868383,-4.160020161778867,1234.0523410261449,1167.6762506811694,66.37609034497541,0.8742126344237778,11.337954044425782,19.39781631245272,-13.814310838588696,20.1683323243516,26.28049855835208,12.93530288324125,1
2021-10-08,37391.71312036369,38106.40723791289,37355.166670840204,37774.8125,808300,35873.31552072029,33335.35422880536,30867.69689632978,64.33924326625026,2.189891037566433,1254.2578585855008,1184.9925722620358,69.26528632346503,0.9440338529075264,11.96747079120825,19.400854035618483,13.60268979288559,21.15846208926439,25.070672365126967,12.339824520808437,1
2021-10-15,37782.310630428,39374.59335324525,37744.209511005,39340.44140625,792900,36203.51798600883,33570.84784360711,31035.4740153381,69.71671790083434,5.377474634584075,1380.6883294387226,1224.1317236973732,156.55660574134936,1.1284237750212274,14.386052596540935,19.40382494415502,13.583453650452784,22.832794843847743,29.500807763026,11.302770612436191,1
2021-10-22,39793.78779125135,40586.87974703235,39292.34247278154,40323.1796875,1000000,36595.86671948418,33835.6451708186,31219.388979143285,72.51807627785487,2.8013583770205344,1542.4042782759934,1287.7862346130971,254.61804366289607,1.1325710755228304,17.374191716508285,19.41028996870919,14.365711306038452,24.947784796789,33.80140631503756,10.544982818297171,0
2021-10-29,40960.77222736883,41829.11366140325,38426.20329350687,39115.1484375,1000000,36835.79831167617,34042.68451461003,31375.74065158599,64.60643666262362,-7.911639615231252,1555.160386017138,1341.2610648939055,213.8993211232325,0.8888656649909562,18.17037395328058,19.402488022291365,-14.553009974403306,27.370713300669937,34.23268683978958,8.86286158697933,1
2021-11-05,39431.69134389287,40159.73339360422,39120.1949547704,39573.23828125,774500,37096.50688020701,34259.568976046896,31538.06733732191,66.11606899228178,1.5096323296581602,1583.9746416004637,1389.8037802352171,194.1708613652463,0.9053658652031834,18.70220643630053,19.405385356797478,13.559974229993813,29.62057548284509,32.51789360290331,8.418900667991625,0
2021-11-12,39673.59101741613,39673.59101741613,38345.60405728725,38732.90234375,866300,37252.3540672111,34434.99381399604,31680.53931764722,60.97792251948693,-5.138146472794858,1521.4635745606138,1416.1357391002969,105.32783546031692,0.7561226729212533,18.80663669221737,19.40214404966019,-13.67198770221209,30.699572719378715,30.43090368362544,11.622066500928344,0
2021-11-19,38848.99829263539,39116.69440419672,37748.010460278245,37975.80859375,619400,37321.25449831004,34573.849295555025,31805.19811519381,56.702463101687925,-4.275459417798999,1394.7541080814117,1411.85941289652,-17.105304815108184,0.6287961411773245,18.08746337963904,19.399820073597617,-13.336508160985549,30.989580639661654,28.40731527879526,13.752646097206684,0
2021-11-26,38231.70598107975,38240.5574411416,35903.6850022177,36025.08203125,908000,37197.80950144718,34630.76038322934,31888.76017293749,47.46745053169431,-9.235012569993614,1123.9721608902255,1354.281962495261,-230.30980160503557,0.3263524148687808,17.572265916802195,19.396403484645056,-13.719000758904407,29.46601835506636,25.31234659724501,20.85291666604613,1
2021-12-03,36224.02836877486,36843.57058599445,35327.48800351136,36196.7265625,859000,37102.46826916649,34692.17082163211,31974.066438077345,48.26586973735193,0.7984192056576163,912.704704348529,1265.9665108659146,-353.2618065173856,0.3476993876252752,17.385344971108935,19.399635995870405,13.663525365110068,27.589375825559895,23.521863107367068,22.06622499543636,1
2021-12-10,36252.32994887625,37397.11744255636,35696.3363911027,37105.21875,741800,37102.73021972206,34786.80015215634,32075.673414551064,52.3903864063025,4.124516668950577,809.2528863531988,1174.6237859633716,-365.3708996101727,0.470845426501884,16.517862443932195,19.40241908736617,13.516836292108977,26.24439330691219,24.23237492794409,20.328970178211083,0
2021-12-17,37357.76449315635,37580.61346240294,35534.63769056269,35618.234375,660100,36961.34966308186,34819.40541579727,32145.82313654015,45.93516577727303,-6.455220629029476,600.3588008998413,1059.7707889506655,-459.4119880508242,0.2064960208606131,15.679754789409287,19.399942898456388,-13.400148132597696,25.12657241821762,22.819660755297743,18.44745115814248,0
2021-12-24,35123.94520596271,35476.88728986667,34018.05565648867,34856.64453125,735000,36760.90155528835,34820.86577326601,32199.502768118567,43.01203086663447,-2.92313491063856,369.1000421298304,921.6366395864984,-552.5365974566681,0.1016955981197408,16.376103172361983,19.397178508347032,-13.507627138738266,23.774591586702105,21.16939330801399,23.967348035846413,1
2021-12-31,34573.24779897619,35596.53381131151,34232.60330890128,35481.28515625,1000000,36639.03332680851,34846.76457259872,32264.48855798256,46.04474243186649,3.03271156523202,233.53701839686252,784.0167153485714,-550.4796969517089,0.2156232439867673,16.737367678707272,19.40160349634289,13.97890495412925,22.42256330078829,20.397664988618587,22.47537642846041,1
2022-01-07,35584.78703524051,38134.40948052595,35526.1900577274,37739.1640625,1000000,36743.807682588646,34960.192003575234,32372.897973913598,55.303920941715006,9.259178509848518,304.7809778693554,688.1695678527283,-383.38858998337287,0.559201364301756,15.78404706816067,19.40545520812411,13.844293331017704,22.16264589024644,29.07951422500033,19.882606736325208,1
2022-01-14,37930.11031517277,38850.9985628448,37928.91111034862,38369.953125,829900,36898.67867710401,35093.90812598405,32491.65154126184,57.498307350428135,2.194386408713129,407.4449627510039,632.0246468323835,-224.5796840813796,0.6471750194013076,15.264188734591247,19.408550284626987,13.629061695550266,22.29336130856883,30.829911756060014,18.898695278808542,0
2022-01-21,38212.10551067158,38855.09794884346,37223.81657585008,37573.86328125,781800,36962.98197273696,35191.16126932782,32592.28939749923,53.90157791219771,-3.596729438230426,419.73071878076735,589.5658612220603,-169.835142441293,0.5011078275051941,15.132379531701073,19.40563485677076,-13.569355511439689,21.851127824424815,28.59411286304145,20.66273038552757,1
2022-01-28,37601.51192081784,38421.2532181741,36374.92852948309,37688.9609375,1000000,37032.12282652391,35289.114197491435,32693.213586410136,54.34622807380626,0.4446501616085498,433.75463447325455,558.4036158722992,-124.6489813990446,0.5126331254602061,14.958216774181926,19.409879875352036,13.94574991277367,20.808389865783163,26.0427210133363,22.52052747367587,1
2022-02-04,38091.35802145327,39424.39361874547,37647.413962944105,38788.90234375,1000000,37199.43516149782,35426.36079146236,32813.92029447627,58.46902786674346,4.122799792937201,527.5435736542859,552.2316074286965,-24.688033774410652,0.6962619736448115,15.179577680316555,19.41381918091073,13.875100291527362,20.425909027479925,28.38475295784604,20.78606313877105,0
2022-02-11,38591.602444073695,39196.743930395016,37318.61760917495,38516.80078125,869800,37324.89855385517,35547.55451655207,32926.84862094704,57.09541922359187,-1.3736086431515917,573.3069361333983,556.4466731696368,16.860262963761443,0.641505607720026,15.29001015612826,19.410592132975857,-13.676019728834598,19.8211504699525,26.097022749996096,20.521749004131227,0
2022-02-18,37663.56151759803,38461.25190559371,36651.42396270381,37598.7109375,826700,37350.97592372611,35627.99202325591,33019.3607460273,52.604846536408175,-4.490572687183693,529.3900737750519,551.0353532907199,-21.645279515667998,0.4789454840717816,15.241420859105377,19.407515307685724,-13.62519836086868,18.763467386456064,24.025812305210053,21.731718549048665,0
2022-02-25,37399.565815608046,38053.95665606025,34990.94416269976,36430.328125,1000000,37263.29518099029,35659.456184108625,33086.90465452181,47.48622765233903,-5.118618884069143,395.7450133942984,519.9772853114356,-124.23227191713715,0.2913331039386444,15.555899154763557,19.402880186575423,-14.031106497582412,18.134504739173916,21.06887876388074,25.729007777771763,0
2022-03-04,35938.53044735812,36269.827368192266,34093.70675759289,34407.40234375,816600,36991.30538696741,35610.35603350633,33113.053123615435,40.19389312738257,-7.292334524956459,125.15443352738656,441.0127149546258,-315.85828142723926,0.0227796404308848,16.797384951241984,19.39981744415436,-13.612905882456625,18.04317002851602,19.134243745072364,26.892413722961265,1
2022-03-11,33277.76088633603,35373.73560735664,32154.97458559436,34545.84765625,1000000,36758.4046507086,35568.61060694726,33141.4252925785,40.86322200333975,0.6693288759571772,-77.22892387292086,337.3643871891165,-414.5933110620373,0.0822360750562603,16.58157418984456,19.40441814295537,14.020572416324976,18.856870962907124,16.840254654759537,30.889499824032324,1
2022-03-18,34659.84741565458,36611.52521983307,34624.648605749135,36428.12890625,773300,36726.94981790302,35602.31720691991,33206.50853245318,49.18929465802818,8.326072654688431,-84.75779164954292,252.93995142138465,-337.6977430709276,0.405965333134938,15.945564123643312,19.407305424733696,13.55842364375548,18.741328880910203,20.136786046392952,28.5258802232928,0
2022-03-25,36545.42747421494,36827.17174831618,35203.44379524983,35409.69140625,891700,36601.49663584083,35594.763253952464,33250.135916092724,45.459842711637,-3.729451946391187,-170.9334539628544,168.16527034453682,-339.0987243073912,0.2536526519150285,15.065092898329032,19.40397533427119,-13.700886153575746,18.4885709178179,19.71971993384018,26.790543906350923,1
2022-04-01,35488.28772802542,37209.36647200313,35015.89476797541,37148.06640625,1000000,36653.550899689326,35655.67710306217,33327.32265847208,52.13128803758464,6.671445325947644,-97.82824974721008,114.96656632618745,-212.7948160733975,0.5861381854078926,14.326011890187942,19.408206528811437,13.940821631152534,17.98979590934663,19.533081194686392,24.612328816211225,1
2022-04-08,37824.50942092961,38765.40082463055,37346.36573392472,37751.61328125,1000000,36758.12826936177,35737.87067867738,33414.93237377461,54.22484872544644,2.093560687861803,8.708948709463584,93.71504280284267,-85.00609409337909,0.7046448900553731,14.220776006888055,19.412576787265195,13.977460175434706,16.865403635335827,24.183206302471163,23.11969328432177,0
2022-04-15,37591.31275648078,37988.16189015591,37264.01731622934,37462.96484375,446400,36825.25556216064,35805.52143024885,33495.091432586,53.03030829483736,-1.1945404306090808,69.05293027853622,88.7826202979814,-19.72969001944517,0.6353949150767513,14.207377915202708,19.410919838957685,-13.0089729301901,15.770340485398814,23.49612605102637,22.785919027534803,0
2022-04-22,36832.72144890834,37123.1198289168,35925.88372730932,36044.33203125,825400,36750.88189255011,35814.88655185674,33545.57144444073,47.49278444099651,-5.537523853840852,2.376760649989592,71.50144836838304,-69.12468771839345,0.3655712200831016,14.250392160699176,19.407848867555888,-13.623624607833689,15.323810863391632,22.063217045338103,26.705472395801262,1
2022-04-29,35791.93695303597,36718.37550835769,35510.98708252526,36087.73046875,770700,36687.72461409296,35825.58631330353,33595.91122710032,47.67279904474479,0.1800146037482832,-46.42750556211831,47.915657582282776,-94.34316314440107,0.3840076369057904,14.323583681360647,19.410716614449832,13.555055769286977,15.135866118983582,20.980836322072115,27.0811437237282,0
2022-05-06,35627.18594204003,36308.87847368281,34352.79964327097,34590.796875,751300,36488.01721036982,35777.16319807594,33615.61193299932,42.28745532963109,-5.385343715113699,-203.54888394127192,-2.3772507224281654,-201.17163321884377,0.1260436938005676,14.997509854980573,19.407921155248744,-13.529561649382588,15.556202247105562,19.32662405011991,29.61428250786397,0
2022-05-13,34091.35369733804,34792.795714690015,33007.51304340762,33120.96484375,1000000,36167.34555640603,35672.99855672983,33605.816941133,37.77514675187269,-4.512308577758404,-441.58159161506046,-90.21811890095464,-351.3634727141058,-0.0617367044055332,16.74228451781639,19.4036187756765,-13.95718458418492,16.547884222510163,17.936625036841047,32.9039686745613,1
2022-05-20,33255.61334665584,34655.396604567155,33001.366302712275,34276.0,783200,35987.21740817688,35618.21429960317,33619.08789279373,42.92881336794198,5.153666616069287,-530.9026282784034,-178.3550207764444,-352.547607501959,0.151323234044706,17.46777262693981,19.4065453022598,13.571144647010698,17.471374026541856,16.735680309069323,30.72576903412835,1
2022-05-27,34320.99914144521,35694.43655183963,34115.40436959846,35612.88671875,797400,35951.5668663267,35618.005374863824,33658.56905766416,48.26934516443383,5.340531796491852,-488.18709108269104,-240.32143483769372,-247.8656562449973,0.3764921710584537,17.349236702024843,19.40951611604199,13.589112968004352,17.52316707790184,19.89570071732064,28.7469491975069,0
2022-06-03,35958.381274277126,36083.278254671655,35174.69256839707,35274.640625,622600,35887.09770048606,35604.54009055544,33690.57047483912,47.06921750403439,-1.2001276603994384,-476.1397108315432,-287.48509003646365,-188.65462079507955,0.3423879857807994,16.865716238797983,19.407197297318135,-13.341661143156038,17.284881043103532,20.77455372768172,27.64373508521436,0
2022-06-10,35158.740035825824,35449.48633139148,34346.247693990896,34483.3984375,507900,35753.412056392146,35560.573751219934,33706.27003845617,44.29481024338061,-2.7744072606537813,-524.39382148,-334.86683632517094,-189.5269851548291,0.2404674560556406,17.085327535296997,19.405301678196786,-13.138041825678911,17.506219518027752,19.78184226276525,29.9110530591491,0
2022-06-17,33728.25798193151,33773.65980008683,32290.17518524732,32742.669921875,605200,35466.67471024766,35450.067718696606,33687.18884802882,38.86704507138776,-5.427765171992853,-695.0852846706184,-406.9105259942604,-288.174758676358,0.0330881264509374,18.48774135934773,19.40303820740545,-13.313315913241304,18.631743598610647,17.945916796375865,35.83554321111451,1
2022-06-24,32873.01538049235,33721.50671535386,32426.022542258448,33627.05859375,880400,35291.47317534312,35378.57716477713,33685.998149924286,42.70816401023086,3.841118938843103,-750.3471890188739,-475.5978585991832,-274.74933041969075,0.1905883784304261,17.722558673189628,19.40632924446374,13.68813276448114,19.676873102009047,16.945509400777706,33.83786636570998,0
2022-07-01,34125.80101247146,34147.10154517034,33080.06393960031,33539.05859375,676600,35124.576548524725,35306.4391815996,33683.08845574262,42.42253444281566,-0.2856295674151994,-792.1125307274051,-538.9007930248276,-253.21173770257747,0.1982119450708328,16.789269805729642,19.40380099936282,-13.42483701330578,20.291494072661973,18.02639278136107,32.24350841330607,1
2022-07-08,33558.461472188166,35261.689794181075,33515.21197492903,35123.640625,683300,35124.48741295094,35299.27061075256,33711.614241272466,49.0325422160025,6.610007773186844,-689.4023369152637,-569.001101802915,-120.4012351123488,0.4852870798562826,15.77694303645745,19.406354248358845,13.434690744253825,19.988243887313065,21.537942590442068,29.7709656309943,0
2022-07-15,35017.19277706553,35542.68664252929,34463.498631407856,34682.24609375,567800,35082.369192074664,35275.07357087011,33730.8346739948,47.40014443534123,-1.6323977806612715,-636.2859102172515,-582.4580634857823,-53.82784673146921,0.4201126510533225,15.530702957066865,19.404233039865268,-13.249526284202972,19.49742122745067,21.75641894092701,28.325531477983112,1
2022-07-22,34841.44740161468,36823.0224581983,34803.99471106599,36738.5234375,800800,35240.09816782946,35332.46376171835,33790.39286733153,54.92824600082753,7.528101565486295,-423.3858344114924,-550.6436176709244,127.25778325943202,0.7691465940270059,15.859653409586969,19.407223398109604,13.593367755733617,18.151182391606863,25.332170882436078,25.66368347059188,1
2022-07-29,36766.27297027975,37754.20786554537,36248.1819757291,37490.9609375,706200,35454.46605065523,35417.11070978822,33863.67144297843,57.334550947173504,2.406304946345976,-191.7353666501513,-478.8619674667698,287.1266008166185,0.8587111774809179,16.618496352029396,19.409853100037186,13.467655178504874,17.37951324312073,27.75798202666624,23.95798853940828,1
2022-08-05,37593.71063033792,38231.40854326938,37249.068363964696,37920.16015625,1000000,35689.29406071187,35515.26951161025,33943.99795215213,58.68936970249757,1.354818755324068,26.18029781129735,-377.8535144111564,404.0338122224537,0.895725151861563,17.559645745002587,19.41440278044552,14.01943132983804,16.94099788133313,28.686648211539616,22.88935199948581,1
2022-08-12,37846.91079248344,39088.44477168754,37681.01038083108,39041.84765625,664200,36008.58487933455,35653.56669375298,34044.945471045154,62.07849829322723,3.389128590729655,286.0929375140113,-245.06422402612284,531.1571615401341,0.9886749530566352,19.545184853409346,19.41685860586002,13.40634009349426,17.010250670861986,30.76047957944748,21.4154842981036,0
2022-08-19,39283.64401349645,39758.68632577778,38847.94691122208,38985.49609375,455100,36292.1002330884,35784.23059179208,34142.77815664327,61.80417492488494,-0.2743233683422872,481.9725968251005,-99.6568598558782,581.6294566809787,0.9369162100069082,20.854890264692493,19.41517656133697,-13.02827465132159,17.423576268916236,32.59992713756273,20.495796426364983,1
2022-08-26,38693.19852163497,39471.29081406086,37950.411012885525,38986.6953125,1000000,36548.7283358895,35909.81744358455,34238.69730824439,61.80804278401375,0.0038678591288103,630.0426653386312,46.28304518302369,583.7596201556075,0.9101726845067276,21.76383550631245,19.41903577317152,13.8598154401835,17.11397171630351,30.26267624577305,23.257376335980783,1
2022-09-02,38111.15817075209,39667.18714543041,37943.410122361645,39420.54296875,659900,36822.23449140002,36047.49295437535,34341.30811340291,63.257633523692434,1.4495907396786831,773.4809347257105,191.72262309156108,581.7583116341494,0.9256280012716912,23.11573805149986,19.42146445464522,13.399845102751485,16.939731848896265,28.74195664373375,21.38588900283008,1
2022-09-09,39411.59440265754,40685.47733433219,39257.79525817987,40415.23046875,974000,37164.42458448097,36218.77677846848,34461.583803607806,66.4058940653673,3.148260541674873,956.3950382657204,344.65710612639293,611.7379321393274,0.9687613107528664,25.44718924959366,19.42503839919767,13.78916760931819,17.342669907521202,31.593580589536817,19.95374806519458,1
2022-09-16,40539.97695334109,41839.66061234929,40288.43092462966,40776.328125,1000000,37508.41539786373,36397.50428225403,34586.628245615575,67.49477261550769,1.0888785501403788,1117.6102311302238,499.2477311271591,618.3625000030647,0.9412239719780836,27.650923772398954,19.428808726533287,13.846331669953647,18.27873381188,34.704423497102574,18.50381172275382,0
2022-09-23,40685.127549124045,41677.16554316215,39412.23983787201,39545.7890625,968200,37702.45098497195,36520.96643049897,34684.829449910314,60.31963140341314,-7.175141212094545,1133.0194714812678,626.0020791979808,507.017392283287,0.7874035142700174,28.105161943040983,19.42526949507023,-13.783194989331651,18.433268987852674,31.145767379798777,20.573249019908893,0
2022-09-30,39027.397555632575,39228.94208605911,37385.91682776734,38631.5,1000000,37790.931843546045,36603.73245283234,34762.9813419913,55.59097850950612,-4.728652893907025,1059.2455953006793,712.6507824185205,346.59481288215875,0.6781462496069481,26.88646222729548,19.42115893965728,-13.929018691455203,17.1969531281399,28.178369188004705,27.551493525982973,1
2022-10-07,38444.45221148561,39607.8907442624,37962.80936442989,39177.59375,737800,37922.99488225594,36704.668189976175,34850.39940947662,57.72281169406662,2.131833184560506,1032.9374091728605,776.7081077693886,256.22930140347194,0.7107260324336819,26.42869170252425,19.423868183241847,13.511429419524656,16.269938428939557,27.805575508611952,25.55445081770205,1
2022-10-14,38641.102890138834,39570.3914470194,38437.50216387478,39305.14453125,877600,38054.62818216013,36806.64765433985,34938.6121841652,58.22721284359449,0.5044011495278653,1010.7292070451076,823.5123276245324,187.2168794205752,0.703316695294555,26.503703320587103,19.427081251484346,13.684947327413791,15.409139065396388,26.387109940887427,24.250823472323297,1
2022-10-21,39295.14399463325,41031.77446730909,39146.24338473958,40783.578125,1000000,38314.5281767163,36962.6057120128,35054.35408398371,63.64191263381356,5.414699790219075,1099.749059500049,878.7596739996359,220.9893855004132,0.8166192496954364,27.007366810093806,19.4317007633092,14.05192644092432,15.449747391274824,30.669570641654463,22.219187068896854,1
2022-10-28,41347.87058829255,41530.16714795477,40838.82598068995,40990.375,902600,38569.370731314746,37120.55744879661,35171.89905261769,64.33823539493784,0.6963227611242786,1173.4578221413904,937.6993036279868,235.7585185134035,0.8048842219425134,26.780021628842803,19.43497947143286,13.713035874284904,15.746390805267762,31.91423360818259,21.452820617679432,1
2022-11-04,41265.21924083606,41676.76501976088,40818.673543842415,41257.96875,1000000,38825.427685475246,37282.808872373214,35292.41528424902,65.26525798549355,0.9270225905557083,1239.180623958484,997.9955676940864,241.18505626439764,0.8131764339184201,24.463369305264354,19.43921863361144,13.973711026316812,16.099270857508884,31.30703355423205,20.57445887457849,1
2022-11-11,41740.16343564171,42345.00930325477,41318.12050736358,42136.5625,1000000,39140.77385828713,37473.15215188799,35427.94295188766,68.18913927396738,2.9238812884738365,1346.6383818042668,1067.7241305161224,278.91425128814444,0.8813078345467318,22.93852258897702,19.44423538248585,14.146755585070652,16.77862549431161,32.90294189695091,19.48600824637758,1
2022-11-18,42177.06133025349,42622.255903253215,41964.96222909416,42436.95703125,913000,39454.69606523598,37667.81116676493,35566.73530989484,69.14545949184634,0.9563202178789538,1439.4457229876643,1142.0684490104309,297.3772739772335,0.9023834910269848,20.57404222802481,19.44751056310618,13.724492254866757,17.552854851517093,33.2118865896009,18.837086346643943,1
2022-11-25,42286.45772398986,43338.64430573424,42202.06026744004,42983.44921875,1000000,39790.76779414208,37876.26756096043,35713.600931852365,70.86166491376153,1.7162054219151912,1539.348905846593,1221.5245403776637,317.8243654689295,0.9357882621049484,19.69819308501913,19.453018609231584,14.248721174805116,18.63293112908708,34.953072746623306,17.73711990831161,1
2022-12-02,42756.70227834148,43514.54391168495,42739.50325948733,43103.25,1000000,40106.24228993807,38081.24726445218,35859.93061637014,71.23933233773423,0.3776674239726958,1609.634950113883,1299.1466223249074,310.48832778897554,0.9440681659031744,17.43176693234875,19.457088145550696,13.95082872835025,19.72307399211681,34.4490599851842,17.00779454020139,1
2022-12-09,43268.84839580863,43852.88806519864,42947.95096184205,43632.94140625,1000000,40442.11839625349,38298.96076020895,36013.851622110335,72.91112973979456,1.671797402060335,1688.6135305926582,1377.0400039784577,311.57352661420055,0.9702199424589776,17.296511207555056,19.46297309422055,14.324675403401072,20.906313310619183,34.59357625178516,16.171668692673883,0
2022-12-16,43455.3466881986,44151.28786944239,43080.04849504141,43218.99609375,1000000,40706.582938872205,38491.9033223086,36156.527750261615,69.51064577704102,-3.4004839627535404,1698.2265982829413,1441.2773228393544,256.9492754435869,0.8748200185211364,16.947985258949156,19.457465503642897,-14.258593171698111,22.156331839144634,34.19619383925179,15.21792453633766,0
2022-12-23,43345.84843854809,43614.14074168416,41597.16488090006,41667.56640625,1000000,40798.10517386056,38616.43912952199,36265.657228598015,58.49863883897063,-11.012006938070392,1562.644421564131,1465.5507425843098,97.09367897982156,0.630316691509389,15.839280028616082,19.452792769858792,-14.089119821314208,21.823776847614173,30.54363941811514,21.445285416314285,1
2022-12-30,41715.86610274812,43497.5440125112,41568.96546852383,42985.94921875,1000000,41006.47127337384,38787.79246635446,36398.73231751192,63.75364903146874,5.255010192498112,1543.7812946868507,1481.196853004818,62.584441682032775,0.801651786779894,15.870307619424931,19.457591730767057,14.115838088525027,21.48909349531589,27.51712155783061,19.46519373910819,0
2023-01-06,43038.25,43578.3984375,41877.0,42188.80078125,1000000,41119.07408364776,38921.1653414484,36513.38713857604,58.89751625775991,-4.856132773708829,1447.8193536042236,1474.521353124699,-26.70199952047551,0.6596581342162817,15.308397662950073,-21.13990231297676,-21.31044126007833,21.23414377559363,25.55841975474047,17.790399212239986,1
2023-01-13,42404.8515625,42716.80078125,41729.0,42371.25,870500,41238.328932824166,39056.462779038666,36629.38442296066,59.654981854717526,0.7574655969576156,1370.6904844100936,1453.755179381778,-83.0646949716845,0.6686510021716178,14.622393375321373,-21.13932826194667,13.676824186954798,20.843651748410903,24.25366697328237,17.64707065847884,1
2023-01-20,42622.5,42715.6484375,41861.1015625,42506.80078125,1000000,41359.13577553139,39191.770151674405,36745.76890530303,60.24121803466803,0.5862361799505038,1305.4546465439198,1424.0950728142066,-118.64042627028677,0.6710046929988396,14.103175293014852,-21.138640945721555,13.856269510497423,20.48105200888409,23.152523824241385,16.845874246504014,0
2023-01-27,42891.44921875,43078.8984375,40148.80078125,40345.30078125,958600,41262.5800617903,39237.006646951886,36817.04676423267,48.21114981421504,-12.03006822045299,1067.0396209046885,1352.683982432303,-285.6443615276146,0.3027059966303319,14.130218189190616,-21.13927351040326,-13.773230208895106,19.51879632531339,19.82834927853565,22.817605742003604,1
2023-02-03,39856.1484375,42015.6484375,39419.80078125,41499.69921875,1000000,41285.162838643606,39325.73968898319,36909.772555411226,53.54666563602787,5.335515821812827,960.1759904647696,1274.1823840387965,-314.0063935740268,0.4933451746801649,14.026782066711103,-21.138140074038883,14.356206197675723,19.174864260613823,17.439439287348108,23.452015518109565,1
2023-02-10,41530.1484375,41791.94921875,41095.1015625,41559.3984375,804100,41311.28051472517,39413.334149709335,37001.84435505654,53.81168030120098,0.265014665173112,870.271078191734,1193.4001228693842,-323.1290446776502,0.4855844391943794,13.287035484700988,-21.13760888658235,13.59748016216188,18.855498771964225,16.852463813004093,22.662669157469846,0
2023-02-17,41563.5,41979.1015625,40882.69921875,41131.75,656900,41294.182370465634,39480.72300658348,37083.6246648574,51.54323849804002,-2.268441803160961,755.8007322149424,1105.8802447384958,-350.0795125235534,0.3690648715751379,11.564936806152048,-21.13804285499876,-13.395288601181123,18.724657892593196,15.943220163618136,22.485162996009677,0
2023-02-24,41221.55078125,41292.6015625,39600.25,39909.3984375,814200,41162.29818637367,39497.533807795895,37139.58058114735,45.62312486944999,-5.92011362859003,559.9933481053304,996.7028654118628,-436.70951730653246,0.0843651977700348,10.88623692836851,-21.138580479408805,-13.60996254324972,19.493843920211297,14.63102913796279,26.871470086749493,1
2023-03-03,39820.3984375,41390.1484375,39745.3984375,41251.3515625,1000000,41170.77946029047,39566.31097464704,37221.001788698886,52.12439897225502,6.501274102805034,507.2517055908975,898.8126334476698,-391.5609278567723,0.3373772852595383,9.491572258406986,-21.137903086067844,13.840984328785728,20.09561208351594,13.941013454052134,24.740291590447423,0
2023-03-10,41418.3984375,41671.19921875,40341.69921875,40485.44921875,602300,41105.50991347709,39602.35561167068,37285.64431206624,48.55619545263005,-3.568203519624973,399.0516368192912,798.8604341219941,-399.8087973027029,0.1550068482639717,9.673143330436606,-21.13830087419125,-13.308512599332609,20.322182918439783,14.40590735086213,23.142528666022724,0
2023-03-17,40356.1015625,40690.05078125,38613.1484375,39598.1015625,914200,40961.94721338404,39602.18878621301,37331.43554474809,44.73530933948136,-3.820886113148696,238.9463381455862,686.8776149267126,-447.9312767811264,0.0030683842993316,10.662214947621298,-21.138904353994278,-13.725805738731731,21.596310846214276,12.994127242033274,29.030846106299563,0
2023-03-24,39512.1015625,40201.6015625,38941.8984375,39395.3515625,681000,40812.74762758556,39594.07752253799,37372.305168862,43.88555617877556,-0.8497531607057951,94.61088946225208,568.4242698338205,-473.8133803715684,0.0270547460969058,11.783533178427655,-21.13935365772921,-13.431319053559353,22.779429636290583,12.212384725806134,27.284315057263115,1
2023-03-31,39484.69921875,40690.3984375,39273.75,40608.6484375,844100,40793.309609482174,39633.86461724238,37436.391174181554,50.00560090605217,6.120044727276614,77.2365890469664,470.1867336764497,-392.9501446294833,0.2926156155047679,11.988579892269094,-21.138796715448965,13.646027434664866,23.28749081611908,13.726254234697082,25.43136047465377,1
2023-04-07,40695.80078125,41274.69921875,40535.8984375,41041.0,541400,40816.89917048387,39689.046396958365,37507.76956677202,52.01399602044036,2.008395114388186,97.23363970112403,395.5961148813846,-298.36247518026056,0.3925689510948034,11.938634055584323,-21.138439333110597,13.201915503223802,23.095641708526845,16.127667071552157,24.496999782831335,1
2023-04-14,41116.1484375,42196.19921875,40727.25,42132.55078125,748700,40942.19932389017,39784.87009830313,37599.34939280128,56.73913510670525,4.725139086264889,198.8680449606327,356.25050089723425,-157.38245593660156,0.6245698104517696,11.614230592972834,-21.13794489989897,13.526094983866342,21.98436855639177,19.526626727724995,22.71037485793778,0
2023-04-21,42603.55078125,42603.55078125,41799.0,42118.0,937600,41054.18034066253,39876.36538856576,37688.8276226468,56.65904178844924,-0.0800933182560115,275.0690916601234,340.0142190498121,-64.94512738968871,0.6369868265406652,11.18486224877974,-21.138564041973407,-13.751079764357218,20.575793592373063,20.80949035747968,21.773709876797664,1
2023-04-28,42469.94921875,43302.05078125,42269.1015625,43233.8984375,1000000,41261.772540361344,40008.03335126906,37798.63100511914,61.1843062891867,4.525264500737464,420.65361509522336,356.14209825889435,64.51151683632901,0.89340696453366,10.859958496371322,-21.137863054126868,13.875194502188124,19.550907896979147,23.1522684522451,20.437746536624637,0
2023-05-05,43395.05078125,43739.80078125,42582.19921875,42661.19921875,844100,41395.05127163645,40112.07907156243,37894.919484596976,57.84615103302405,-3.33815525616265,484.2363825005596,381.76095510722746,102.4754273933321,0.7818224246080058,10.504460213787322,-21.138420516500425,-13.646027434664866,18.954681380729983,24.04202542767553,19.197574513342555,1
2023-05-12,42796.8515625,43905.94921875,42780.30078125,43793.55078125,1000000,41623.47979636155,40256.45051115802,38011.72406472872,62.233594373652735,4.3874433406286855,618.8636168494631,429.1814874556746,189.68212939378856,0.967972733386052,11.587854045158704,-21.13773554898099,13.851939878804531,18.535701657086395,23.33991090626895,17.937168346742958,1
2023-05-19,43821.05078125,44151.69921875,43446.3984375,43969.3984375,1000000,41846.90061932712,40402.056312191045,38129.69781468458,62.8797324986272,0.6461381249744633,731.3159511900594,489.6083802025517,241.70757098750775,0.9650176147481194,12.302692781578694,-21.1370707394258,13.82139421525654,18.349722886131968,23.783016228820188,17.246236198331722,1
2023-05-26,43935.30078125,44095.25,43390.30078125,44018.0,787800,42053.67198891501,40543.85802543846,38246.29785795815,63.06780407957583,0.1880715809486304,814.9625947481909,554.6792231116796,260.28337163651133,0.9232399087267223,13.244478883016084,-21.136549765588764,13.577000798875842,18.110968129402007,22.83618364479008,16.876447083730866,0
2023-06-02,44276.80078125,44498.6015625,43706.1484375,43937.8515625,918700,42233.11766258977,40676.955811205575,38359.00189171145,62.50538631025242,-0.5624177693234103,864.8167837780857,616.7067352449608,248.11004853312488,0.8731427830275879,13.977431282915427,-21.13715727758825,-13.730715994753576,18.242459770699032,24.126503267704315,16.100476216039002,1
2023-06-09,44103.25,44459.25,43917.8984375,43989.0,659800,42400.34455186694,40806.83989704065,38470.48700276667,62.73378238401983,0.2283960737674064,898.1010889009049,672.9856059761496,225.11548292475527,0.8518669017751211,14.64033913047849,-21.13672100665989,13.39969355338626,18.36455915190341,23.337094975396795,15.573675904613246,0
2023-06-16,44035.19921875,44212.3515625,43397.5,43938.1484375,868900,42546.80206478437,40929.636310392,38578.757526226735,62.32728795835308,-0.4064944256667502,909.8872307902784,720.3659309389755,189.52129985130296,0.8091128800447062,14.819202896579007,-21.13729549833961,-13.674984473707058,17.791805677894335,22.16167343866404,18.005929060196664,0
2023-06-23,44015.30078125,44042.1484375,43345.94921875,43622.8984375,1000000,42649.28743361443,41035.25443302369,38678.64150466779,59.74280195036792,-2.584486007985156,883.6041541418963,753.0135755795596,130.59057856233665,0.7363597793686412,15.0988311092971,-21.137957516367216,-13.81740975335046,17.1931985225466,21.18011777521333,17.536389038842643,1
2023-06-30,43714.75,44787.1015625,43541.75,44747.3515625,693100,42849.10306493686,41180.82686947374,38798.813981060506,65.27402692867796,5.531224978310036,942.6424014499426,790.9393407536363,151.70306069630624,0.8666772531735009,15.921037005974734,-21.13749958855123,13.448931010698283,17.39098767896703,24.21763341623574,16.157791486048755,1
2023-07-07,44957.94921875,45655.5,44844.80078125,44925.0,1000000,43046.80753494288,41327.65718831791,38920.12459529693,66.06726109927487,0.7932341705969179,992.326460293014,831.2167646615119,161.10969563150206,0.8498800659382848,16.530011259874282,-21.136492414109853,14.236390248594084,18.303926401166414,28.369663361920068,15.218258888011654,0
2023-07-14,44958.6484375,45184.30078125,44547.80078125,44819.30078125,1000000,43215.616415543554,41464.584388040734,39036.9399653158,65.11420643552876,-0.9530546637461156,1011.5123070613045,867.2758731414705,144.23643391983398,0.8054352288555722,16.134640419639766,-21.1372833362089,-13.994577658087705,18.7344036259647,27.17689544611057,16.54024867794371,1
2023-07-21,44951.19921875,46369.5,44695.05078125,46075.19921875,1000000,43487.95763489655,41645.39281277444,39176.31143568084,70.5502248304138,5.436018394885039,1115.202377953137,916.861174103804,198.3412038493334,0.9249693258151056,17.089805497602434,-21.136380612267654,14.126738976537869,20.007974050400517,31.817961132969693,14.77978112415228,0
2023-07-28,46131.8984375,46310.1015625,45238.80078125,45468.1015625,1000000,43676.54277085878,41795.3029598225,39300.90133918221,65.25668665131124,-5.293538179102555,1135.3027358119507,960.5494864454332,174.75324936651737,0.810715688468658,16.86095103874746,-21.137218755460754,-14.052478904888128,21.1905751588052,29.6440226488128,13.76996359250922,0
2023-08-04,45546.3515625,45782.75,44279.3984375,44879.5,1000000,43791.11012601509,41916.25186335887,39411.36863939642,60.51575553569463,-4.740931115616611,1091.158985720569,986.6713863004604,104.4875994201085,0.7131962862758234,15.223340822009376,-21.137977134328867,-13.953271368976214,21.00324480315001,26.869615640574786,18.45395721341625,0
2023-08-11,44993.69921875,45096.8515625,44120.8984375,44199.1015625,1000000,43829.96645329937,42005.77538097225,39506.17523193313,55.4965901507064,-5.019165384988227,989.8617678629888,987.3094626129662,2.552305250022755,0.5894712903988386,12.535295792405874,-21.13866147439156,-13.851264692548051,20.6352795267878,25.21947069711424,18.318024157346564,0
2023-08-18,44066.6015625,44212.75,43600.3515625,43851.05078125,606300,43831.974484532766,42078.13912215961,39592.212371523565,53.07171086687277,-2.424879283833633,871.4526400644463,964.1380981032622,-92.68545803881592,0.4957385883178637,10.67346310027086,-21.13906160027493,-13.31513184140697,19.67336859079214,24.21456100006247,20.975126323845483,1
2023-08-25,43952.8515625,44949.8984375,43862.0,44231.44921875,872300,43870.01969731536,42162.58265535924,39684.07844770627,55.36711710558379,2.295406238711017,799.0960461759678,931.1296877178032,-132.03364154183555,0.5515082874912828,8.859226398640324,-21.13848587794092,13.678889826815242,19.46034147182852,27.27941479253427,19.475548969058185,1
2023-09-01,44253.6484375,44779.6484375,43830.75,44436.1015625,1000000,43923.93225590437,42251.74025956084,39778.17791532595,56.59711981448946,1.2300027089056726,749.625442531993,894.8288386806414,-145.20339614864838,0.5829587549071261,7.929406299327031,-21.137506791751694,14.209106168128992,19.22367852299189,25.578780059317825,18.46672572944613,1
2023-09-08,44647.6484375,45383.3515625,44207.25,45156.3984375,1000000,44041.30998748491,42365.64842340159,39884.67733160663,60.70200498751753,4.104885173028073,759.7832622692586,867.8197233983649,-108.03646112910631,0.7799208709090085,6.925687315749007,-21.136803210476074,13.877828803613395,19.533407962530028,27.55704634765746,17.04811831665992,1
2023-09-15,45340.80078125,46310.3984375,45231.30078125,46231.5,1000000,44249.89951248634,42517.25044601329,40010.35698840649,65.88779473925939,5.185789751741858,844.8462569378316,863.2250301062584,-18.378773168426733,1.0345193195738955,7.50901235171164,-21.135838427619923,14.192714042131216,20.517422216663647,31.519473588598977,15.76815132436985,0
2023-09-22,46100.94921875,46252.94921875,44548.8984375,44612.05078125,1000000,44284.390109511456,42599.39947876767,40101.479637769735,54.27037107086996,-11.617423668389437,772.6763434936947,845.1152927837456,-72.43894929005091,0.5230414864675117,6.528075032204733,-21.13662576611434,-13.989380668349648,20.55677641081811,28.157613951047605,18.35760948488072,0
2023-09-29,44615.0,44936.55078125,44182.5,44584.55078125,1000000,44312.97684015322,42677.24854945326,40190.253323779245,54.09594171219951,-0.1744293586704515,705.1338034050495,817.1189949080065,-111.98519150295692,0.4999834069539011,6.3362208928295125,-21.137434228700496,-14.016654686793704,20.15731000672509,26.795643881780467,19.81996860377865,0
2023-10-06,44561.5,44566.30078125,43857.5,44360.6015625,903800,44317.51252799577,42743.26239310215,40272.83447702124,52.61290927080382,-1.483032441395686,626.3152510888176,778.9582461441687,-152.6429950553511,0.41229528810127,6.225883770361658,-21.138031362449507,-13.714364482398182,19.40905331602819,25.51419182008168,21.00986464470955,0
2023-10-13,44057.80078125,44710.55078125,43796.75,44287.94921875,833300,44314.69697473427,42803.83834704913,40352.34169962973,52.11376831708062,-0.4991409537231988,551.6296997602767,733.4925368673904,-181.8628371071137,0.3797202304654596,6.143665919233777,-21.138581601633497,-13.63315020041758,18.852889970747636,24.92274639183156,19.73256394905328,0
2023-10-20,44204.75,44589.8515625,43558.1015625,43723.05078125,787100,44258.34971821195,42839.88589348838,40419.08841411726,48.2785463819389,-3.8352219351417176,441.7658773546064,675.1472049648337,-233.38132761022732,0.1831733599041276,6.254056283393187,-21.139101056434438,-13.57611185461633,18.042420649071023,23.20720806131264,19.966454987168746,0
2023-10-27,43822.69921875,43831.30078125,42105.3984375,42782.0,910700,44117.74498314415,42837.61585844962,40465.87874255058,42.64784514125967,-5.630701240679237,275.58628605552803,595.2350211829727,-319.64873512744464,-0.0556981250621871,7.128276932547782,-21.13970174581025,-13.721969911611748,17.7125178413834,20.646933657386736,27.049613910289583,1
2023-11-03,42721.3984375,43416.1015625,42390.5,43318.25,760400,44041.60260379709,42856.46425615748,40522.361341708,46.47852042081852,3.8306752795588537,185.02579388609595,513.1931757235974,-328.16738183750147,0.1386439883515034,7.443258883811731,-21.13920021780176,13.541601204692864,17.406179519959178,19.28536771034651,25.26582200239727,1
2023-11-10,43627.75,43908.69921875,43283.8515625,43820.1015625,710400,44020.5072665307,42894.25395444542,40587.66312825833,49.854138867654974,3.375618446836455,151.99902815350652,440.9543462095792,-288.9553180560727,0.2846419377331716,7.355673114209988,-21.13873144032605,13.473584878316764,16.54554198773976,21.755074857637105,24.21796754219331,0
2023-11-17,43915.1015625,44420.94921875,43513.8515625,43583.94921875,743800,43978.93030959921,42921.3008275554,40646.99552608986,48.3100772218675,-1.5440616457874723,105.5528107344944,373.8740391145623,-268.32122838006785,0.2377194457432653,7.573684998304039,-21.139222252325887,-13.519528804919634,15.536209119970774,23.86895881095123,22.743327181782117,1
2023-11-24,43591.5,43806.5,43230.94921875,43769.1015625,552500,43958.946619399285,42954.54791520029,40708.81940799897,49.62736222259167,1.3172850007241692,82.73043065424281,315.64531742249835,-232.91488676825557,0.3112574226398535,7.639789489594982,-21.13885769664832,13.222210522327158,14.561457681555876,22.915520843082454,23.79826612863777,1
2023-12-01,43851.55078125,44951.1015625,43739.80078125,44814.19921875,851600,44040.39924790888,43027.47541730028,40790.11405771681,56.38401890922443,6.756656686632759,147.27646521354472,281.97154698070767,-134.69508176716295,0.6193847597565701,7.638729728357455,-21.138295525608072,13.654873386260988,14.51289208739908,28.857795605397456,21.822579399582335,1
2023-12-08,45671.5,47303.6484375,45484.19921875,47262.0,1000000,44347.21836715565,43193.53520485713,40918.27021498975,67.41015469983844,11.026135790614012,391.4345151222369,303.86414060901353,87.57037451322338,1.204069389229098,8.922209289563968,-21.137431519049247,14.0839341200614,16.037512139637922,39.04697935130452,18.43524786822609,1
2023-12-15,47233.30078125,48219.94921875,46886.8984375,48143.55078125,1000000,44708.77383516463,43387.65346275489,41061.34507768797,70.32016863559022,2.9100139357517776,648.5887816162576,372.8090688104624,275.77971280579527,1.201810467820884,11.312968092426283,-21.136721601884776,13.88671524824229,17.896219182018957,41.48625097347466,16.920651827855313,0
2023-12-22,48068.5,48166.1484375,46919.69921875,47491.8515625,963400,44973.82885681562,43548.60240784293,41188.681839763456,65.65301603738558,-4.667152598204638,790.6841948196525,456.3840940123004,334.3001008073521,0.9891991579863988,12.607371903345287,-21.137358553971907,-13.77822501116817,19.622161435658487,38.31635774120561,15.627773863322112,1
2023-12-29,47576.3984375,48636.44921875,47411.6484375,48292.25,868700,45289.86896569033,43734.6278036138,41329.346555807744,68.42481493191765,2.7717988945320684,956.8513119183845,556.4775375935171,400.3737743248673,1.0236377181868448,14.256296486050507,-21.13678423079027,13.67475427139274,21.45005612430504,38.32247608805071,14.458691810600536,0
2024-01-05,48203.44921875,48450.0,47481.3515625,48159.0,920100,45563.11954038649,43908.132595628944,41464.58721806898,67.44894056344484,-0.975874368472816,1065.5053060906866,658.2830912929511,407.2222147977356,0.9354353356204148,15.289011908393327,-21.1373925256938,-13.73223872560825,23.147386906619683,36.02705658282429,13.592652697526148,0
2024-01-12,48096.6484375,48154.5,47010.80078125,47709.80078125,881700,45767.56537284968,44057.21762251605,41588.25481337949,64.12855736250006,-3.320383200944775,1102.6570127802115,747.1578755904031,355.4991371898084,0.8313274722936461,15.866824631701384,-21.137975086680825,-13.689608275247096,24.10736599863703,33.468032155240394,15.538109094815184,0
2024-01-19,47891.05078125,48305.3984375,45430.69921875,45701.1484375,1000000,45761.23995043543,44121.68549761346,41669.69825148089,51.83936790111972,-12.289189461380346,958.9642084027146,789.5191421528655,169.4450662498491,0.543487894403255,15.7545784913795,-21.13894084683676,-14.195863648877584,23.273644170074345,28.08860877300563,21.87544818454921,0
2024-01-26,46495.44921875,46580.30078125,44429.0,44866.1484375,1000000,45675.99313967968,44150.88012270704,41732.9942947684,47.74344384968695,-4.095924051432768,768.8463222562059,785.3845781735336,-16.53825591732766,0.4288708427092942,15.786189145945505,-21.139704779012405,-13.962292152655388,21.634396386293407,24.8673312934198,24.70662482344725,1
2024-02-02,45171.5,46892.3515625,45071.19921875,45970.94921875,1000000,45704.08419482924,44222.2553813754,41816.91419425318,53.03133596221736,5.287892112530408,699.2640370587324,768.1604699505733,-68.89643289184096,0.5851785488764217,15.74369076200512,-21.138659296128235,14.275906303964966,20.36054974541624,23.880899262591505,22.13215322662619,0
2024-02-09,45962.25,46181.19921875,44859.1484375,45634.55078125,1000000,45697.46196496455,44277.63951470381,41892.510958352126,51.32818786730327,-1.7031480949140845,609.9439777209991,736.5171715046586,-126.57319378365946,0.5310490517132052,15.659017668384587,-21.13953292701136,-14.096244296557533,18.993164556798124,22.251652757327523,21.71649136728256,1
2024-02-16,45664.30078125,46693.3984375,44633.8515625,46384.8515625,1000000,45762.9276409203,44360.275281284055,41981.46819803822,54.81389477104716,3.485706903743889,592.8659995051567,707.7869371047582,-114.92093759960152,0.6238072102411011,15.639583766697283,-21.138633090588435,14.125786212313765,18.15247544445685,22.52051313822193,19.48615437591715,1
2024-02-23,46554.8984375,47363.3984375,46317.69921875,46811.75,906900,45862.81548464218,44456.41154476311,42077.11734263153,56.71340076262484,1.8995059915776764,606.7840856664843,687.5863668171035,-80.80228115061914,0.6664360395984573,15.61033058250543,-21.138034268623866,13.717788572092456,17.894675329381172,24.729832367276064,18.450062077238396,1
2024-03-01,46615.8515625,47342.25,45661.75,47286.8984375,1000000,45998.44243253341,44567.4110307528,42180.28132470813,58.78988668299958,2.0764859203747434,648.6772298308715,679.8045394198571,-31.127309588985558,0.7112361353833617,15.62244505100317,-21.137198064942822,14.050978649168504,17.02697333021181,22.645923339146584,20.184522974053674,1
2024-03-08,47318.5,48161.25,47191.6484375,47835.80078125,783000,46173.42894193498,44695.58317783111,42292.27180899608,61.11078020745454,2.3208935244549598,717.8942422265463,687.422479981195,30.47176224535133,0.760914309426361,15.452538010847414,-21.136680332119955,13.570889252111332,16.85137220832823,25.721837660804717,19.18025099995365,0
2024-03-15,47792.19921875,47853.80078125,46310.5,46594.1015625,1000000,46213.49300103641,44770.03487919068,42377.456556590216,53.73788615664226,-7.372894050812277,664.8900351465054,682.9159910142572,-18.025955867751804,0.5650422606006744,14.03815384351326,-21.13750388404399,-14.035208981635362,15.887686908698806,23.70052810544533,22.159725391511724,1
2024-03-22,46458.75,46990.25,45828.80078125,46863.75,831400,46275.42223903294,44852.14135451653,42466.29405051912,55.00737156470476,1.2694854080624935,637.2958447259953,673.7919617566048,-36.496117030609526,0.5864134300928173,12.832234112904125,-21.13695430766836,13.630867508590423,14.914943390137994,22.281442873280152,23.316179526811283,1
2024-03-29,46552.94921875,47440.44921875,46529.05078125,47124.6015625,804800,46356.29646031551,44941.25744110412,42558.53776362765,56.25786785119018,1.2504962864854292,629.2225057101969,664.8780705473232,-35.65556483712635,0.6107440896529197,11.833775491807112,-21.13642202671525,13.598350320871573,14.067109700671834,23.587364707328152,22.19322145559564,1
2024-04-05,47391.05078125,48557.3984375,47279.80078125,48493.05078125,1000000,46559.79687183308,45080.54345444318,42676.0528728875,62.19421427287477,5.936346421684583,724.890653495997,676.880587137058,48.01006635893896,0.8424815936116679,10.81877199322132,-21.04279963985009,18.72149028046384,14.124162093232275,27.68631097059668,20.5200316637922,1
2024-04-12,48586.75,49057.3984375,48424.6484375,48564.55078125,866100,46750.72581558707,45217.17119274933,42792.656791864974,62.48072164690509,0.2865073740303216,797.2871720917537,700.9619041279972,96.32526796375656,0.8487643843943515,9.5431283962415,-21.042170230864848,13.671756808919556,14.514708634955372,29.46320527683613,19.809741375389294,0
2024-04-19,48057.5,48255.5,46579.05078125,47574.1484375,734200,46829.147017674026,45309.60167293563,42887.33979474884,56.13473028095392,-6.345991365951164,765.9157427483515,713.9526718520681,51.9630708962834,0.6081240398966857,8.55267492426611,-21.042703811538388,-13.50653811207064,13.622768546188045,26.377757867015887,27.469537295868047,1
2024-04-26,48145.69921875,48679.6484375,47628.44921875,48201.05078125,976500,46959.80451896698,45422.991834046,42992.56179448153,58.97509397182285,2.84036369086892,782.6179068069614,727.6857188430467,54.93218796391466,0.7455907502925604,8.766300982904038,-21.041994076565857,13.791731053363886,12.81698443703896,27.086125678262285,25.84655296417353,1
2024-05-03,48359.8984375,49974.75,48342.69921875,48923.55078125,1000000,47146.82797251774,45560.26865550499,43110.00712095219,62.02686693187935,3.051772960056504,844.4202529291579,751.032625660269,93.38762726888888,0.8922603008726148,9.17374479819797,-21.04108853336806,14.034566566646928,12.929813348961774,31.340715133831388,23.45237852729838,0
2024-05-10,49174.55078125,49252.6484375,47313.3515625,47421.1015625,1000000,47172.94926680177,45633.242494994985,43195.37532771551,53.16933916479293,-8.857527767086417,763.3643727208473,753.4989750723846,9.865397648462704,0.5463019317636502,9.167953986516372,-21.042069253099825,-14.114355839296593,12.253748286415076,28.25857473475532,26.36589029491115,1
2024-05-17,47389.80078125,48188.6484375,46983.25,48115.6484375,925400,47262.7301402016,45730.59174764224,43292.80647840431,56.277637801957376,3.108298637164445,746.565193096445,752.1122186771968,-5.547025580751779,0.7103479390438462,9.10113794383652,-21.041396243801287,13.737982436068242,11.389867048605394,26.51324528948432,26.42884978902172,1
2024-05-24,47927.1015625,49052.94921875,47435.25,48971.6484375,691200,47425.48426375383,45857.6920099896,43405.25879442601,59.81749951848607,3.5398617165286907,793.1804775149649,760.3258704447505,32.85460707021434,0.8825528078634447,9.510622703806272,-21.040893263860543,13.446185943230196,11.17702949348716,28.718874510598525,24.26302215021628,1
2024-05-31,49105.8984375,49688.8515625,48313.6015625,48983.94921875,1000000,47573.90949756299,45980.29033190178,43515.72791173936,59.86778231837275,0.0502827998866806,821.6445891389958,772.5896141835996,49.05497495539623,0.8526815846215411,9.994204069807692,-21.04015062956072,13.835216121726411,11.381435602086878,29.94161181394927,22.56969859550973,1
2024-06-07,50889.8515625,51133.19921875,46077.8515625,49803.19921875,1000000,47786.22280434271,46130.20832746445,43640.2322940564,63.173120166900375,3.3053378485276284,899.9353365465577,798.0587586561912,101.87657789036643,0.9605427353436994,10.426659330433957,-21.03863890113422,14.544893713312776,11.103300823652672,23.460068964433965,27.257577440532373,1
2024-06-14,49808.1484375,50252.94921875,49530.44921875,50002.0,816700,47997.24920392912,46282.04329501487,43766.207892193896,63.94905573849648,0.7759355715961078,966.8773196402616,831.8224708530054,135.05484878725633,0.9659652300536112,9.989448918773665,-21.0380429273152,13.613028333785437,10.845032815106622,22.703636510677715,26.37870039127684,1
2024-06-21,50194.3515625,51957.0,49900.19921875,51661.44921875,1000000,48346.22063391206,46493.00039006331,43922.54930460095,69.68993228098749,5.740876542491009,1140.6839127947023,893.5947592413448,247.0891535533575,1.1470429209524966,11.57245645402981,-21.03720327659271,13.95509944188742,10.633449111089757,28.11426302439109,24.005717433133903,1
2024-06-28,51280.25,53180.75,51138.8984375,52342.25,1000000,48726.79485925377,46722.38272770788,44089.27605104449,71.68226058949881,1.9923283085113184,1318.16681690095,978.509170773266,339.6576461276841,1.1310042235187676,12.915422379502198,-21.036346395484166,13.974564340769724,11.09218799134497,30.90594549047832,21.899549365663344,1
2024-07-05,52351.1484375,53357.69921875,51996.6484375,52660.3515625,363300,49101.41930718199,46955.244250640906,44259.00031859807,72.58889254338953,0.9066319538907236,1467.5741534012775,1076.3221672988682,391.2519861024096,1.065302703585399,14.339347872845844,-21.036080718502493,12.80298697075161,11.608625473669605,29.845075323953747,20.60200372960362,0
2024-07-12,52533.1015625,52794.55078125,51749.44921875,52278.8984375,840400,49404.03636721228,47164.01500306675,44417.8101823387,69.70680176396283,-2.8820907794267043,1537.4773825294396,1168.5532103449823,368.9241721844571,0.9445983599705154,15.123947596028149,-21.036695185878934,-13.64163443786184,11.898380106272771,28.451099111296223,20.744512861667165,0
2024-07-19,52330.05078125,52782.75,52146.30078125,52265.6015625,618400,49676.56638581111,47364.07722108375,44573.21199184684,69.60305873997308,-0.1037430239897503,1573.663040592481,1249.5751763944822,324.08786419799844,0.8907347851894202,15.758670626762784,-21.037147094586707,-13.334892393330367,12.167437979404289,27.605492958260136,20.127957147986592,0
2024-07-26,52145.6015625,52547.55078125,50438.30078125,51295.94921875,1000000,49830.79332228148,47518.26827981576,44706.33550129047,62.31927133543939,-7.28378740453369,1506.7289613331304,1301.005933382212,205.72302795091852,0.7407577872076219,15.879663374380746,-21.03793539966814,-13.891916815606866,11.43937875475611,24.95803838107694,25.96354037374997,1
2024-08-02,51546.6484375,52340.25,51087.8515625,51350.1484375,1000000,49975.49380944515,47668.53808992102,44837.89615349264,62.555146777405405,0.2358754419660158,1441.4406151318326,1329.092869732136,112.34774539969658,0.7252019396934115,15.253004632381897,-21.036995190108797,14.068058336467123,10.763323760439944,23.515941227794716,24.463344441264294,0
2024-08-09,50586.25,50747.55078125,49659.05078125,50484.5,836600,50023.97058949799,47778.967968747646,44949.71009104724,56.47450936423515,-6.080637413170251,1304.8075270523914,1324.2358011961871,-19.42827414379576,0.5920515976367922,14.359753613423168,-21.03760632097804,-13.637102533303889,11.03801839526624,21.69322505508687,29.1159642363282,1
2024-08-16,50412.6015625,50830.69921875,49654.6484375,50516.8984375,580200,50070.91609883152,47886.33779105166,45059.95144444234,56.64437234363759,0.1698629794024313,1185.473700613482,1296.4833810796465,-111.00968046616435,0.5774883021439681,13.45875742004622,-21.037182528339105,13.27112987421156,11.22749537506847,20.89093436155345,27.518526543804235,1
2024-08-23,50683.55078125,51117.8515625,50283.55078125,50933.44921875,661900,50153.06211025233,48005.83235684375,45176.25833106229,58.86703546694291,2.222663123305324,1111.6979877982303,1259.5263024233632,-147.82831462513286,0.6230958169621328,13.22577529152668,-21.036698840552347,13.402871276908108,11.168433349867994,21.43513058927774,26.411477878849592,1
2024-08-30,51100.6484375,51466.55078125,50938.1015625,51351.0,962000,50267.15143308544,48137.0154016734,45298.53044331849,61.024039811666654,2.157004344723745,1074.5364746917112,1222.5283368770329,-147.99186218532168,0.667026291738,13.034697576108591,-21.03599543534083,13.776770769148342,10.826039241796058,22.619682901379505,25.700023518249104,0
2024-09-06,51579.5,51750.1015625,50447.30078125,50576.8515625,752700,50296.64668350588,48232.69525111758,45403.0516535993,55.24020459164959,-5.783835220017068,971.4204682727432,1172.3067631561748,-200.88629488343167,0.5279740475832098,12.047252712369689,-21.036545844499468,-13.531423349572291,10.858377181117342,21.12225036057656,26.492622548583327,1
2024-09-13,50549.25,51994.1015625,50369.3984375,51938.05078125,716700,50452.97088329103,48378.00331112277,45532.45757691912,62.05099456780072,6.810789976151135,988.1469482918036,1135.4748001833009,-147.32785189149695,0.7295190851125749,11.575932002126208,-21.036021767110284,13.482414017264976,10.671590981523138,20.623855662221292,24.32952972074406,1
2024-09-20,52038.69921875,54066.1015625,51921.44921875,53793.19921875,847100,50771.08786762045,48590.36393495129,45696.03661933161,68.9789820923304,6.9279875245296765,1137.979855591169,1135.9758112648744,2.0040443262948884,0.9714549963695024,12.332916176541865,-21.035401982076767,13.649575210917115,10.86414683438621,28.526540600765404,21.79929806975152,1
2024-09-27,53917.8984375,54467.3515625,53741.3984375,53834.30078125,928800,51062.82243082327,48796.00851715908,45857.19036511217,69.11351839499449,0.1345363026640882,1245.6806357477471,1157.916776161449,87.76385958629817,0.949100705146795,11.648854733861318,-21.03472197903761,13.741649786023292,11.290300721961714,29.503452999190245,21.003055468026403,0
2024-10-04,53556.94921875,53726.3984375,51347.25,51462.05078125,947600,51100.84417848296,48900.55919418226,45968.1777000852,54.438559988110185,-14.6749584068843,1126.6264819017888,1151.658717309517,-25.032235407728194,0.5259690786170058,10.26082313794308,-21.03541574136144,-13.761688806563804,10.987085658697607,25.99971057945092,29.940887876837152,0
2024-10-11,51543.19921875,51784.80078125,50194.30078125,51172.30078125,1000000,51107.649569222674,48989.64709955746,46071.22964228648,52.95943493880719,-1.4791250493029937,997.3974271005136,1120.8064592677165,-123.4090321672029,0.4453089907761667,9.349964704247856,-21.03616562873003,-13.840204146163924,11.341791923559146,24.03400205281697,33.15779405365338,1
2024-10-18,51263.25,52199.44921875,51000.8984375,52094.19921875,569300,51201.60667870146,49111.39424148659,46190.49636657289,56.96584890640967,4.006413967602477,958.3249953946652,1088.3101664931062,-129.985171098441,0.6177285675825442,8.287626491080017,-21.03574919974146,13.252164571480751,11.37476427212877,24.64457208098635,31.24096868413791,0
2024-10-25,52361.1015625,52577.5,50382.1015625,50787.44921875,1000000,51162.16311108704,49177.12188765378,46281.52513592293,50.41180091594485,-6.554047990464817,812.5494435408618,1033.1580219026573,-220.60857836179548,0.2881860194977809,7.794744898432173,-21.03648143734451,-13.816710837340697,11.7480004680146,22.121899281626277,30.928264071583456,1
2024-11-01,51061.3515625,52354.8515625,51012.55078125,51673.8984375,1000000,51210.89980884065,49275.034693530106,46388.30480526109,54.2565662821089,3.8447653661640473,759.7919039141998,978.484798304966,-218.69289439076613,0.4866797965477181,7.219682879385632,-21.035427231682828,14.180987351722058,12.094576935622868,20.507867885877385,28.671713284870066,0
2024-11-08,51764.5,52493.94921875,50865.44921875,51561.19921875,1000000,51244.26165740345,49364.68820432304,46490.73835800344,53.686651982782045,-0.5699142993268538,700.8088009569692,922.9495988353668,-222.1407978783975,0.4578690723393503,7.224941107312427,-21.03623363947424,-13.912910371145044,12.504401505219525,18.960046245606843,27.189486772846816,0
2024-11-15,51562.69921875,52177.69921875,49904.3984375,50179.55078125,633100,51142.86062157931,49396.64359949665,46563.78414856278,47.148084242546936,-6.538567740235109,536.393573700363,845.638393808366,-309.2448201080029,0.134879179310485,7.593592869286852,-21.0366965015629,-13.358385246060273,13.43754607028121,17.027998605858848,28.726773346898543,1
2024-11-22,50312.44921875,51271.5,49787.1015625,51135.3984375,785300,51142.14993738128,49464.83006373208,46654.3111641853,51.54483823582146,4.3967539932745225,477.7154329158439,772.0538016298617,-294.33836871401786,0.3954920301624471,7.405599627612893,-21.036122333459748,13.573822362760856,14.369027056198757,15.88941575550892,27.33431657308532,1
2024-11-29,52046.3515625,52760.19921875,51759.44921875,52055.6015625,1000000,51229.14533024974,49566.4289460367,46761.26740969649,55.39219119643423,3.847352960612767,499.7049971682427,717.584040737538,-217.87904356929528,0.6406402176178305,7.348961084250676,-21.03536524093148,13.849719695663858,13.940648124931958,21.42263362129315,25.33724028053861,1
2024-12-06,52087.6484375,53888.30078125,51693.94921875,53509.5,869700,51446.32196546405,49721.05918344703,46894.89577782132,60.70144637139553,5.309255174961301,627.2191465435681,699.511061898744,-72.29191535517589,0.9668217084606262,7.990594734085846,-21.034728497195967,13.675904753398973,13.1566511922267,24.303001733740743,22.903475519539807,1
2024-12-13,53380.75,53775.1015625,52264.55078125,53583.80078125,584600,51649.89137649128,49872.53924610597,47027.349342245645,60.9571917239129,0.2557453525173727,725.902725936845,704.7893947063642,21.113331230480757,0.9222605778801848,8.630647144766277,-21.034300259115447,13.27868484222915,12.42865404042896,22.687457260826317,21.38096469180313,0
2024-12-20,53502.5,53738.8984375,50609.3515625,50759.19921875,725600,51565.06355194449,49907.31022542535,47101.24735960217,48.13317229388795,-12.824019430024949,569.6221837129124,677.7559525076738,-108.1337687947614,0.2988381106483797,8.763859314372358,-21.03483175673341,-13.494755555951905,12.440462978911505,19.757144416296597,25.450598095627697,1
2024-12-27,51044.3984375,51740.0,50951.80078125,51311.30078125,392300,51540.89566902121,49962.36867859494,47184.61475409024,50.33263596234346,2.199463668455508,484.7310324410282,639.1509684943447,-154.41993605331652,0.4092807133653832,8.52994750175398,-21.03454443443084,12.879784681263985,12.45142842178815,18.931856668020814,24.387485615805595,0
2025-01-03,51255.3515625,51979.75,50485.05078125,50988.80078125,785300,51488.31520351919,50002.62091791475,47259.94517046964,49.02484373954199,-1.3077922228014671,386.97037509193615,588.7148498138631,-201.74447472192696,0.3275397452263957,8.3639784591963,-21.03511950896777,-13.573822362760856,12.755613960823796,17.717251142089747,24.826287496411627,0
2025-01-10,50990.6484375,51026.1015625,48631.19921875,48734.1484375,698400,51226.013606755456,49952.87689907495,47289.13731437123,41.00353976004919,-8.0213039794928,126.10904205384576,496.1936882618597,-370.0846462080139,-0.0756530954695527,9.727867628745026,-21.035630669013194,-13.45654871535072,14.035501312167172,15.951380067964294,30.06710810007835,0
2025-01-17,48264.25,49459.0,47898.3515625,48540.6015625,743100,50970.26007873112,49897.493552542604,47313.918784631205,40.39256752016132,-0.6109722398878787,-95.14627205922444,377.9256961976429,-473.0719682568673,-0.0167568802807137,11.065468554286262,-21.03617425830648,-13.518587249858555,15.55385695968383,14.908580366104434,31.171320248406204,0
2025-01-24,48834.1484375,49650.6015625,48074.05078125,48367.80078125,724000,50722.406812304354,49837.50560072721,47334.7877350593,39.82205132512164,-0.57051619503968,-281.19484233803087,246.1015884905081,-527.296430828539,0.020889432677907,12.213907263099086,-21.036703591607814,-13.49254805258237,16.785830487921963,14.725630622364005,29.101620379529404,1
2025-01-31,47881.6484375,49674.80078125,47844.1484375,49587.19921875,1000000,50614.291803394415,49827.68966417908,47379.38994265713,45.65527377587244,5.833222450750803,-326.4809426437787,131.58508226365075,-458.06602490742944,0.2407124353614924,12.560960127667531,-21.03584160006369,13.980008378165644,18.041350373072078,13.596697522557587,27.833349789416506,1
2025-02-07,49074.80078125,50641.75,48906.05078125,50158.8515625,764700,50570.91654235685,49840.676405289705,47434.428786614415,48.190694118341625,2.5354203424691875,-312.6390286509122,42.74026008073815,-355.3792887316504,0.3488776794340247,11.867590873114574,-21.03528201944152,13.547240186733829,18.29318416157812,16.653943105464137,25.812743306244524,0
2025-02-14,50052.5,50155.6484375,48719.75,49099.44921875,611100,50430.77679725144,49811.60867248423,47467.39948824087,44.08577443744968,-4.104919680891946,-382.7421145835542,-42.35621485212032,-340.3858997314339,0.1967550886372022,11.27802765497505,-21.03572922610302,-13.323017527275058,18.635588702894623,15.640129162024422,25.02945387406238,0
2025-02-21,48880.3984375,49628.25,48525.6015625,48981.19921875,543200,50292.7217897751,49779.0435958672,47497.37572052817,43.63894616997804,-0.4468282674716377,-442.7374996922299,-122.43247182014224,-320.30502787208763,0.2074014953587351,11.677939113351714,-21.036126575308923,-13.20523469616749,19.070466281105613,14.892085398793592,24.67447135157418,0
2025-02-28,48619.80078125,48972.55078125,48078.69921875,48344.69921875,676800,50107.195830629855,49722.794796764574,47514.15440366128,41.2173370833865,-2.4216090865915447,-535.471918228177,-205.0403611017492,-330.4315571264278,0.1435903485073008,12.360849614597214,-21.036621431714888,-13.42513256481443,19.743755760318034,14.289659839778183,25.67947071988119,1
2025-03-07,48478.6015625,48839.1015625,47841.30078125,48497.5,661500,49953.89146580797,49674.74402042087,47533.62659368778,42.04872673737161,0.8313896539851129,-589.8356092523172,-281.9994107318628,-307.83619852045445,0.2008906143108908,12.57453964688835,-21.036137764928167,13.4022667742518,20.51130437991412,13.633028616249923,25.592746336460674,0
2025-03-14,48312.0,48599.1484375,47702.8984375,48060.3984375,735400,49773.5587964453,49611.43635050241,47544.05771930783,40.29311811917027,-1.755608618201336,-660.5749720575259,-357.71452299699547,-302.8604490605304,0.1692387287905452,13.211327303942925,-21.03667545041169,-13.508171207652572,21.30941695362417,13.052833012428952,25.1607662350619,1
2025-03-21,48219.55078125,50672.1484375,48196.1015625,50593.55078125,756700,49851.65327118861,49649.950641904274,47604.44372053441,52.63533013586807,12.342212016697792,-506.3947990039669,-387.45057819838974,-118.94422080557716,0.5599718135422665,12.98896723231614,-21.036122187188766,13.536723474209426,20.00785619001825,20.866682712495606,22.196280228160344,1
2025-03-28,50982.69921875,52063.94921875,50795.8984375,51564.8515625,1000000,50014.81501321826,49725.04479565313,47682.86763819709,56.36033727213756,3.7250071362694896,-302.3448028195125,-370.4294231226143,68.08462030310176,0.7088788684278973,12.990134200225516,-21.035313347253236,13.915809183847298,19.357468705967616,25.78632258722851,20.716395628440683,0
2025-04-04,51178.1484375,51893.6015625,50742.0,51502.69921875,807000,50156.51827088795,49794.7567338138,47758.50786751496,56.056537586813846,-0.3037996853237104,-143.9890690958564,-325.1413523172627,181.15228322140632,0.686415682224945,13.167059428135309,-21.03590385389904,-13.60108018640869,18.70895572061543,24.41345457648194,19.86263142433996,0
2025-04-11,49336.1015625,51244.69921875,49156.94921875,51002.3515625,680900,50237.07382247005,49842.11339376227,47822.74239612853,53.55386741153392,-2.502670175279931,-58.19405862465646,-271.7518935787415,213.55783495408505,0.6120461610454834,13.14307401785034,-21.03640181822659,-13.43117220011442,17.830024427285082,21.860391879259005,24.851802310882967,1
2025-04-18,52299.0,54407.19921875,51863.30078125,54290.19921875,699200,50623.0857649729,50016.54813199709,47950.81084806163,64.7049230247767,11.15105561324279,271.9658800906618,-163.00833884486082,434.9742189355226,1.0337001508456387,14.56707505345788,-21.035890467091143,13.45769353352839,17.96341695908535,31.83901484562122,21.360107207264477,1
2025-04-25,54891.25,56098.69921875,54176.44921875,54664.05078125,966700,51007.93957604691,50198.80313785015,48083.74629228318,65.71294230693795,1.0080192821612428,557.36178714579,-18.934313646730644,576.2961007925206,1.043459337376798,15.44253117951479,-21.035183052243283,13.78164452289925,18.797407109754527,36.25857213048992,19.679060955766577,1
2025-05-02,54610.30078125,55957.75,54582.3515625,55115.3515625,720200,51399.12166999482,50391.60895842465,48222.986000604295,66.94039274384563,1.227450436907688,810.6120696716534,146.9749630169462,663.6371066547073,1.0500354584914764,16.58360236272369,-21.034655696475365,13.487285618699142,19.57182653537591,34.185468055155354,18.553899674750465,0
2025-05-09,55065.80078125,55345.5,53483.05078125,53595.25,1000000,51608.27674904293,50517.24194044722,48329.36746593886,59.24678972827791,-7.693603015567724,878.5281256999297,293.2855955535429,585.2425301463868,0.8347499169202853,17.37081744598597,-21.035452627020337,-13.900312078351767,19.500594355997404,31.55451826983657,21.668557583168123,1
2025-05-16,54658.75,55499.6484375,54442.30078125,55354.8984375,809200,51965.09786222932,50706.95395993948,48468.486891118286,64.35406755217011,5.107277823892197,1062.0978099021377,447.0480384232619,615.0497714788758,0.9641339660161944,19.07745960170333,-21.03486024277185,13.603802620063396,19.50845853219315,29.72164848126897,19.975661650219408,1
2025-05-23,55326.05078125,55695.55078125,54576.6015625,55398.25,638100,52292.06473249319,50890.92635366734,48605.70992297733,64.472197370378,0.1181298182078904,1197.274777611543,597.0933862609181,600.1813913506248,0.9126985638985776,20.522174140782788,-21.03439286667319,13.366251857007692,19.614050183869782,29.146291116781924,19.034676017176675,1
2025-05-30,55534.8984375,55875.75,55037.8515625,55749.69921875,831300,52621.36325499384,51081.46646602352,48747.17505754709,65.47121547108169,0.9990181007036938,1317.574336399688,741.1895762886721,576.3847601110159,0.8932764404104441,21.39208921462866,-21.033783653465026,13.630747222453618,19.80620249914825,28.86667658150283,18.338048503720145,1
2025-06-06,55598.25,56695.0,55400.55078125,56578.3984375,1000000,52998.22374856586,51297.03242568927,48902.24878784319,67.77240276556606,2.3011872944843645,1462.918095505498,885.5352801320373,577.3828153734607,0.9120841303656588,22.255935803600497,-21.03300343891506,13.87745289944198,20.403488848883462,30.842325990869867,17.28556103364531,0
2025-06-13,57049.5,57049.5,55149.30078125,55527.3515625,766100,53239.09306417864,51462.9272937995,49033.43894179678,62.11786586416504,-5.654536901401016,1476.275784599733,1003.6833810255764,472.5924035741566,0.7906345943304096,22.04919517029396,-21.03356532220139,-13.549069293816682,21.132436832539224,29.828602840421816,15.847663742019892,1
2025-06-20,55554.1015625,56328.19921875,55381.44921875,56252.8515625,623200,53526.11768306639,51650.76746119952,49176.39760755328,64.33017183514191,2.212305970976871,1527.7921987379596,1108.505144568053,419.28705416990647,0.8175136659593288,22.406705699901035,-21.03310827049552,13.342624378158698,21.809317103076715,28.554119900125745,15.170542618016643,1
2025-06-27,55832.3515625,57475.3984375,55779.25,57443.8984375,732900,53899.23965967912,51877.94906811327,49340.11049527499,67.66838644675323,3.3382146116113205,1645.7556106839984,1215.9552377912423,429.80037289275606,0.8709425198957487,23.262187861723973,-21.0325704979421,13.504765910355635,22.99840214533261,31.53046090164533,14.015193003160736,0
2025-07-04,57529.94921875,57628.3984375,56623.6015625,57031.8984375,879700,54197.58811470967,52080.064729657846,49492.423127794296,65.38873110368888,-2.2796553430643485,1686.555940719394,1310.0753783768728,376.48056234252135,0.8053802054398537,23.075954750267947,-21.033215951677384,-13.687337355991286,24.172816720855643,30.775041274549,13.365801761529369,0
2025-07-11,56938.69921875,57363.69921875,56607.75,56754.69921875,497400,54441.12250557066,52263.38372923009,49636.23057513995,63.83064283234614,-1.55808827134274,1677.189242348613,1383.498151171221,293.6910911773923,0.7577030429228463,22.33241411391837,-21.03358071985683,-13.117151820803784,25.24561361724697,29.66151689103933,12.958062663927786,0
2025-07-18,56780.75,57276.55078125,56204.8515625,56283.0,679900,54616.53940980202,52421.01573984852,49767.84977167183,61.16000793249157,-2.6706348998545764,1613.108965578365,1429.4203140526502,183.6886515257152,0.6994030511652682,20.59251253058908,-21.034079109227623,-13.429702478318,25.779823818408108,28.10874548332793,14.247765231267463,1
2025-07-25,56558.8984375,57316.6015625,56255.69921875,56528.8984375,701200,54798.66884101135,52582.10917897211,49901.731923470405,62.05137511528005,0.8913671827884855,1564.136442147792,1456.3635396716786,107.77290247611336,0.7049504180779218,18.492830373645944,-21.03356510223317,13.46054985815484,26.29966044987203,26.82250489123421,13.494647469694431,0
2025-08-01,56215.1015625,56578.3984375,55547.3515625,55617.6015625,712200,54876.66243353408,52701.14809597321,50014.91746087693,56.84474609762838,-5.206629017651672,1435.246692256056,1452.1401701885543,-16.893477932498172,0.5944040912772791,14.97123595316272,-21.034087170552905,-13.4761154539248,25.96358397735824,25.41639956334241,16.388749165558703,0
2025-08-08,55557.5,55752.44921875,54905.6015625,55004.8984375,547200,54888.87538629273,52791.49124662131,50113.72896536451,53.58896292363541,-3.255783173992967,1269.0320042524836,1415.51853700134,-146.48653274885646,0.4919516848195832,13.122983283678868,-21.034488102842776,-13.212571472774188,24.97807747148945,24.29008644094905,19.02068456380178,1
2025-08-15,54999.3515625,55582.1484375,54927.55078125,55341.8515625,334200,54932.01597450295,52891.505376655776,50217.25614550581,55.11162355006034,1.5226606264249227,1151.2243697282902,1362.6597035467305,-211.43533381844009,0.5138930623571092,11.717633113429573,-21.034243254313367,12.71949788735918,24.06296428746843,23.42592342907092,18.34398989247575,0
2025-08-22,55940.6015625,56156.30078125,55102.6015625,55149.3984375,407500,54952.71906621695,52980.05020257124,50314.92232950569,54.021468200451984,-1.0901553496083525,1030.4531888933489,1296.2184006160542,-265.7652117227053,0.4481220003330672,9.904710873071828,-21.034541797392183,-12.917798665647773,23.680377636038877,25.23039557228467,17.278383960723037,0
2025-08-29,55147.75,55306.0,53606.44921875,53655.6484375,441900,54829.18853014867,53006.54425099982,50381.0753217432,46.35675594209608,-7.664712258355905,804.9292929241637,1197.960579077676,-393.0312861535124,0.0320620282414409,7.35045841438025,-21.034865441935512,-12.998841154071693,22.11828233689908,22.91790528181301,23.763322600866367,1
2025-09-05,53658.1484375,54450.55078125,53561.75,54114.55078125,455500,54761.12779215832,53049.99548748022,50455.005528862144,48.7619446258901,2.405188683794023,655.6713928152676,1089.5027418251946,-433.83134900992695,0.1505474061156602,7.435367982549416,-21.03453183518339,13.029153191069422,20.706552630106977,21.792970721873136,22.84374875582228,1
2025-09-12,54215.3984375,54852.25,54067.1484375,54809.30078125,464000,54765.71569588133,53118.98785194178,50541.22919722626,52.25237407273799,3.490429446847884,586.6810563445906,988.938404729074,-402.2573483844833,0.315933904950883,7.392509884867874,-21.034191888591543,13.047641986378483,19.430793274251855,23.10328823864156,21.824673645319923,1
2025-09-19,54884.05078125,55835.25,54777.75,55458.8515625,650300,54831.7286355593,53210.74721314015,50638.60785792476,55.3171341550857,3.0647600823477177,577.7589911599352,906.7025220152462,-328.943530855311,0.4697419554720514,7.355616824295827,-21.033715255950277,13.385190611607868,19.06556372353401,27.34873958952746,20.49821394777712,0
2025-09-26,55429.30078125,55666.3515625,54310.94921875,54389.3515625,747900,54789.59748574413,53256.96699154642,50712.88001049061,49.66459054334635,-5.652543611739354,478.8683817855199,821.1356939693011,-342.2673121837812,0.1780981556988319,6.885895021072379,-21.03426340419698,-13.525025895256016,18.261425836358267,25.231986132012324,21.57728953602696,1
2025-10-03,54460.3984375,55616.44921875,54226.6015625,55589.25,755100,54865.75486805421,53348.42907030931,50809.44179246108,55.19615432538686,5.531563782040507,491.6511884661304,755.238792868667,-263.5876044025366,0.4882974308983134,6.87070099430937,-21.033709977491025,13.534606794118544,17.430329582946822,23.24520514487944,20.356145515252912,1
2025-10-10,55834.69921875,56760.25,55727.25,56609.75,730900,55031.84964252524,53476.32400872855,50924.29938072918,59.29340297861098,4.097248653224121,577.4707528060171,719.6851848561371,-142.21443205011997,0.7342062285110047,7.016189199458578,-21.033173995538444,13.502033298643768,17.57880502522342,28.208419402705925,18.99877463349264,1
2025-10-17,56337.05078125,57830.19921875,56230.1484375,57713.3515625,672800,55287.23077776093,53642.48195201371,51058.736057595925,63.211482910490936,3.918079931879959,726.1640318152713,720.980954247964,5.18307756730735,0.9480692351463168,7.682750221250256,-21.0326803652885,13.419204873965572,18.418267572950672,31.66296069436597,17.301157691543715,0
2025-10-24,57872.8515625,58577.5,57482.05078125,57699.6015625,804400,55516.98037630751,53801.58468183671,51190.238344821744,63.12995261206069,-0.0815302984302448,833.2893754058241,743.4426384795361,89.84673692628803,0.9064195062015172,8.1540133889679,-21.0332705213642,-13.597853180042469,19.62213753505017,33.922416419200715,16.23179777725296,1
2025-10-31,57796.44921875,58469.8984375,57652.75,57776.3515625,1000000,55732.15858451632,53957.45789284311,51320.65642834013,63.41361575712532,0.2836631450646294,913.8458198097578,777.5232747455805,136.32254506417735,0.875021303600726,8.648833500678217,-21.032469426938093,13.903339184248042,20.74001678557114,32.31775536273054,15.46397117410702,1
2025-11-07,57726.8515625,58247.55078125,57157.8515625,57876.80078125,509200,55936.41022230048,54111.157613957104,51450.48106899181,63.80609574167647,0.3924799845511515,974.5586889175612,816.9303575799767,157.62833133758443,0.8584559976033773,9.13124504812845,-21.03209558832437,13.140598109528346,21.191988482066893,30.261941955752224,17.36929852546343,1
2025-11-14,57846.19921875,58615.94921875,57594.25,58517.55078125,628300,56182.23313267663,54283.95734600781,51590.42304349197,66.29025920828978,2.4841634666133103,1062.1336297978414,865.9710120235497,196.16261777429168,0.9460385174714614,9.677539433552292,-21.031634117545345,13.350774629986145,21.85323324104856,30.611723964472592,16.320987752438466,1
2025-11-21,58696.30078125,59440.1015625,58605.30078125,58867.69921875,694200,56437.99180754076,54463.71192925261,51734.52752220995,67.59899355140446,1.3087343431146792,1146.5744573559132,922.0917010900224,224.48275626589063,0.9543891557520872,10.496102140667636,-21.03112399709641,13.450516822915844,22.96645425492741,33.867051203416324,15.416219097361369,1
2025-11-28,58996.8984375,59897.5,58649.5,59752.69921875,705800,56753.67822765592,54671.1231955074,51893.30319936916,70.69572038285892,3.096726831454461,1270.2637159002115,991.7261040520604,278.5376118481512,1.0128891172123478,11.818212199372857,-21.03060508567571,13.467088607054269,24.253340300828903,34.07504781285514,14.264229854392838,1
2025-12-05,60102.05078125,60114.30078125,58925.69921875,59777.19921875,724900,57041.632607760126,54871.361470928685,52049.419952228185,70.77898245759336,0.083262074734435,1354.649730817815,1064.3108294052113,290.3389014126037,0.9471591924850384,12.919099176119714,-21.03007185129247,13.493790372788638,25.566792660591226,32.947786460679986,13.248792266664228,0
2025-12-12,59672.05078125,59713.1484375,58799.8984375,59389.94921875,578800,57265.28180880678,55048.560990451086,52194.77696740683,67.51371894242251,-3.265263515170844,1374.4347883080482,1126.3356211857788,248.09916712226936,0.8541899324441315,13.626294964079214,-21.03049763780638,-13.268714001450482,26.610560375366266,30.994075868191963,13.226465475600108,0
2025-12-19,59053.69921875,59533.0,58712.69921875,59069.19921875,657700,57437.08346689661,55206.23307783536,52330.90414070075,64.8453098447988,-2.6684090976237087,1348.6859326287886,1170.8056834743809,177.8802491544077,0.7825206988228613,13.95838097305267,-21.03098124610832,-13.39650569973834,27.452400806531653,29.417312419260437,13.094383059930244,0
2025-12-26,59224.75,59478.1484375,58947.05078125,59011.3515625,362000,57587.01376171598,55355.45341056731,52463.19022826113,64.35131592944398,-0.4939939153548209,1308.5280596449884,1198.3501587085025,110.17790093648593,0.748963957365813,13.96577678783666,-21.03124732577424,-12.799402253235032,28.234109778328083,28.40959483852527,12.645822707770646,1
2026-01-02,59007.05078125,60203.75,58737.6015625,60150.94921875,847400,57831.19809095732,55543.51206971172,52615.42307955794,69.31121842502913,4.9599024955851405,1353.061413109026,1229.2924095886074,123.76900352041866,0.8494133912109633,14.40245870158819,-21.03062435299825,13.649929297254143,29.44111375161585,30.35805074119537,11.47699065932939,0
2026-01-09,60360.3984375,60437.3515625,59154.19921875,59251.55078125,1000000,57966.4697757471,55688.92535251714,52746.83154889838,61.981655576875546,-7.329562848153579,1300.785829918641,1243.5910936546145,57.19473626402669,0.717303741801752,14.232176971280152,-21.031782357860248,-14.27014734475754,30.70504863219608,29.38420582585283,10.557297910839154,1
2026-01-16,59217.25,60235.1484375,58864.19921875,60095.1484375,1000000,58169.20107686642,55861.71841467333,52892.34277441524,65.65075633040796,3.669100753532412,1312.3009458102897,1257.3330640857494,54.96788172454035,0.7991114244745412,13.299390538439235,-21.03082244660879,14.082633482029944,31.38939614464233,26.903625090366432,11.451794011063985,0
2026-01-23,60093.30078125,60107.5,58278.6015625,58473.1015625,1000000,58198.143980260094,55964.12559694104,53002.85284942682,54.716327616794246,-10.934428713613713,1176.9737110153071,1241.261193471661,-64.2874824563537,0.566378741385679,11.923238862091605,-21.03217790061388,-14.427881970560964,31.103612241145388,23.99365381833968,13.676416250237745,1
2026-01-30,58366.05078125,60060.69921875,58121.6015625,59610.44921875,1000000,58332.64924106866,56107.11868014924,53133.69634188866,59.775314369924025,5.05898675312978,1148.2638818481282,1222.6617311469545,-74.39784929882626,0.7124945066652356,10.9579047585724,-21.030992640473123,14.293792948501562,30.60295318277904,21.356136266401226,13.063045864087153,1
2026-02-06,58239.30078125,61764.8515625,57829.8515625,60120.55078125,1000000,58502.92557822879,56264.50817431005,53272.04989514334,61.83470452263051,2.0593901527064844,1153.3766602003598,1208.8047169576355,-55.428056757275726,0.7706848672161707,10.317725346874443,-21.030175298482472,13.921131939593614,31.396509686124865,25.60809277440185,10.5327538567359,1
2026-02-13,60805.19921875,60876.19921875,60073.55078125,60186.6484375,1000000,58663.280136254616,56418.31759639594,53408.97263855634,62.10543490088623,0.2707303782557204,1149.511252169199,1196.9460239999482,-47.43477183074924,0.788058741111906,8.325986660046178,-21.029278793181582,14.012721548269704,32.13338358208885,24.56295829822828,10.102884116661826,1
2026-02-20,59947.80078125,61678.80078125,59861.1015625,61172.0,1000000,58902.2058375637,56604.73651418433,53562.69595264433,65.97975605008634,3.8743211492001066,1211.9864987012625,1199.9541189402112,12.032379761051288,0.9833653580598556,7.412349547794199,-21.028497118034927,13.874817606279484,33.28606877828094,26.336504775218216,9.18832338375915,0
2026-02-27,61145.55078125,61517.80078125,60438.94921875,60529.0,1000000,59057.13861493858,56758.6291999026,53700.64256744346,61.55692781244462,-4.422828237641717,1195.8290821813498,1199.129111588439,-3.3000294070891414,0.8243910710327288,6.643531120530734,-21.03050190358184,-14.817281862411289,34.35641931760217,24.89597990148912,8.685750681149562,0
2026-03-06,59204.30078125,60177.5,57696.3984375,57783.25,1000000,58935.81588970633,56798.81040774956,53781.48627897923,47.05234240331149,-14.504585409133128,950.5082677320606,1149.4049428171634,-198.89667508510277,0.1239314134392177,6.606948949101267,-21.03144331211124,-14.062840056950495,32.08423375257438,21.56135390765142,20.49078163872158,0
2026-03-13,56121.3984375,57097.05078125,53675.69921875,53757.8515625,1000000,58442.6764299724,56679.55711970056,53781.01826479152,34.294324644933155,-12.758017758378337,426.3589421067591,1004.7957426750826,-578.4368005683235,-0.3720215069439865,10.292403053442518,-21.03263346948092,-14.29836932966336,32.00916982907332,17.831527720204765,33.879044942101125,0
2026-03-20,53721.5,55554.1484375,53240.6015625,53427.05078125,1000000,57964.99779676074,56552.007851526025,53774.00900769169,33.4906724096423,-0.8036522352908548,-15.546819119415886,800.727230316183,-816.2740494355988,-0.1975027878311893,13.19131785714184,-21.033872497270643,-14.339825391871813,32.12054661466922,16.138176405013112,32.447699277371186,0
2026-03-27,52576.1015625,54146.1484375,51323.6015625,52274.6015625,1000000,57423.05529825972,56384.26642842696,53744.31777115324,30.784142002763545,-2.7065304068787555,-453.5253809020869,549.876708072529,-1003.402088974616,-0.1527635264110399,16.444881871306823,-21.035146742294557,-14.369108848451807,32.92866550750858,14.347994140224747,36.38229504303976,0
2026-04-03,51527.8984375,52025.8515625,49954.8515625,51548.75,1000000,56863.59765080641,56194.63833319454,53700.84118162545,29.184398022308216,-1.5997439804553295,-849.4052860776719,270.02030924248885,-1119.4255953201607,-0.0841439442590169,19.59655271883786,-21.03607910945356,-14.05782987347037,34.093164379283905,13.06523606697925,38.404768347014425,1
2026-04-10,51747.6015625,55978.5,51111.1015625,55912.75,1000000,56773.04073168199,56183.58388875554,53744.641356246735,47.01291037507626,17.828512352768044,-801.762416502097,55.66376409357167,-857.4261805956687,0.3138718482597508,19.911703582467734,-21.03486566161789,14.321183529589216,32.59812737004929,24.517546602428588,31.950195777223065,1
2026-04-17,54646.0,56834.25,54356.19921875,56565.69921875,1000000,56753.29392092657,56198.56880365728,53800.503888177496,49.07860352032561,2.065693145249348,-703.2113711337443,-96.11126295189152,-607.1001081818528,0.38374293081367,19.900058105535557,-21.03393934483128,14.050109050212246,30.778674879878498,25.362588383304317,29.25448791399953,0
2026-04-24,56704.05078125,57456.30078125,55750.3984375,56089.75,1000000,56690.0992617907,56194.30139959229,53845.8354943522,47.62125809471802,-1.4573454256075848,-655.9526678977563,-208.0795439410645,-447.8731239566919,0.3580595886040601,19.910192752846925,-21.03519696094698,-14.356031479510238,28.782444223019173,26.0161415696703,27.53233767398085,0
2026-05-01,56162.6015625,56474.94921875,54440.25,54863.3515625,1000000,56516.123290429685,56142.10728833377,53865.98432738483,43.99599829309327,-3.6252598016247504,-709.2837282638939,-308.3203808056304,-400.96334745826346,0.2740014259811831,20.25055849217372,-21.03603127563441,-13.94671512061835,27.507277411177224,24.187219432537457,30.123432847857284,1
2026-05-08,54937.8984375,56334.1484375,54221.6484375,55310.55078125,1000000,56401.306860984005,56109.49722923245,53894.58960369899,45.62161700951332,1.6256187164200495,-707.3103053653977,-388.1183657175839,-319.1919396478138,0.3293481225990923,20.41175112491196,-21.034414478753405,14.607915117876471,26.41706938927977,22.424601266935436,28.68231920299824,0
2026-05-15,54832.44921875,55002.44921875,53191.6015625,53710.3515625,1000000,56145.02540398553,56015.413085439024,53890.94132565544,41.03196605280501,-4.589650956708312,-825.3548797427575,-475.5656685226186,-349.78921122013884,0.2221252144133104,21.01718285612396,-21.03572059268526,-14.394369152660053,25.841376371722077,20.788172436646743,30.136624349802197,1
2026-05-22,53282.1484375,54213.05078125,52783.44921875,54055.3515625,1000000,55946.00884765357,55938.54792767672,53894.19697390978,42.37791224537667,1.3459461925716596,-880.912824001447,-556.6350996183844,-324.2777243830626,0.2746842645548685,20.97619210995118,-21.034757425588328,14.089956163627663,25.47514803717408,19.74145216033631,30.056738947893685,1
2026-05-29,54610.55078125,55536.80078125,54116.1484375,54239.19921875,1000000,55783.45554966275,55871.906801836456,53901.028701530384,43.122939024010414,0.7450267786337434,-899.7363254263328,-625.2553447799742,-274.4809806463586,0.3104708803399939,20.989300613845312,-21.033369091315176,14.454413251543306,24.345332531400544,23.4450370194608,28.4576598413666,1
2026-06-05,54403.8515625,54865.5,53027.1484375,54496.25,1000000,55660.86454493296,55817.95947627424,53912.81526189612,44.20909406166936,1.0861550376589475,-883.7252021076492,-676.9493162455092,-206.7758858621401,0.3511917071489222,20.4457445061312,-21.03211343179548,14.352647580939273,23.78054973681434,21.888797379773344,30.500794044617862,1
2026-06-12,53853.44921875,56867.1015625,53843.30078125,56814.80078125,1000000,55770.76323410601,55857.05129215565,53970.2803216853,52.93880718498287,8.729713123313509,-676.1543143695599,-676.7903158703193,0.6360015007594484,0.5610781604900787,20.169417774795846,-21.030842959629123,14.363112178228263,22.180319596397773,26.550231083492925,27.29181250226399,1
2026-06-19,57679.6484375,58021.25,57076.25,57685.75,1000000,55953.14292609591,55928.764966973074,54043.85397868163,55.74039959471117,2.8015924097282934,-436.3446576446222,-628.7011842251799,192.35652658055767,0.6512715832466578,19.569464068606493,-21.02936781720765,14.51110524094514,21.03600911688998,29.539499694888185,26.111418240751554,1
2026-06-26,57906.8984375,58706.05078125,57074.8984375,58177.05078125,1000000,56164.943674205824,56016.93303812119,54125.69945992061,57.28515649979836,1.5447569050871977,-204.294925151924,-543.8199324105287,339.5250072586048,0.7139020136692845,18.78248783767272,-21.02852777480612,13.946890512905572,20.277429236214605,30.276676972328843,24.56448177105433,0
2026-07-03,58191.44921875,58396.1015625,57456.6484375,57938.5,1000000,56333.85380047194,56092.28860525369,54201.20046071426,56.258421722236456,-1.0267347775619058,-39.19112383825268,-442.8941706960736,403.7030468578209,0.7132821954098394,17.815414243084675,-21.029844980478547,-14.396944307990562,19.57303363273033,29.203569475819886,23.69383372865298,1
