Date,Open,High,Low,Close,Volume,ema_20,ema_50,ema_100,rsi_14,rsi_change,macd,macd_signal,macd_hist,bb_percent,bb_width,obv,obv_slope,adx,plus_di,minus_di,label
2009-11-27,5052.9501953125,5138.0,4806.7001953125,4941.75,0,4742.753326547241,4365.808882102919,4457.546929682467,58.8692143874796,-3.439714959114376,256.42070128479645,294.13818107449185,-37.7174797896954,0.6617547624817618,18.148755246632536,0.0,0.0,26.924642423044705,25.38952705881102,20.78005232550005,1
2009-12-04,4942.25,5181.0,4942.25,5108.89990234375,0,4777.624429004051,4394.949706426089,4470.445008349027,62.25725117021096,3.388036782731369,255.2418030120607,286.3589054620056,-31.117102449944923,0.8319391317871755,16.900874287266557,0.0,0.0,25.89548185869371,24.87614865542628,19.34167179834481,1
2009-12-11,5108.85009765625,5182.5498046875,5051.5498046875,5117.2998046875,0,4809.974464783428,4423.277161259869,4483.254014217116,62.42475921805261,0.1675080478416504,252.07950394816908,279.50302515923835,-27.42352121106927,0.8103515771415939,16.713625982134246,0.0,0.0,24.946649305959077,23.947013407859146,18.583179437524773,0
2009-12-18,5117.4501953125,5156.7001953125,4979.0498046875,4987.7001953125,0,4826.900724833815,4445.411397889384,4493.243047506133,58.13756528479654,-4.287193933256077,236.39078793431415,270.88057771425355,-34.48978977993937,0.632894111137966,16.211229054766175,0.0,0.0,23.64657213574404,22.64982910247799,19.78720942008058,1
2009-12-25,4983.64990234375,5197.89990234375,4943.9501953125,5178.39990234375,0,4860.376836977618,4474.156045122889,4506.810509978165,62.24628881672324,4.1087235319267,236.6176589922297,264.0279939698488,-27.410334977619076,0.8524989300080787,15.059576320354234,0.0,0.0,22.64515041404266,22.15518844600572,18.264152657299224,1
2010-01-01,5180.75,5221.85009765625,5160.10009765625,5201.0498046875,0,4892.821881521416,4502.661682752874,4520.557822744687,62.714373970517606,0.4680851537943695,235.90573925030003,258.4035430259391,-22.497803775639056,0.8550449484868743,14.379649163020236,0.0,0.0,21.837743256109444,22.483771791710957,17.903292955016507,1
2010-01-08,5200.89990234375,5310.85009765625,5167.10009765625,5244.75,0,4926.338845186043,4531.763185390017,4534.898261898257,63.65077545923037,0.936401488712768,236.14563834636283,253.95196209002384,-17.80632374366101,0.90433261945165,12.928237534982584,0.0,0.0,21.53493997661823,24.34464635258055,17.05834246542502,1
2010-01-15,5263.7998046875,5300.5,5169.5498046875,5252.2001953125,0,4957.373259483801,4560.015617151682,4549.102260579727,63.81761034414495,0.1668348849145786,234.23679266767977,250.00892820555504,-15.772135537875272,0.8774255030244466,12.797487866397905,0.0,0.0,21.25376550280496,23.2673664588453,16.303490285922944,0
2010-01-22,5253.64990234375,5292.5,4954.85009765625,5036.0,0,4964.861520485344,4578.681671381028,4558.743799974188,55.81203287822724,-8.00557746591771,212.8251539182238,242.5721733480888,-29.74701942986502,0.5141826030394826,11.243189447671234,0.0,0.0,19.863686094723363,20.721208587453244,21.47768871921711,0
2010-01-29,5034.5498046875,5035.7001953125,4766.0,4882.0498046875,0,4956.974690409359,4590.578460922457,4565.145899077421,50.91424183103921,-4.897791047188029,181.34336833268756,230.32641234500855,-48.983044012321045,0.2310029720597688,10.978101044344603,0.0,0.0,19.52056652487082,18.936679069076146,25.65169335949787,0
2010-02-05,4882.0498046875,4951.14990234375,4692.35009765625,4718.64990234375,0,4934.277091545968,4595.600870389959,4568.185582310417,46.27278532198201,-4.6414565090572,141.57681056921683,212.57649198985024,-70.99968142063341,0.0134177539672384,12.249946950288848,0.0,0.0,19.527714654334563,17.390677211875737,25.880822548427883,1
2010-02-12,4755.35009765625,4843.7998046875,4675.39990234375,4826.85009765625,0,4924.045949270757,4604.669467537657,4573.307651921225,49.552354820844855,3.279569498862841,117.43861923451186,193.54891743878255,-76.11029820427072,0.2098929478720759,12.67621748920002,0.0,0.0,19.609752819747158,16.449602354185007,25.02499293565904,1
2010-02-19,4827.89990234375,4929.7001953125,4783.89990234375,4844.89990234375,0,4916.508230515804,4614.090268902602,4578.685716286028,50.09956727050791,0.547212449663057,98.62846948313928,174.56482784765393,-75.93635836451466,0.2616598479639104,12.950571125878104,0.0,0.0,19.109437564299505,18.489373783169537,23.822990892472667,1
2010-02-26,4849.35009765625,4992.0,4833.14990234375,4922.2998046875,0,4917.059809008346,4626.176917364755,4585.489955660314,52.47993829863446,2.3803710281265467,88.94155269130079,157.44017281638332,-68.49862012508254,0.38330908657663,12.99022151095812,0.0,0.0,18.24556366328168,19.59531234230753,22.552034243352512,1
2010-03-05,4935.60009765625,5118.64990234375,4935.35009765625,5088.7001953125,0,4933.406512465884,4644.315085127412,4595.454514861347,57.20622002307904,4.726281724444583,93.61261425534484,144.67466110417564,-51.06204684883079,0.6454802466596157,12.839724816115655,0.0,0.0,17.19055793544557,22.57299354664725,21.056652411782224,1
2010-03-12,5092.14990234375,5158.10009765625,5092.0498046875,5137.0,0,4952.796368421514,4663.636062181239,4606.178187834389,58.49655500929776,1.290334986218717,100.05844332754076,135.75141754884868,-35.69297422130791,0.7060879949688778,13.057359622467244,0.0,0.0,16.430415240777194,23.416696900914072,20.538278848625747,1
2010-03-19,5134.4501953125,5269.9501953125,5101.2001953125,5262.7998046875,0,4982.320505208751,4687.132679534426,4619.180596088906,61.73298134999165,3.236426340693889,114.0036392044458,131.4018618799681,-17.398222675522305,0.8676526957418867,12.59183804507158,0.0,0.0,16.315961423212624,26.01262715499505,19.294463722256783,1
2010-03-26,5260.9501953125,5293.75,5187.0498046875,5282.0,0,5010.861409474584,4710.460809748762,4632.305732800016,62.21724906746727,0.4842677174756247,125.1618152103747,130.15385254604942,-4.992037335674723,0.8606673053583851,12.494670601973423,0.0,0.0,16.330737016655178,25.865799408326463,18.53031024289649,1
2010-04-02,5283.89990234375,5329.5498046875,5235.14990234375,5290.5,0,5037.493656191291,4733.207444660575,4645.339282645559,62.44383870718757,0.2265896397202951,133.15569310436058,130.75422065771167,2.40147244664891,0.835115362915716,13.05090688878926,0.0,0.0,16.530650924964633,26.30424865536929,17.85650354892317,1
2010-04-09,5291.39990234375,5399.64990234375,5290.25,5361.75,0,5068.375212744501,4757.856172320945,4659.525633484261,64.37261157647563,1.928772869288068,143.5850197380596,133.32038047378126,10.264639264278344,0.89153493974643,13.938634610491285,0.0,0.0,17.07315872493705,27.94402844020824,17.081320709174282,0
2010-04-16,5354.14990234375,5382.14990234375,5237.5498046875,5262.60009765625,0,5086.872820831335,4777.65005174586,4671.467702081725,59.77225358796999,-4.60035798850565,142.21045415313165,135.09839520965136,7.112058943480292,0.7278424744972034,13.96475200165129,0.0,0.0,17.154570782737544,26.31775735805549,18.208265145623752,1
2010-04-23,5279.0498046875,5331.7998046875,5160.89990234375,5304.10009765625,0,5107.561132909898,4798.295151585483,4683.995076251518,61.027668764333264,1.2554151763632788,142.82342465892089,136.64340109950527,6.180023559415616,0.7642889549056309,14.36613857898623,0.0,0.0,16.64389137841213,24.50275670973484,20.04566116351921,0
2010-04-30,5299.35009765625,5342.35009765625,5202.4501953125,5278.0,0,5123.793405966099,4817.107106425268,4695.757549989112,59.76443647393573,-1.2632322903975393,139.5939957588689,137.23352003137802,2.3604757274908934,0.7135758429317612,14.626673922139084,0.0,0.0,16.2351747214349,23.530640220843228,18.896777795366877,0
2010-05-07,5278.39990234375,5278.7001953125,4984.60009765625,5018.0498046875,0,5113.722586796709,4824.987212239474,4702.139574834624,48.90632764313842,-10.858108830797306,114.73623393750132,132.7340628126027,-17.99782887510139,0.3636178267051739,14.548667381705137,0.0,0.0,15.758720393563747,20.82812486306784,25.233868957110623,1
2010-05-14,5026.60009765625,5212.7001953125,5026.60009765625,5093.5,0,5111.796626149404,4835.517125484985,4709.889286224037,51.65197647246167,2.745648829323251,99.97206308885144,126.18166286785244,-26.209599779001024,0.470547895834197,14.527832067025662,0.0,0.0,15.316298517683396,19.25211923512604,23.32449306501245,0
2010-05-21,5093.89990234375,5105.2001953125,4842.2998046875,4931.14990234375,0,5094.592176263152,4839.267430459839,4714.270684563042,45.93228279582396,-5.719693676637711,74.31440505435239,115.80821130515244,-41.49380625080006,0.2739747142184152,14.80653732903192,0.0,0.0,15.89647603965428,17.34331916212288,27.96243753469556,1
2010-05-28,4944.2998046875,5077.25,4786.4501953125,5066.5498046875,0,5091.921474208328,4848.180464743276,4721.2465087239225,50.82326412587939,4.890981330055432,64.1664953276304,105.47986810964804,-41.31337278201765,0.4644887767159622,14.615145863542644,0.0,0.0,16.69595151240349,15.51134659984042,27.037445275347288,1
2010-06-04,5076.10009765625,5147.89990234375,4961.0498046875,5135.5,0,5096.071809998011,4859.447897498442,4729.449548155132,53.14756309145199,2.324298965572602,60.98491217261835,96.58087692224213,-35.595964749623775,0.5661264180877605,14.373745768608506,0.0,0.0,16.884651018403527,17.030256020673736,25.19582837397243,0
2010-06-11,5132.9501953125,5139.0498046875,4967.2998046875,5119.35009765625,0,5098.288789774986,4869.640140641886,4737.17035111555,52.52139971176428,-0.6261633796877177,56.50892276537161,88.56648609086804,-32.05756332549643,0.5383959238388749,14.341266834510016,0.0,0.0,17.059871988260706,15.954520533225647,23.60430522337323,1
2010-06-18,5120.14990234375,5302.2998046875,5120.14990234375,5262.60009765625,0,5113.937485763679,4885.050335034607,4747.574900551999,57.3242086014202,4.802808889655928,63.78546755723892,83.61028238414221,-19.82481482690329,0.7120059735165353,14.0533843712262,0.0,0.0,16.02505235272069,20.905533242318995,22.00947773620432,1
2010-06-25,5266.5,5366.75,5259.89990234375,5269.0498046875,0,5128.710087565947,4900.109137766093,4757.901136277455,57.53250610850837,0.2082975070881687,69.27407081766523,80.74304007084682,-11.468969253181584,0.707148189240991,12.326173414985538,0.0,0.0,15.109613440166523,22.51215316778952,21.11228525774525,0
2010-07-02,5271.10009765625,5339.4501953125,5210.0,5237.10009765625,0,5139.0329456697855,4913.324469526492,4767.390224621589,56.07246949188905,-1.4600366166193195,70.23611587883806,78.64165523244507,-8.405539353607011,0.6381281645090788,11.048878376265062,0.0,0.0,14.132050008697345,21.375309446892384,21.99275154656944,1
2010-07-09,5237.0,5359.0498046875,5225.85009765625,5352.4501953125,0,5159.35839801671,4930.545086223983,4778.975570575864,60.01754799599144,3.945078504102391,79.39116050186385,78.79155628632884,0.5996042155350096,0.8270606334663748,9.95031074917761,0.0,0.0,13.155908421270452,21.02232790858957,20.82728036638804,1
2010-07-16,5352.25,5453.4501953125,5351.60009765625,5393.89990234375,0,5181.695684143096,4948.715863326719,4791.152290016813,61.36043440377262,1.3428864077811795,88.96570302664804,80.82638563439268,8.139317392255364,0.8825895957034234,9.364558602392874,0.0,0.0,12.87605067478832,24.0188099735591,19.956422029328017,1
2010-07-23,5392.7001953125,5477.5,5353.60009765625,5449.10009765625,0,5207.162771144349,4968.338774476897,4804.180959475019,63.13615377239888,1.7757193686262551,99.85670545103405,84.63244959772095,15.224255853313082,0.9321230037123952,9.909127614567934,0.0,0.0,12.769235876018314,23.77949309705581,18.92001437842763,0
2010-07-30,5446.5498046875,5466.25,5349.2001953125,5367.60009765625,0,5222.442516526435,4983.996081268245,4815.33777409247,58.8368956105193,-4.299258161879578,100.75014945360364,87.8559895688975,12.894159884706127,0.7488533415347828,10.0303888084757,0.0,0.0,12.633216770200502,22.586125920528826,18.1591631416476,1
2010-08-06,5369.5498046875,5487.14990234375,5351.2998046875,5439.25,0,5243.090848285821,5001.849176120471,4827.692471635192,61.32995572062584,2.4930601101065406,106.01765306761264,91.48832226864052,14.529330798972095,0.8493694016451151,10.5607123880341,0.0,0.0,12.654214714614346,22.16106334984825,17.087347495942574,1
2010-08-13,5439.7998046875,5492.2998046875,5372.4501953125,5452.10009765625,0,5262.996491083006,5019.506075004227,4840.056979081153,61.777075671448216,0.4471199508223762,109.9615152213364,95.18296085917972,14.778554362156695,0.8399962572713079,11.077518337728694,0.0,0.0,12.711663723859935,21.212489928122917,16.180018822330666,1
2010-08-20,5452.10009765625,5546.60009765625,5397.39990234375,5530.64990234375,0,5288.487292155458,5039.550930978326,4853.732086472492,64.48064675949092,2.7035710880427075,118.06439431717264,99.75924755077833,18.30514676639432,0.91992404856148,11.957630335982111,0.0,0.0,13.165559895825766,22.221426432116072,15.104740929045809,0
2010-08-27,5531.14990234375,5549.7998046875,5391.9501953125,5408.7001953125,0,5299.936140075176,5054.0273727169215,4864.721553974274,57.66163877315023,-6.819007986340694,113.3391589246121,102.47522982554509,10.863929099067008,0.7200945750435653,12.084967756859392,0.0,0.0,13.527886070637178,20.657292636330222,14.284554423005847,1
2010-09-03,5408.89990234375,5513.9501953125,5348.89990234375,5479.39990234375,0,5317.027926957898,5070.708648388562,4876.893402456838,60.28392261331658,2.6222838401663537,113.98529974575922,104.77724380958792,9.208055936171306,0.8018313853895184,12.550745945355663,0.0,0.0,13.392552596251804,19.14022003908399,15.151042866091895,1
2010-09-10,5479.5498046875,5647.4501953125,5479.5498046875,5640.0498046875,0,5347.791915313098,5093.035752557148,4892.005410421802,65.51115533797469,5.227232724658101,126.00793448210516,109.02338194409135,16.984552538013787,0.9687447448062212,13.850474235661558,0.0,0.0,14.259255474792695,23.634130570613408,14.021903392264226,1
2010-09-17,5639.2001953125,5901.64990234375,5639.2001953125,5884.9501953125,0,5398.949846741612,5124.091220900496,4911.667683389934,71.63915055303843,6.1279952150637484,153.52760329141165,117.92422621355544,35.60337707785621,1.124157164749716,16.79598945364848,0.0,0.0,16.360941932081396,31.789733296566297,12.460126424100162,1
2010-09-24,5885.0498046875,6037.39990234375,5885.0498046875,6018.2998046875,0,5457.935557022172,5159.15822418626,4933.58119074236,74.31524899152973,2.6760984384912945,183.9765707327042,131.1346951173852,52.841875615319,1.1212480890162733,19.212661069163907,0.0,0.0,18.80716735548139,35.51919860676706,11.648515628439098,1
2010-10-01,6018.2998046875,6153.10009765625,5963.60009765625,6143.39990234375,0,5523.217875624227,5197.755937055182,4957.537996912685,76.5506913572743,2.235442365744575,215.7154952278597,148.05085513948012,67.6646400883796,1.0975115291384052,22.02093233632957,0.0,0.0,21.4364757801236,37.56726172340261,10.714281511750254,0
2010-10-08,6144.7001953125,6223.39990234375,6067.0,6103.4501953125,0,5578.47809654692,5233.273358947626,4980.229327574068,74.32600127211455,-2.22469008515975,234.9370065052999,165.4280854126441,69.50892109265581,0.9962346921144845,22.612503039260208,0.0,0.0,24.07526956690005,38.0584366616826,10.001337897961353,0
2010-10-15,6105.9501953125,6284.10009765625,6050.35009765625,6062.64990234375,0,5624.589697098999,5265.797929276886,5001.663398361586,72.02386415943398,-2.302137112680569,244.0645260840747,181.15537354693024,62.90915253714448,0.912264856067566,23.00454212331383,0.0,0.0,26.688205958034764,36.88881090716054,9.033811184722047,1
2010-10-22,6112.75,6127.0498046875,5966.75,6066.0498046875,0,5666.633516869332,5297.180355763577,5022.740356902693,72.10141035771665,0.0775461982826613,248.7055717976118,194.66541319706656,54.04015860054525,0.8716454120442179,23.228054024840148,0.0,0.0,28.25329750989188,34.42903379382295,11.90899109496951,0
2010-10-29,6101.25,6151.2998046875,5937.10009765625,6017.7001953125,0,5700.0684386258245,5325.436035745888,5042.442531920709,69.16530075662874,-2.936109601087906,245.6505182977044,204.8624342171941,40.78808408051023,0.8047178307112267,22.66617262839596,0.0,0.0,29.41082673686284,31.41461616744261,12.078250254798595,1
2010-11-05,6092.2998046875,6290.14990234375,6084.75,6281.7998046875,0,5755.471425869793,5362.940497273011,5066.984260094309,75.12418882074164,5.958888064112898,261.5252968641844,216.19500674659216,45.3302901175922,0.9461810125804724,23.75124594196525,0.0,0.0,30.97450025202005,33.508068501902315,10.784818331434623,0
2010-11-12,6335.25,6335.89990234375,6056.75,6071.64990234375,0,5785.583661724455,5390.733022962059,5086.878629247764,64.450850402252,-10.673338418489635,254.2183614017922,223.79967767763225,30.41868372415999,0.7634221926519339,23.33703754374422,0.0,0.0,32.57219341343134,31.69902121931636,9.64513620980366,0
2010-11-19,6079.89990234375,6144.0498046875,5863.9501953125,5890.2998046875,0,5795.556627720936,5410.323877147372,5102.787959454491,56.93354804939175,-7.517302352860248,231.12980461506777,225.2657030651193,5.86410154994843,0.6087537835277422,21.99837630132128,0.0,0.0,32.30609533961558,28.450266343058537,15.711112663655886,0
2010-11-26,5920.89990234375,6020.25,5690.35009765625,5751.9501953125,0,5791.403634158228,5423.720987663652,5115.642657194253,51.95497029783967,-4.978577751552081,199.370085534415,220.08657955897849,-20.716494024563477,0.4829114288590303,20.981314678055536,0.0,0.0,30.824615371439037,25.17734618853216,19.95734907215423,1
2010-12-03,5789.9501953125,6029.5,5754.7001953125,5992.7998046875,0,5810.584221827683,5446.037804017527,5133.012105659465,58.72213789912265,6.767167601282978,191.4281652300924,214.35489669320128,-22.926731463108865,0.6621140477762646,20.22015663508204,0.0,0.0,29.497199857415968,23.115400163735373,18.073544568591164,0
2010-12-10,6033.64990234375,6069.4501953125,5721.14990234375,5857.35009765625,0,5815.038114763737,5462.167697885712,5147.355432233659,54.10656869956371,-4.615569199558941,172.21924061047866,205.9277654766568,-33.708524866178124,0.530447803187453,19.3714387309585,0.0,0.0,28.479639945695645,21.7979266645759,16.028831228415537,1
2010-12-17,5882.64990234375,5956.14990234375,5795.89990234375,5948.75,0,5827.772580024334,5481.249356792156,5163.224631595369,56.58628881912984,2.4797201195661245,162.49806121671645,197.2418246246687,-34.74376340795226,0.5919538035141748,17.967671091054598,0.0,0.0,27.534762884812487,20.640891826474384,15.178020211812498,1
2010-12-24,5926.85009765625,6023.7998046875,5900.25,6011.60009765625,0,5845.279962655945,5502.047425061336,5180.0241457747925,58.2565536852942,1.6702648661643664,158.04360582134177,189.40218086400333,-31.35857504266156,0.632483647960198,16.80415044807316,0.0,0.0,27.03946380753926,22.080902725660035,14.537334921449236,1
2010-12-31,6013.2998046875,6147.2998046875,5982.25,6134.5,0,5872.824728117284,5526.849486823638,5198.924657739648,61.38510681982324,3.128553134529035,162.55656197123153,184.03305708544897,-21.476495114217443,0.7365644544423969,15.701478669221352,0.0,0.0,27.20562268469832,25.100608236987597,13.70505748166648,0
2011-01-07,6177.4501953125,6181.0498046875,5883.60009765625,5904.60009765625,0,5875.850953787662,5541.663236268054,5212.898428827106,53.33278007736305,-8.052326742460188,145.90026404447963,176.40649847725513,-30.5062344327755,0.4663833128618864,14.487482009036508,0.0,0.0,26.55851898744999,22.590500337912825,15.651111999390007,0
2011-01-14,5901.2998046875,5907.25,5639.64990234375,5654.5498046875,0,5854.77465387336,5546.090160519797,5221.644000626321,46.22961490977937,-7.103165167583676,111.24074498704522,163.37334777921313,-52.13260279216792,0.11706724202369,12.791432377559634,0.0,0.0,24.94872644004752,20.59510245452361,22.320938119839106,1
2011-01-21,5648.7998046875,5747.64990234375,5624.14990234375,5696.5,0,5839.700877313992,5551.988585597452,5231.04708972283,47.49308650669128,1.2634715969119128,86.16460466797707,147.93159915696592,-61.76699448898884,0.1131664663923183,11.289887214688624,0.0,0.0,23.540819158215108,19.728990764730604,21.910054135854885,0
2011-01-28,5717.10009765625,5801.5498046875,5459.5498046875,5512.14990234375,0,5808.505546364446,5550.426284293385,5236.613482051956,42.74024421208456,-4.752842294606722,50.83013247199233,128.5113058199712,-77.68117334797887,-0.1020752363278217,12.22889876404929,0.0,0.0,23.09045855908172,17.53039459458465,24.83185479202341,0
2011-02-04,5452.5498046875,5556.2998046875,5369.0498046875,5395.75,0,5769.195494329737,5544.360547654429,5239.764700229145,40.01714750586231,-2.723096706222257,13.281706120400486,105.46538588005706,-92.18367975965656,-0.107013200267578,14.735477973639345,0.0,0.0,23.08454285110137,16.449522517796574,26.280748976160837,0
2011-02-11,5430.14990234375,5440.35009765625,5177.7001953125,5310.0,0,5725.462590107857,5535.169937942491,5241.1554982444095,38.09173825926789,-1.9254092465944128,-23.12839094845731,79.7466305143542,-102.8750214628115,-0.0694027693985736,17.303986231920852,0.0,0.0,23.83266602979951,15.047995840341423,30.2488236157738,1
2011-02-18,5340.25,5599.25,5340.25,5458.9501953125,0,5700.0804572702045,5532.18092842759,5245.468264522985,43.20371086792575,5.111972608657858,-39.50918200655542,55.89546801017227,-95.40465001672769,0.1243194240291985,18.05429901924836,0.0,0.0,23.48587723124802,18.70862303181373,27.47274979361168,0
2011-02-25,5456.60009765625,5526.25,5232.75,5303.5498046875,0,5662.315633214708,5523.21500200641,5246.618394031193,39.53574297721858,-3.667967890707168,-64.28950038390758,31.858474331356305,-96.14797471526389,0.0482595902446107,19.510122618538983,0.0,0.0,23.590256330515302,17.003412402867777,28.30711277064394,1
2011-03-04,5330.14990234375,5608.2001953125,5308.60009765625,5538.75,0,5650.5474776704505,5523.824217614002,5252.403178307803,46.88572069563119,7.34997771841261,-64.20922711748517,12.644934041588012,-76.85416115907319,0.2787864687767656,19.61343975369859,0.0,0.0,23.178134191111265,17.91847833422814,25.689692673661057,0
2011-03-11,5490.0498046875,5563.2998046875,5408.4501953125,5445.4501953125,0,5631.014403160169,5520.750726543355,5256.225891515816,44.57115794858666,-2.3145627470445334,-70.85732533547434,-4.055517833824458,-66.80180750164989,0.2259185474126824,19.86055538563351,0.0,0.0,22.795449347378938,17.055243721535728,24.452074640941536,0
2011-03-18,5436.5,5537.2998046875,5366.39990234375,5373.7001953125,0,5606.508288127058,5514.984039044106,5258.552115353375,42.82048198760583,-1.7506759609808284,-80.98210513206959,-19.440835293473487,-61.54126983859611,0.1969141440096125,20.33957505317224,0.0,0.0,22.632800758615957,16.131565669977036,24.460368562541028,1
2011-03-25,5408.75,5667.10009765625,5348.2001953125,5654.25,0,5611.055117829244,5520.44544927767,5266.3877170295455,50.93553991156188,8.115057923956051,-65.61171052319696,-28.675010339418183,-36.936700183778775,0.4607849735195354,18.40438847507037,0.0,0.0,21.63476778209392,18.543224533811355,22.05956367127291,1
2011-04-01,5645.25,5872.0,5643.2001953125,5826.0498046875,0,5631.530802291934,5532.429933803546,5277.4701346069305,55.134670438438654,4.199130526876772,-39.11683903948597,-30.763376079431744,-8.353462960054223,0.6432122216633914,17.56693694367963,0.0,0.0,20.5830316100943,23.548858555106765,20.50456381804157,1
2011-04-08,5842.0,5944.4501953125,5822.0,5842.0,0,5651.575487787941,5544.569936399485,5288.648943822635,55.51532478875593,0.380654350317279,-16.64059264937623,-27.938819393420644,11.298226744044412,0.6627750028539148,17.448396327597308,0.0,0.0,19.95046935317588,24.939447308631003,19.70403473401003,0
2011-04-15,5805.35009765625,5923.60009765625,5735.5498046875,5824.5498046875,0,5668.049232254565,5555.549539077447,5299.260842057583,54.965869938672576,-0.5494548500833574,-0.2333998883277672,-22.39773549240207,22.164335604074303,0.6406306808413111,17.545952725028577,0.0,0.0,18.865543901237345,23.426796446479106,21.297254915125112,1
2011-04-22,5824.35009765625,5912.89990234375,5693.25,5884.7001953125,0,5688.682657307701,5568.45740794941,5310.853700537878,56.56179976907743,1.5959298304048488,17.422219901818607,-14.433744413557935,31.855964315376543,0.7111337061839306,17.16551227806093,0.0,0.0,17.62010298168613,21.76615712204349,21.1526875903777,0
2011-04-29,5859.60009765625,5906.60009765625,5706.0498046875,5749.5,0,5694.474785183158,5575.557117441589,5319.539765873761,52.09315126709914,-4.4686485019782864,20.27122586744008,-7.492750357358333,27.76397622479841,0.5788883191211527,16.982171881790425,0.0,0.0,16.463622127817146,20.34788777318432,19.77439153714173,0
2011-05-06,5766.89990234375,5775.25,5443.64990234375,5551.4501953125,0,5680.853395671667,5574.611747946331,5324.132051605221,46.3201138075278,-5.773037459571341,6.473497109109303,-4.699500864064806,11.172997973174107,0.3906607252047612,16.529172941812366,0.0,0.0,16.534699395440104,18.232459749882167,25.945329080012435,0
2011-05-13,5575.2001953125,5605.0,5472.14990234375,5544.75,0,5667.891167512461,5573.440699007259,5328.500723850662,46.13384457665192,-0.1862692308758795,-4.944949801793882,-4.7485906516106215,-0.1963591501832606,0.4026209041050068,15.600833126529048,0.0,0.0,16.600699715375708,17.44975121307745,24.831511699378176,0
2011-05-20,5541.7001953125,5541.7998046875,5401.25,5486.35009765625,0,5650.6015418118695,5570.02538130722,5331.62645402503,44.45577847340557,-1.6780661032463442,-18.493355405544207,-7.497543602397339,-10.995811803146868,0.3520080514604943,13.46232788716133,0.0,0.0,16.987063543406244,16.6197950077844,26.0004151767522,0
2011-05-27,5456.7001953125,5485.7998046875,5328.7001953125,5476.10009765625,0,5633.982356654192,5566.342036850319,5334.487318255351,44.15222275633175,-0.3035557170738272,-29.715116429501904,-11.941058167818252,-17.774058261683653,0.357677797973857,12.644369367698877,0.0,0.0,17.664920685613147,15.734389301568225,27.06691885594606,1
2011-06-03,5493.75,5604.9501953125,5458.60009765625,5516.75,0,5622.817370306173,5564.397251091484,5338.096480270096,45.73475401670102,1.5825312603692725,-34.925733381766804,-16.537993210607965,-18.38774017115884,0.4248891644631966,12.624472777802298,0.0,0.0,17.46332163832901,19.05562592830715,25.698232608526222,0
2011-06-10,5504.2998046875,5570.10009765625,5457.4501953125,5485.7998046875,0,5609.768078342489,5561.314998291328,5341.021298575392,44.696254948573646,-1.038499068127372,-41.07907297463316,-21.446209163413005,-19.63286381122016,0.3948874886261937,12.532052818978986,0.0,0.0,17.2819323995176,18.28901012244552,24.70544817226141,0
2011-06-17,5469.85009765625,5520.14990234375,5355.85009765625,5366.39990234375,0,5586.5901568188,5553.671269038482,5341.523845184665,40.84320338047001,-3.8530515681036377,-54.956706483933885,-28.148308627517185,-26.8083978564167,0.2410834991531339,12.893789407287548,0.0,0.0,17.6197797386455,17.202021619736254,26.912397098397683,1
2011-06-24,5372.2001953125,5477.85009765625,5195.89990234375,5471.25,0,5575.605379978914,5550.439062409522,5344.092679933484,45.30235144779616,4.459148067326147,-56.83909866270005,-33.88646663455376,-22.95263202814629,0.3805803128228203,12.701267002365087,0.0,0.0,18.62295171558389,15.499571211369844,29.863381610090183,1
2011-07-01,5441.2001953125,5705.7998046875,5434.25,5627.2001953125,0,5580.519171915446,5553.449302915521,5349.698769346929,51.195033768268914,5.892682320472758,-45.22569691272929,-36.15431269018888,-9.071384222540416,0.5832409909311916,12.037337205016254,0.0,0.0,18.053211734460263,21.871299422073893,27.08329538676087,1
2011-07-08,5679.5498046875,5740.39990234375,5610.75,5660.64990234375,0,5588.150670051476,5557.6532479911375,5355.856217525084,52.38005023098926,1.1850164627203483,-32.94313262279229,-35.51207667670956,2.5689440539172708,0.618790484399195,11.943738414089813,0.0,0.0,17.323183574447786,22.09129309894739,25.846145148289256,0
2011-07-15,5648.0498046875,5652.89990234375,5496.9501953125,5581.10009765625,0,5587.479186966216,5558.57273229173,5360.3164923791655,49.3134495152183,-3.06660071577096,-29.29047399323736,-34.26775614001512,4.977282146777768,0.4768896593738611,11.01029276152494,0.0,0.0,17.189292091688376,20.79938443612071,28.40006046609521,1
2011-07-22,5581.75,5645.39990234375,5532.7001953125,5633.9501953125,0,5591.90499728491,5561.528711233721,5365.734981546162,51.35121715371712,2.0377676384988206,-21.878947630058065,-31.78999443802371,9.911046807965649,0.5550757707174716,10.975811497136355,0.0,0.0,17.064964286268925,19.93503902412927,27.21985909813938,0
2011-07-29,5633.7998046875,5702.25,5453.9501953125,5482.0,0,5581.437854686346,5558.409938244164,5368.037259139307,45.66660542318994,-5.68461173052718,-27.94424657124182,-31.020844864667332,3.076598293425516,0.3027841619786217,10.855022655921864,0.0,0.0,17.325119604480886,18.145864195819243,27.623361199143357,0
2011-08-05,5527.5,5551.89990234375,5116.4501953125,5211.25,0,5546.181868525742,5544.795823018902,5364.932560938529,37.66556541238072,-8.001040010809227,-53.97609905711215,-35.6118957031563,-18.36420335395585,-0.0708146919444953,11.98088193733516,0.0,0.0,18.8298508159653,15.515852707043992,34.853224883440845,0
2011-08-12,5083.85009765625,5204.2001953125,4946.4501953125,5072.9501953125,0,5501.112185362576,5526.292072912769,5359.150731916231,34.35449048327442,-3.3110749291062973,-84.78877589083368,-45.447271740691775,-39.3415041501419,-0.1101088320488709,14.485228100648802,0.0,0.0,20.70202898565537,14.170801707777988,37.39721398368493,0
2011-08-19,5125.75,5132.2001953125,4796.10009765625,4845.64990234375,0,5438.687206027449,5499.600223086533,5348.98239865737,29.72890655191094,-4.62558393136348,-126.09572526073316,-61.57696244470006,-64.5187628160331,-0.1802329243581899,17.859075393163728,0.0,0.0,22.80639186635125,12.669530096045976,38.17445283309121,0
2011-08-26,4843.7001953125,4965.7998046875,4720.0,4747.7998046875,0,5372.888405899836,5470.117853737552,5337.077792836185,27.98223440286418,-1.7466721490467592,-164.8274372551914,-82.22705740679834,-82.60037984839306,-0.1233622167291538,20.950904756762668,0.0,0.0,24.93256113502293,11.693824074017638,37.61886827477793,1
2011-09-02,4806.2001953125,5113.7001953125,4806.0498046875,5040.0,0,5341.184748195089,5453.250486924315,5331.195064265172,39.42718979017723,11.444955387313051,-169.9850030121852,-99.77864652787572,-70.20635648430948,0.1677637016900102,21.194551656829283,0.0,0.0,25.905350077521,14.850711993355423,33.48484604615368,1
2011-09-09,4998.89990234375,5169.25,4942.89990234375,5059.4501953125,0,5314.352886015795,5437.807338233655,5325.813977751258,40.10946688006048,0.6822770898832431,-170.53709732094558,-113.93033668648968,-56.606760634455895,0.2101295681376078,20.5858191767395,0.0,0.0,26.453973164793016,15.511779646434606,31.200650763971893,1
2011-09-16,4981.7001953125,5143.60009765625,4911.0498046875,5084.25,0,5292.438325442861,5423.942344577434,5321.030532647272,41.021655439684864,0.91218855962439,-167.04787513967858,-124.55384437712746,-42.49403076255112,0.2568963153735946,20.23213035061875,0.0,0.0,27.066114109362868,14.42318315479357,29.97219746063051,0
2011-09-23,5068.39990234375,5168.39990234375,4829.60009765625,4867.75,0,5251.991818257828,5402.130880084201,5312.054680515643,35.883413854537295,-5.1382415851475685,-179.68112983937317,-135.5793014695766,-44.10182836979658,0.1097757338574426,21.478918370392773,0.0,0.0,27.89568557584412,12.992602348495977,29.383870706662503,1
2011-09-30,4878.60009765625,5034.25,4758.85009765625,4943.25,0,5222.587835566606,5384.135551453448,5304.751617535135,38.76400645101404,2.8805925964767454,-181.50853873697545,-144.76514892305636,-36.743389813919066,0.2080602831431265,22.028235723200105,0.0,0.0,28.885024545160064,11.954614728507035,29.088758111099004,0
2011-10-07,4874.39990234375,4922.60009765625,4728.2998046875,4888.0498046875,0,5190.727070720977,5364.681208443019,5296.500096488647,37.43960085878128,-1.3244055922327576,-185.2752303627385,-152.8671652109928,-32.40806515174572,0.1949276591644241,22.77780900333585,0.0,0.0,29.89825493049536,11.202361020292976,28.152672186274,1
2011-10-14,4886.85009765625,5141.39990234375,4882.0498046875,5132.2998046875,0,5185.162569193979,5355.568212217313,5293.248605561891,46.19877489020867,8.759174031427385,-166.63061291440226,-155.6198547516747,-11.01075816272757,0.4124143851632852,22.58891206737912,0.0,0.0,29.31504596610773,16.73225472123073,26.0247824675855,0
2011-10-21,5156.2001953125,5160.2001953125,5011.0498046875,5049.9501953125,0,5172.285200252885,5343.583191946536,5288.430815259923,43.96381041156915,-2.234964478639519,-156.69328189602493,-155.83454018054474,-0.8587417154801926,0.3602987516435091,22.329011572289943,0.0,0.0,28.655132354525275,16.54768817398212,24.86100271661121,1
2011-10-28,5114.7001953125,5399.7001953125,5084.75,5360.7001953125,0,5190.2294854966585,5344.254446980496,5289.861892092647,53.170331048827386,9.206520637258237,-122.33277147540502,-149.1341864395168,26.801414964111785,0.6348072689974449,21.99985251503867,0.0,0.0,26.692683345382267,21.81696771383563,22.338374405054942,0
2011-11-04,5358.89990234375,5360.25,5201.85009765625,5284.2001953125,0,5199.179076907691,5341.899378287634,5289.74977928512,50.95103653359359,-2.2192945152337984,-100.12060209770698,-139.33146957115486,39.21086747344788,0.5720438862946741,21.88321942077261,0.0,0.0,24.87040926546376,20.78537801189802,21.282130599933136,0
2011-11-11,5292.25,5317.5,5142.25,5168.85009765625,0,5196.290602693268,5335.113131988364,5287.355726183558,47.71689538808019,-3.234141145513398,-90.77864696128836,-129.62090504918157,38.842258087893214,0.4836112892650285,21.426996325555876,0.0,0.0,23.484941209029248,19.679802119216056,21.95905330302052,0
2011-11-18,5217.35009765625,5228.89990234375,4837.9501953125,4905.7998046875,0,5168.624812407004,5318.277315231468,5279.800163381655,41.28160656694999,-6.4352888211302,-103.40900580107429,-124.37852519956012,20.969519398485858,0.2685990811121889,20.57101785843376,0.0,0.0,23.500278191379497,17.449966815040817,28.290239788583133,0
2011-11-25,4873.7998046875,4873.7998046875,4640.9501953125,4710.0498046875,0,5124.951002148004,5294.42525599445,5268.517978060979,37.255092889311726,-4.026513677638263,-127.74152049548049,-125.0511242587442,-2.6903962367362624,0.1131780421922861,19.928512606144206,0.0,0.0,24.160331729024065,16.117623365571895,31.80943474673889,1
2011-12-02,4769.2998046875,5062.5498046875,4754.7998046875,5050.14990234375,0,5117.827087880932,5284.845830361089,5264.193857749747,46.93875624370515,9.683663354393424,-118.21922056557923,-123.68474352011124,5.465522954531991,0.4708439052573021,18.083396949583687,0.0,0.0,23.740254460722607,19.80965459807348,28.6716787021738,0
2011-12-09,5036.5,5099.25,4841.75,4866.7001953125,0,5093.9102409696525,5268.447962319968,5256.322696117326,43.07686335506712,-3.861892888638032,-124.04566624617746,-123.75692806532447,-0.2887381808529881,0.2793188608675327,15.455763718851475,0.0,0.0,23.161745405002858,19.409470001645897,26.60695830756212,0
2011-12-16,4906.85009765625,4910.25,4628.2001953125,4651.60009765625,0,5051.785465415996,5244.257849980215,5244.3479911973045,39.0227593111351,-4.054104043932021,-144.35590166371276,-127.87672278500214,-16.479178878710613,0.0305035214810236,14.72385381764791,0.0,0.0,23.363463827939167,17.88980782274672,30.45174995047436,1
2011-12-23,4623.14990234375,4763.4501953125,4531.14990234375,4714.0,0,5019.615421090663,5223.463424490795,5233.846050777555,40.764411815404735,1.7416525042696378,-153.6456277820671,-133.03050378441517,-20.61512399765195,0.1546394628259666,15.034572975709226,0.0,0.0,23.85009877132682,16.728120714834823,31.1872244211984,0
2011-12-30,4780.2001953125,4800.5,4608.89990234375,4624.2998046875,0,4981.966314766552,5199.966811949489,5221.775828082703,39.0382624152374,-1.726149400167337,-166.32852704180823,-139.69010843589376,-26.638418605914467,0.09302782379959,16.155636548229342,0.0,0.0,24.090459396850367,16.870393749175186,29.48648732252118,1
2012-01-06,4675.7998046875,4794.89990234375,4675.7998046875,4754.10009765625,0,4960.264770279856,5182.481842761519,5212.514922529705,42.81197864334267,3.773716228105272,-164.01535036128644,-144.55515682097231,-19.460193540314123,0.2650099576310659,16.441642742697606,0.0,0.0,24.313651406265087,16.03205803366404,28.02122362951196,1
2012-01-13,4747.5498046875,4898.85009765625,4695.4501953125,4866.0,0,4951.287173110346,5170.070790104205,5205.653240895453,45.92002239413119,3.108043750788518,-151.40742371110446,-145.92561019899875,-5.481813512105703,0.3931884476645068,16.086876647421292,0.0,0.0,23.894656678804505,18.13571877354348,26.340585101171104,1
2012-01-20,4844.0,5064.14990234375,4827.0498046875,5048.60009765625,0,4960.555070686147,5165.307233537618,5202.543277662992,50.6347774357411,4.714755041609912,-125.23758821817228,-141.78800580283345,16.550417584661176,0.6217866651332192,16.101698007596973,0.0,0.0,22.61246368030739,21.747495644776556,24.496199963251925,1
2012-01-27,5025.35009765625,5217.0,5021.35009765625,5204.7001953125,0,4983.806987317228,5166.852055568006,5202.585988903576,54.30254258803637,3.6677651522952672,-90.85451742670648,-131.60130812760806,40.74679070090159,0.798951028075493,16.590026456670202,0.0,0.0,21.29255022780501,25.049996984464475,23.061234855584683,1
2012-02-03,5163.5498046875,5334.85009765625,5076.7001953125,5325.85009765625,0,5016.38252163523,5173.087272904801,5205.026862344223,56.97439221106466,2.6718496230282938,-53.2164553099401,-115.92433756407448,62.707882254134375,0.9046606149089336,17.64872781502656,0.0,0.0,20.568166742065987,26.633071292128967,21.2891746976911,1
2012-02-10,5379.4501953125,5427.75,5322.9501953125,5381.60009765625,0,5051.165147922946,5181.2642464244655,5208.523362053373,58.18596236760197,1.211570156537313,-18.67419632603651,-96.47430931646689,77.80011299043038,0.9091896335167426,18.83378171958137,0.0,0.0,20.26682725699201,28.64862736872491,20.59721993873584,1
2012-02-17,5382.10009765625,5606.7001953125,5351.39990234375,5564.2998046875,0,5100.035115233856,5196.2852487092905,5215.568440125336,61.96580282721477,3.7798404596128,23.17597405217748,-72.54425264273802,95.7202266949155,1.0058498449220636,21.1036726196264,0.0,0.0,20.63370520525345,31.904990491987057,18.978896392659586,0
2012-02-24,5561.89990234375,5629.9501953125,5405.89990234375,5429.2998046875,0,5131.393657086584,5205.423074433926,5219.800744374092,57.80749965236267,-4.158303174852101,44.93122464420048,-49.049157185350325,93.9803818295508,0.8381470358495037,21.91925078704451,0.0,0.0,21.053864913424743,30.416903416960047,17.66700308173717,0
2012-03-02,5448.10009765625,5458.7998046875,5268.14990234375,5359.35009765625,0,5153.103794283696,5211.4594282857815,5222.564097904431,55.72099319698082,-2.0865064553818518,55.883866289083926,-28.06255249046348,83.9464187795474,0.7577845578611213,22.46240620338287,0.0,0.0,20.65861631238233,28.604959880551128,20.91869779190164,0
2012-03-09,5342.5498046875,5382.0498046875,5171.4501953125,5333.5498046875,0,5170.289128607868,5216.247286183888,5224.761834672412,54.933411635371705,-0.787581561609116,61.76999957700991,-10.096042076968802,71.86604165397871,0.7181616417785986,22.86063804867663,0.0,0.0,19.78287333012014,26.71199871655993,22.572943521301514,0
2012-03-16,5420.10009765625,5499.39990234375,5305.0,5317.89990234375,0,5184.347297535094,5220.233663288196,5226.606152844122,54.43084523804576,-0.5025663973259498,64.42928558910717,4.809023456246392,59.62026213286077,0.7079066747034746,22.71870807974113,0.0,0.0,19.45756895569473,28.789215827920657,21.17965094258817,0
2012-03-23,5337.35009765625,5385.9501953125,5205.64990234375,5278.2001953125,0,5193.28566875199,5222.506860622483,5227.627817051417,53.10362976483298,-1.3272154732127746,62.61160671188736,16.369540107374586,46.24206660451277,0.6738824756238158,22.703385613723924,0.0,0.0,18.63156392324147,27.11740428959652,23.149580591345963,1
2012-03-30,5274.35009765625,5307.10009765625,5135.9501953125,5295.5498046875,0,5203.0251102696575,5225.371289801504,5228.972806905596,53.635697799516485,0.5320680346835047,61.85799116891485,25.46723031968264,36.39076084923221,0.6813563533362761,22.935238238054566,0.0,0.0,17.5109197893453,25.59781809983828,24.134423975716548,1
2012-04-06,5296.35009765625,5378.75,5278.7998046875,5322.89990234375,0,5214.441757133856,5229.195941273749,5230.83274938952,54.51185103052045,0.8761532310039684,62.744391440659456,32.922662543878005,29.82172889678145,0.6860228791142746,22.952501225016697,0.0,0.0,16.805475082171736,27.16678067663394,23.31281785257537,0
2012-04-13,5282.5,5306.75,5185.39990234375,5207.4501953125,0,5213.775894103251,5228.343166922327,5230.369728516708,50.199497604889935,-4.312353425630519,53.51416554918251,37.04096314493891,16.4732024042436,0.5695406955038044,21.765801920775544,0.0,0.0,15.661805856087302,25.86241449107201,25.454900655056363,1
2012-04-20,5190.60009765625,5342.4501953125,5183.5,5290.85009765625,0,5221.116294441632,5230.794419107971,5231.567359588778,53.0866972563264,2.887199651436461,52.32564270950297,40.09789905785172,12.227743651651252,0.6327474835619683,21.830857753363528,0.0,0.0,14.78047982023985,25.67051213743317,24.01920297598835,0
2012-04-27,5277.39990234375,5310.5498046875,5154.2998046875,5190.60009765625,0,5218.209989985881,5229.218171207905,5230.756126679224,49.38070981313696,-3.705987443189436,42.80100922873408,40.63852109202819,2.162488136705882,0.5297628658292642,21.212566778994773,0.0,0.0,13.8000143191786,24.224128824087792,23.71882789249445,0
2012-05-04,5201.4501953125,5279.60009765625,5070.60009765625,5086.85009765625,0,5205.699524049726,5223.635109499996,5227.906502342135,45.816002799057735,-3.564707014079225,26.57457548478305,37.82573197057916,-11.251156485796107,0.4065117290020081,19.19408404188613,0.0,0.0,13.197315185291783,22.405614707889544,24.944642734107763,0
2012-05-11,5017.7998046875,5124.75,4906.14990234375,4928.89990234375,0,5179.337655315824,5212.076866082104,5221.9855795698895,40.967349566292256,-4.848653232765479,0.9586978486704538,30.45232514619742,-29.493627297526967,0.2184198169889567,17.901673077270893,0.0,0.0,13.438256753465753,20.658742481039667,28.86508727409821,0
2012-05-18,4934.35009765625,4957.2001953125,4788.9501953125,4891.4501953125,0,5151.919801982174,5199.503271149963,5215.44032443608,39.88945816741435,-1.0778913988779095,-22.109088300048825,19.940042456948174,-42.049130756997,0.1198690460012912,15.794944762405793,0.0,0.0,14.158533276464796,19.404731555221822,31.34127135230249,1
2012-05-25,4954.7001953125,4956.35009765625,4803.9501953125,4920.39990234375,0,5129.870287730896,5188.5580410007005,5209.597939840192,41.17788048787597,1.2884223204616276,-37.62080636507108,8.427872692544325,-46.0486790576154,0.1158140546335045,14.572832831644437,0.0,0.0,14.827361476392484,18.31996478705961,29.58922600510555,0
2012-06-01,4931.7001953125,5020.14990234375,4831.75,4841.60009765625,0,5102.415983914263,5174.951847144055,5202.310853856352,38.743586273122574,-2.4342942147534004,-55.6311589966117,-4.383933645286881,-51.24722535132482,0.0194597285249535,14.75164570876117,0.0,0.0,15.00747528542888,19.39667451611088,27.539633354783252,1
2012-06-08,4797.2998046875,5084.4501953125,4770.35009765625,5068.35009765625,0,5099.171613794452,5170.771386379827,5199.658165614766,48.22800679773236,9.484420524609789,-51.01954172506521,-13.711055261242548,-37.30848646382266,0.3123815663615569,14.68838431460565,0.0,0.0,14.743450554057045,19.5155369570838,24.49345029737109,1
2012-06-15,5096.7001953125,5146.2001953125,5015.14990234375,5139.0498046875,0,5102.969536736648,5169.5274027840505,5198.458000051851,50.78657964076883,2.5585728430364654,-41.18516932207149,-19.205878073408336,-21.979291248663152,0.4093321237073883,14.7482180737952,0.0,0.0,14.096582010829758,20.82247790158214,23.33377232402575,1
2012-06-22,5174.0,5190.2001953125,5041.7001953125,5146.0498046875,0,5107.072419398633,5168.606712662618,5197.420214005032,51.04454955578346,0.2579699150146339,-32.45242548129954,-21.85518755498658,-10.597237926312964,0.4296004323151878,14.658955175963987,0.0,0.0,13.214164425260073,21.303540547415235,22.059239240223487,1
2012-06-29,5158.5,5286.25,5095.5,5278.89990234375,0,5123.436941583882,5172.931935787368,5199.033673180056,55.78188617628799,4.737336620504529,-14.642975360180571,-20.412745116025377,5.769769755844806,0.6127733849663495,14.394591258118483,0.0,0.0,12.73202483665365,23.344357151916338,20.50954851535319,1
2012-07-06,5283.85009765625,5333.64990234375,5263.35009765625,5316.9501953125,0,5141.866775272321,5178.579710670707,5201.368653816342,57.06345260980075,1.281566433512758,2.5125200468664843,-15.827692083447005,18.34021213031349,0.6988212042957499,13.077590918586838,0.0,0.0,12.55896380496608,24.540097587428487,19.953207003645836,0
2012-07-13,5283.7001953125,5348.5498046875,5216.85009765625,5227.25,0,5149.998510960671,5180.488349467934,5201.881155720968,53.15248221401026,-3.9109703957904856,8.769231408691667,-10.90830738501927,19.677538793710937,0.5860764256523501,12.386669350312902,0.0,0.0,12.070323715179144,23.2667792062708,20.749904131494723,0
2012-07-20,5232.35009765625,5257.75,5169.0498046875,5205.10009765625,0,5155.246281122155,5181.453516063554,5201.944897145429,52.20106940468692,-0.9514128093233438,11.804335207101758,-6.365778866595065,18.170114073696823,0.5658370569649432,11.97252548772705,0.0,0.0,11.283979357643,22.4229062395554,21.9518668211052,0
2012-07-27,5163.25,5164.2001953125,5032.39990234375,5099.85009765625,0,5149.970454125402,5178.253382008366,5199.923217947624,47.82083298117068,-4.380236423516244,5.651731798938272,-3.962276733488398,9.61400853242667,0.4119729365190363,11.653443387061962,0.0,0.0,11.264154129061668,20.83818244767936,25.99257520805788,1
2012-08-03,5129.75,5246.35009765625,5129.75,5215.7001953125,0,5156.2304294765545,5179.721884490881,5200.235633340988,52.54137914015825,4.720546158987574,10.00851205516028,-1.1681189757586623,11.176631030918944,0.6165404471038207,11.352272786810124,0.0,0.0,10.676748948795394,22.975240129844074,24.416167150718422,1
2012-08-10,5260.85009765625,5377.60009765625,5260.85009765625,5320.39990234375,0,5171.865617368669,5185.238669504719,5202.61512381629,56.38194444112192,3.840565300963668,21.660000143808247,3.39750484815472,18.26249529565353,0.7878413500524367,11.515383191719067,0.0,0.0,10.50582650124188,26.886098697099225,22.772465345810023,1
2012-08-17,5316.35009765625,5399.9501953125,5309.0498046875,5366.2998046875,0,5190.383159018081,5192.339106178553,5205.8564046256215,57.98708772502511,1.605143283903196,34.203351965540605,9.558674271631896,24.644677693908708,0.849329890614209,11.835176872889637,0.0,0.0,10.476538604085224,26.79619194694874,21.88176476866805,1
2012-08-24,5368.7001953125,5448.60009765625,5368.7001953125,5386.7001953125,0,5209.08001961755,5199.961109674003,5209.437469787738,58.71429565813106,0.7272079331059444,45.26836416102378,16.700612249510275,28.567751911513508,0.8675971912756474,12.14804801568519,0.0,0.0,10.733580055431087,27.9833582144108,21.07792434855936,0
2012-08-31,5387.85009765625,5399.14990234375,5238.89990234375,5258.5,0,5213.786684415878,5202.256752431885,5210.409005039466,52.55761843733415,-6.156677220796908,43.194858258925706,21.99946145139336,21.195396807532344,0.6576325099540363,12.236783094194877,0.0,0.0,10.052916522289951,25.981929031766484,25.3635798985835,1
2012-09-07,5276.5,5347.14990234375,5215.7001953125,5342.10009765625,0,5226.0070094863895,5207.740805185782,5213.016749447719,55.81158953124783,3.253971093913684,47.74702115995751,27.148973393106196,20.59804776685132,0.7815117822589678,12.425702513229126,0.0,0.0,9.402485475951323,24.43791643530388,24.905136862839704,1
2012-09-14,5361.89990234375,5586.64990234375,5332.10009765625,5577.64990234375,0,5259.496808806139,5222.247044290016,5220.237207920908,63.42373691214624,7.612147380898406,69.55970276791868,35.63111926806869,33.92858349984999,1.0383195814593484,14.225530716114546,0.0,0.0,10.04147315319091,32.11785160303086,22.158970432645223,1
2012-09-21,5631.75,5720.0,5534.89990234375,5691.14990234375,0,5300.606627238292,5240.635391664672,5229.562211770865,66.42505429851832,3.0013173863720795,94.91083846910716,47.48706310827638,47.42377536083077,1.061918896604548,16.393287132878722,0.0,0.0,11.234530263857996,35.291249423264894,20.397656545833623,1
2012-09-28,5691.9501953125,5735.14990234375,5638.64990234375,5703.2998046875,0,5338.958358423932,5258.779094136155,5238.943154204858,66.73968461249831,0.3146303139799897,114.66045735678745,60.9217419579786,53.73871539880885,0.9959879616539684,17.41502870151277,0.0,0.0,12.40738051868765,34.45428428902198,19.526268136611503,1
2012-10-05,5704.75,5815.35009765625,4888.2001953125,5746.9501953125,0,5377.814723841892,5277.923058888169,5249.002699573326,67.90339360883576,1.1637089963374478,132.30921605247113,75.1992367768771,57.10997927559403,0.9785044800612068,17.940009316420237,0.0,0.0,13.18032277682256,23.89312174283596,38.351706591207616,0
2012-10-12,5751.85009765625,5751.85009765625,5636.9501953125,5676.0498046875,0,5406.218064874806,5293.535872448928,5257.4590778924185,63.98726663924811,-3.916126969587644,138.97292214820573,87.95397385114283,51.01894829706289,0.8673259938357967,17.65352957230114,0.0,0.0,13.89805487366212,22.954084418752004,36.84442410551657,1
2012-10-19,5674.25,5722.5,5633.89990234375,5684.25,0,5432.697296791492,5308.857995097989,5265.910383280687,64.24411280979623,0.2568461705481226,143.2641841324912,99.01601590741252,44.2481682250787,0.8561395710063695,16.291808125677584,0.0,0.0,14.574804875848937,22.228610993215327,35.788750711713,1
2012-10-26,5667.60009765625,5721.5498046875,5658.0498046875,5705.2998046875,0,5458.659440400636,5324.40473272895,5274.611163902604,64.93545611388228,0.6913433040860468,146.6728304014332,108.54737880621664,38.12545159521656,0.8441758249483463,16.178273988075116,0.0,0.0,15.203215592165266,21.69927554696976,34.93650428325474,0
2012-11-02,5665.2001953125,5711.2998046875,5583.0498046875,5697.7001953125,0,5481.425226582717,5339.043770477325,5282.989164524583,64.45094540843958,-0.4845107054427018,147.06570031554477,116.25104310808229,30.814657207462474,0.8035307814480334,16.09540421764691,0.0,0.0,16.064602090684595,20.63071002320249,36.095864090623714,0
2012-11-09,5693.0498046875,5777.2998046875,5677.75,5686.25,0,5500.932347860554,5352.659701046841,5290.974527603304,63.67998733866294,-0.7709580697766398,144.78413608867413,121.95766170420065,22.826474384473485,0.7640083223188767,15.74492941421745,0.0,0.0,16.447201366932966,22.436278635298294,34.66874010800891,0
2012-11-16,5688.4501953125,5718.89990234375,5559.7998046875,5574.0498046875,0,5507.895915177405,5361.341665895495,5296.579978634674,56.5425507267759,-7.13743661188704,132.39618117273767,124.04536559790805,8.350815574829625,0.6178329736314938,15.499332080511852,0.0,0.0,17.25807407311153,21.00679626858106,37.18330705570517,1
2012-11-23,5577.2998046875,5643.35009765625,5548.35009765625,5626.60009765625,0,5519.201075413486,5371.743957337093,5303.115030496487,58.86789086105377,2.325340134277873,125.37377626262696,124.31104773085184,1.0627285317751216,0.6620830980769855,15.402120978505115,0.0,0.0,18.05442136908793,20.18002107883521,36.19421411227087,1
2012-11-30,5648.64990234375,5885.25,5623.4501953125,5879.85009765625,0,5553.548601341368,5391.669688330001,5314.535526875888,67.8077807259013,8.939889864847522,138.64541029302382,127.17792024328624,11.467490049737576,0.9090131565042028,15.835256407370933,0.0,0.0,17.320114994673215,27.733225073934705,32.40874097882103,1
2012-12-07,5878.25,5949.85009765625,5838.89990234375,5907.39990234375,0,5587.248725246357,5411.894402605049,5326.275415499013,68.60712888606496,0.7993481601636603,149.66111470452415,131.67455913553383,17.986555568990326,0.8955931749490468,15.924876525997163,0.0,0.0,16.298227802022257,29.122371049002883,30.93223323369257,0
2012-12-14,5916.0498046875,5965.14990234375,5839.14990234375,5879.60009765625,0,5615.091713094918,5430.235802410979,5337.232339898167,66.80453088586847,-1.8025980001964823,154.3684643429715,136.21334017702137,18.155124165950127,0.8449404816613915,14.676337573529963,0.0,0.0,15.267359466754185,28.22621891445856,29.29969334286069,0
2012-12-21,5860.5,5939.39990234375,5823.14990234375,5847.7001953125,0,5637.244901877545,5446.606955073784,5347.340614262807,64.70370021398958,-2.100830671878896,153.75265245572336,139.7212026327618,14.031449822961577,0.7853731194660829,13.68639876038904,0.0,0.0,14.396980478971772,26.8197985780809,28.525572603950884,1
2012-12-28,5869.0,5930.7998046875,5844.7001953125,5908.35009765625,0,5663.06444433266,5464.714529292703,5358.449712943865,66.83890451543635,2.1352043014467768,156.35618062327012,143.04819823086348,13.307982392406643,0.8334919810029762,13.307251735686526,0.0,0.0,13.58877141888811,25.79465417555069,27.4352276858571,1
2013-01-04,5901.2001953125,6020.75,5897.14990234375,6016.14990234375,0,5696.691630809907,5486.339445882941,5371.473479070595,70.28024776254122,3.441343247104868,165.21355969686556,147.4812705240639,17.73228917280167,0.926655844883404,13.444260557340588,0.0,0.0,12.948391578510348,28.41594900935196,25.90446962915921,0
2013-01-11,6042.14990234375,6042.14990234375,5940.60009765625,5951.2998046875,0,5720.940028322058,5504.573185443904,5382.955188488752,65.85282611067788,-4.427421651863341,165.09709893355193,151.0044362059615,14.092662727590437,0.8135366575832702,13.012554248490307,0.0,0.0,12.48177590866899,28.070513011989075,24.685788862210305,1
2013-01-18,5967.2001953125,6083.39990234375,5962.14990234375,6064.39990234375,0,5753.6504925146,5526.527174341937,5396.449143218554,69.46562409136521,3.6127979806873327,172.14663633733926,155.23287623223706,16.9137601051022,0.9539278526594722,11.710478207420849,0.0,0.0,12.299462093842566,28.265639240532906,23.15944584124731,1
2013-01-25,6085.75,6101.2998046875,6007.85009765625,6074.64990234375,729700,5784.221864879281,5548.022183283184,5409.878861221033,69.77770124381394,0.3120771524487225,176.52565696609145,159.49143237900796,17.034224587083486,0.956942895850947,10.563533715800274,13.500390140178975,13.500390140178975,12.241104432604857,27.855772014656445,22.117601922087267,0
2013-02-01,6082.10009765625,6111.7998046875,5983.2001953125,5998.89990234375,722700,5804.66739225685,5565.70366246203,5421.542644213562,64.52878246339523,-5.248918780418705,171.90209014285028,161.97356393177645,9.92852621107386,0.8035199345593455,10.361298206975505,8.853808274977197,-13.49075086097013,11.988365001070934,26.11474061764073,21.933243528474925,0
2013-02-08,6025.2001953125,6038.5,5883.64990234375,5903.5,785900,5814.080021565722,5578.950577659598,5431.086354229135,58.55477841027633,-5.974004053118904,158.71039070527877,161.32092928647688,-2.6105385811981137,0.6290460824983779,10.225744058354609,-13.565639230769072,-13.574586109279974,11.270059123784629,24.156850839532837,25.10870207382244,0
2013-02-15,5920.0498046875,5969.5,5853.89990234375,5887.39990234375,676300,5821.062867354106,5591.046629607997,5440.122266072988,57.58584693472455,-0.968931475551777,145.2820099573346,158.11314542064844,-12.831135463313842,0.5878923254778045,10.05655129731803,-14.190654593376578,-13.42439352219568,10.816884023244471,22.783580921402425,25.14432137514469,0
2013-02-22,5888.64990234375,5971.0,5835.7998046875,5850.2998046875,667100,5823.847337576333,5601.213420787585,5448.244593570305,55.314412264501655,-2.271434670222895,130.14601143913296,152.51971862434533,-22.373707185212368,0.5160255015080779,9.951255040042929,-14.568011435410542,-13.410696737722116,10.529237359427478,21.26125289204484,24.358775605948072,0
2013-03-01,5870.5498046875,5878.39990234375,5671.89990234375,5719.7001953125,967100,5813.928562122635,5605.859960965033,5453.6199520206455,48.11904451186733,-7.195367752634326,106.385975254625,143.29296995040127,-36.90699469577626,0.2843450852537324,9.798152716839168,-14.943487778949684,-13.782058215723753,11.33085386129608,19.155937822153245,29.80609469396889,1
2013-03-08,5704.7001953125,5952.85009765625,5663.60009765625,5945.7001953125,741700,5826.478241474051,5619.187028978659,5463.364115254147,58.24196811691449,10.122923605047164,104.58667653166869,135.55171126665476,-30.96503473498609,0.6598384933739183,9.55717737317408,-14.66894710940231,13.51670147597775,11.442046472527934,20.011471504166742,25.93252754605906,0
2013-03-15,5946.10009765625,5971.2001953125,5791.75,5872.60009765625,659200,5830.870799205689,5629.124796377781,5471.467798073991,54.53541029268917,-3.706557824225328,96.15375177578608,127.67211936848103,-31.51836759269496,0.5147421014554687,9.24752140438057,-14.916420538249438,-13.39878377456654,11.392423288987818,19.22967461466165,23.86074020461256,0
2013-03-22,5816.75,5863.60009765625,5631.7998046875,5651.35009765625,817100,5813.773589534314,5629.996376820074,5475.029823808292,45.16628380487005,-9.369126487819116,70.80141754509896,116.29797900380464,-45.49656145870567,0.11999916010846,9.468952184993707,-15.15680781465967,-13.61351798921246,12.30951786556305,17.239370299186017,28.26615397714337,1
2013-03-29,5707.2998046875,5718.39990234375,5604.85009765625,5682.5498046875,486600,5801.27608621557,5632.057295559974,5479.139130360356,46.56051470540628,1.394230900536229,52.6204893777367,103.56248107859103,-50.941991700854345,0.1770893692446916,9.485411034921258,-15.02070291832934,13.095199764405486,13.305509644963776,16.378503740986343,28.03982702347826,0
2013-04-05,5697.35009765625,5754.60009765625,5534.7001953125,5553.25,617000,5777.65455419504,5628.966813381151,5480.606672333418,41.81531560696955,-4.7451990984367285,27.46199440683813,88.34238374424046,-60.880389337402335,-0.0449070620076326,9.63801201179293,-15.19033969385772,-13.332625923631754,14.596936424528147,14.833655070974386,28.404003828476142,0
2013-04-12,5550.5,5610.64990234375,5477.2001953125,5528.5498046875,637900,5753.930292337179,5625.028891471597,5481.556041290924,40.95660308128366,-0.8587125256858883,5.467579696369285,71.76742293466623,-66.29984323829694,-0.0436139835348546,10.29091134404928,-15.3398917636138,-13.365938377872649,16.079762594932102,13.97234730541634,29.256586501764662,1
2013-04-19,5508.5,5794.35009765625,5500.2998046875,5783.10009765625,590100,5756.708369034233,5631.227762302367,5487.527210723901,51.91567629202572,10.959073210742057,8.479186075173857,59.10977556276776,-50.6305894875939,0.3873298015428664,10.348176360713476,-15.202355017752144,13.288048987671852,15.8512062709504,19.84563125656878,25.71365558306476,1
2013-04-26,5789.85009765625,5924.60009765625,5789.7998046875,5871.4501953125,608200,5767.636162013116,5640.648249871392,5495.129646062288,55.03523347821142,3.119557186185702,17.78994887929275,50.84581022607277,-33.05586134678001,0.5363210465843378,10.31963924006693,-15.03752001941386,13.318260698420035,14.731684032344107,24.10931580385987,24.19524717257693,1
2013-05-03,5877.60009765625,6019.4501953125,5867.7998046875,5944.0,580300,5784.432718011867,5652.544396935259,5504.018167922441,57.47499676345265,2.4397632852412343,30.6694204088235,46.810532262622914,-16.141111853799416,0.6498918955830894,10.402050037328184,-14.850011256568992,13.271302213423812,14.246969004677402,26.561762950833973,22.651442273462276,1
2013-05-10,5944.89990234375,6105.2998046875,5928.4501953125,6094.75,590300,5813.98674486788,5669.885793133877,5515.7158279635805,62.07923885997419,4.6042420965215385,52.43630641733125,47.93568709356459,4.500619323766664,0.8564745825684326,10.984173927209818,-14.614548563543178,13.288387855281217,14.278533425519605,28.19255873415351,20.97098872042637,1
2013-05-17,6098.2001953125,6199.9501953125,5970.0498046875,6187.2998046875,687000,5849.540369612605,5690.176538684999,5529.014520571975,64.61242698518856,2.533188125214373,76.27546014359905,53.60364170357148,22.671818440027565,0.9388095454094898,11.9488758110136,-14.244953226325844,13.440091026807504,14.79542657531895,29.41360350953406,18.99785915250368,0
2013-05-24,6198.0,6229.4501953125,5936.7998046875,5983.5498046875,747200,5862.30317295307,5701.681372645882,5538.015219267331,55.77832058071881,-8.83410640446975,77.83006252009272,58.44892586687573,19.38113665321699,0.6520665470211137,11.875117784067914,-14.641264140977208,-13.52408950422564,15.020377940958753,26.0531970932436,18.125451035391016,1
2013-05-31,5989.39990234375,6133.75,5975.5498046875,5985.9501953125,744400,5874.079079844445,5712.829169613201,5546.885218792978,55.85489753492074,0.0765769542019256,78.3525877080001,62.42965823510061,15.92292947289949,0.6522427721870847,11.93249425333638,-14.246774008581518,13.520335147113114,15.229261351909996,24.42846296178268,16.995108419859946,0
2013-06-07,5997.35009765625,6011.0,5869.5,5881.0,569300,5874.738215097355,5719.424104138174,5553.5013530743045,51.64405317967693,-4.210844355243808,69.49697120398923,63.84312082887834,5.653850375110892,0.516193027805347,11.59620795083637,-14.561487826439448,-13.252164571480751,14.597368215529787,23.04420473886235,20.27899028416365,0
2013-06-14,5907.89990234375,5931.64990234375,5683.10009765625,5808.39990234375,687800,5868.420280549392,5722.913351126628,5558.548849099442,48.8978280575538,-2.7462251221231355,55.97536106782445,62.26956887666757,-6.294207808843119,0.4263990536973265,11.196939219459704,-14.843808030332715,-13.441254830890266,14.288099377695746,20.81319533960361,25.57628355561278,0
2013-06-21,5820.39990234375,5863.39990234375,5616.85009765625,5667.64990234375,721000,5849.299292148855,5720.746157056712,5560.709265995369,44.01154812993222,-4.8862799276215725,33.51569089199438,56.51879327973293,-23.00310238773855,0.2394364523157317,11.332757309226835,-15.073204492098798,-13.488395803228675,14.36318986115609,18.862396597536968,25.697620824721174,1
2013-06-28,5638.0498046875,5852.9501953125,5566.25,5842.2001953125,1000000,5848.62318768825,5725.509060517724,5566.283343803629,50.60387211029953,6.592323980367304,29.46137790397097,51.10731020458054,-21.645932300609573,0.5078305738547864,11.295108876116036,-14.737266727089356,13.819105089886822,14.701561341188937,16.88096540394867,24.85215426204701,1
2013-07-05,5834.10009765625,5904.35009765625,5760.39990234375,5867.89990234375,726500,5850.459065274488,5731.093015099137,5572.255948923235,51.50917095620702,0.9052988459074952,27.999298740302947,46.48570791172502,-18.486409171422075,0.5483611103070719,11.280320223502216,-14.396161266831385,13.49599513845402,14.62149109911051,17.89280265693121,23.516413542204752,1
2013-07-12,5833.14990234375,6019.0,5775.5498046875,6009.0,603400,5865.558201915013,5741.991328232505,5580.904345974261,56.25006547708499,4.740894520877966,37.79056304060305,44.74667893750063,-6.956115896897579,0.7443073825047265,11.5569673344318,-13.984241005975692,13.310337262981164,13.734420570305849,20.496431318016693,21.419634210433717,1
2013-07-19,5991.2001953125,6066.85009765625,5910.9501953125,6029.2001953125,794000,5881.143153667155,5753.254421059171,5589.781491505711,56.89973657377862,0.6496710966936305,46.64253141430618,45.125849432861735,1.5166819814444423,0.7482612498194227,11.667699371377507,-12.87339163147047,13.584839999674324,12.910601045950886,21.087085434940278,20.17884410213413,0
2013-07-26,6009.75,6093.35009765625,5869.5,5886.2001953125,805200,5881.624776680998,5758.467980833811,5595.651168808815,51.11325195054912,-5.786484623229498,41.63888804425187,44.42845715513977,-2.7895691108878964,0.5437049816789256,11.604510131762575,-13.99365758016748,-13.598847214674471,12.113284969780468,19.353512205852024,20.04221891426799,0
2013-08-02,5869.9501953125,5886.0,5649.0,5677.89990234375,1000000,5862.2224076964985,5755.308448344005,5597.279856601585,44.08099873959807,-7.032253210951055,20.62758980474609,39.66828368506104,-19.04069388031494,0.2576958312008235,11.919474994307876,-14.615133082529931,-13.844779026801016,12.644896106634306,17.693602941871955,26.29617366015411,0
2013-08-09,5682.39990234375,5721.0,5486.85009765625,5565.64990234375,863300,5833.977407186712,5747.870858304779,5596.653520873707,40.82163704964672,-3.259361689951348,-5.023741748197608,30.729878598409307,-35.753620346606915,0.1153878217985823,12.319392417102188,-14.943034513960948,-13.668518692568826,13.859768680154534,16.21514486845023,29.88538739611727,0
2013-08-16,5606.7001953125,5754.5498046875,5496.0498046875,5507.85009765625,890500,5802.917663421906,5738.458279455817,5594.895037245638,39.21379028040942,-1.6078467692372982,-29.6744988459659,18.649003109534267,-48.32350195550016,0.0742602254841658,13.121478116993842,-15.196415673150709,-13.69953950467585,14.735898233692064,15.922672140995267,27.184732735229133,0
2013-08-23,5497.5498046875,5504.10009765625,5254.0498046875,5471.75,1000000,5771.377885953153,5727.999131241864,5592.456521656616,38.20173549494079,-1.012054785468628,-51.529379019405496,4.613326683746314,-56.14270570315181,0.048195452155327,13.589033070018012,-15.473795966257647,-14.055944564102289,16.47009795099604,14.533965408846433,33.12986192231445,1
2013-08-30,5499.39990234375,5528.7001953125,5118.85009765625,5471.7998046875,1000000,5742.84664011833,5717.952098827967,5590.067279736436,38.2041050748177,0.0023695798769054,-68.06094597202264,-9.92152784740748,-58.13941812461516,0.0621122902855579,13.914582929257492,-15.124762144607958,14.251764132678746,18.49425422701347,12.61985662519348,33.11112604712294,1
2013-09-06,5480.25,5688.60009765625,5318.89990234375,5680.39990234375,1000000,5736.899331758846,5716.479463671723,5591.856044540541,47.31589417232841,9.111789097510716,-63.59694139568728,-20.65661055706344,-42.94033083862384,0.3277099748594624,14.086966960148354,-14.721266392159365,14.0222002844788,19.25737563200456,16.094210193385106,29.35550801993284,1
2013-09-13,5738.5,5932.0,5738.2001953125,5850.60009765625,1000000,5747.727976130027,5721.739096376999,5596.979689156693,53.358777239240254,6.042883066911841,-45.79752688621557,-25.684793822893862,-20.1127330633217,0.5365531529512004,14.075557857807077,-14.200637575441352,13.819503575249252,18.578795438821505,22.28375834344647,27.102500533468188,1
2013-09-20,5930.2998046875,6142.5,5798.14990234375,6012.10009765625,1000000,5772.906273418239,5733.125802309519,5605.199895265595,58.25202441149997,4.89324717225972,-18.44701663650176,-24.237238385615445,5.790221749113687,0.7266726216410087,14.24398579776272,-12.715900771961074,13.94372873542685,17.517701017964022,26.23150628148981,24.348184861711125,0
2013-09-27,5945.7998046875,5989.39990234375,5811.10009765625,5833.2001953125,959800,5778.648551693883,5737.050288309636,5609.714752692266,51.77242716342593,-6.479597248074043,-11.079549059315468,-21.605700520355448,10.52615146103998,0.5280637043711512,13.625529826444865,-14.07232174026352,-13.774481250289464,16.532399055739216,24.65638402726169,22.886150336732133,1
2013-10-04,5801.0498046875,5950.4501953125,5700.9501953125,5907.2998046875,706200,5790.901051978989,5743.726739932297,5615.607525999102,54.0522031765202,2.2797760130942706,0.7300259904377526,-17.13855521819681,17.868581208634563,0.6532954080609834,12.414308022212536,-13.282100140263209,13.467655178504874,15.599486292561147,22.82429104802984,24.466031519927096,1
2013-10-11,5889.0498046875,6107.60009765625,5825.85009765625,6096.2001953125,847300,5819.977160867895,5757.549228378581,5625.12421252016,59.33021406241832,5.278010885898112,25.043199700467994,-8.70220423446385,33.74540393493184,0.8919120176705648,12.909982737711497,12.471129435740856,13.64981128240538,14.949108096805045,25.555200767322724,22.43840413243412,1
2013-10-18,6093.0,6201.4501953125,6032.5498046875,6189.35009765625,841400,5855.155535800119,5774.482595801234,5636.297002324835,61.66848994040522,2.3382758779869093,51.237351373063575,3.285706887041637,47.95164448602194,0.9662565198937432,13.894212377431222,13.9127289160379,13.642823638633216,14.73477370791709,27.0792835390247,21.298856911510203,0
2013-10-25,6202.0,6252.4501953125,6116.60009765625,6144.89990234375,840600,5882.750237375702,5789.008764685255,5646.368346879665,59.8987178488586,-1.7697720915466275,67.63004891073251,16.154575291779814,51.4754736189527,0.8722479216971073,14.705639694548186,12.47419338657158,-13.641872391178904,14.743358183635852,27.52011914758437,20.401398595914014,1
2013-11-01,6155.10009765625,6332.60009765625,6079.2001953125,6307.2001953125,952400,5923.174042893493,5809.329997258873,5659.454126056553,63.9650955611946,4.066377712335999,92.6496495669744,31.453590146818733,61.19605942015567,0.9785570008983928,16.295823786617024,14.009349698676642,13.766741443573292,15.073122993501205,27.84082835124808,18.80932759420873,0
2013-11-08,6282.14990234375,6304.75,6120.9501953125,6140.75,657100,5943.895562617921,5822.326860111466,5668.98473742177,57.52281975998657,-6.442275801208027,97.91798607252622,44.74646933196024,53.171516740565984,0.7744744451050318,16.507948288097964,13.229963183977748,-13.395593014723184,15.379333174090457,26.22115010467664,17.7150692498585,0
2013-11-15,6110.39990234375,6141.64990234375,5972.4501953125,6056.14990234375,617300,5954.586452115619,5831.496391179399,5676.651374350918,54.517416414483286,-3.0054033455032823,94.1809999197103,54.633375449510254,39.54762447020005,0.674026585386616,16.684336689558712,-11.010415172807951,-13.333112028338556,14.79330147296836,24.80911381981042,21.487390834094956,0
2013-11-22,6111.0498046875,6212.39990234375,5972.7998046875,5995.4501953125,753300,5958.478237181988,5837.925952125795,5682.964222290751,52.40192974477055,-2.115486669712737,85.33773214598386,60.77424678880498,24.563485357178884,0.6052339432327002,16.74232953565661,-13.609471143352115,-13.532220161305272,14.57913582989124,25.16726210753544,19.856694337583363,1
2013-11-29,6035.9501953125,6182.5,6030.2998046875,6176.10009765625,788800,5979.204128655728,5851.187683323068,5692.729289129672,57.66684605483188,5.264916310061331,91.84755465101624,66.98890836124724,24.858646289769013,0.7726326716131451,17.164551833138106,-10.12667110305036,13.578269350018235,14.3802677327482,23.657811280701974,18.66575415672554,1
2013-12-06,6171.14990234375,6300.5498046875,6149.89990234375,6259.89990234375,833600,6005.937059483158,5867.215613480742,5703.960390381436,59.883583303016735,2.216737248184856,102.58603186335132,74.10833306166806,28.47769880168325,0.83009857646684,17.852010937458047,13.60306087289346,13.633510149596642,14.749111845627922,26.36278091517269,17.742756964235287,0
2013-12-13,6415.0,6415.25,6161.39990234375,6168.39990234375,907100,6021.409711184167,5879.026762063605,5713.157212400492,56.410190272051615,-3.47339303096512,102.53115182329202,79.79289681399285,22.738255009299166,0.7251182671033249,18.197719575337963,-11.49782197939291,-13.718009079016715,15.575423642320278,27.91260051839737,16.281759884395395,1
2013-12-20,6168.35009765625,6284.5,6129.9501953125,6274.25,1000000,6045.489738690437,5894.525712570915,5724.267960669788,59.34774295553353,2.9375526834819183,109.76359090040114,85.78703563127452,23.97655526912662,0.791411489277707,18.36857686646011,13.868578227217254,13.957878666553508,16.123858108577178,26.482823414905997,16.49010975000836,1
2013-12-27,6267.2001953125,6324.89990234375,6259.4501953125,6313.7998046875,518000,6071.043078309205,5910.967833830389,5735.941858571129,60.42099885426065,1.073255898727119,117.33413481451316,92.09645546792224,25.23767934659091,0.7985581738039895,17.936704406198935,14.268177903486578,13.157732451741689,16.811096590681395,27.28736032809782,16.113677659706525,0
2014-01-03,6336.39990234375,6358.2998046875,6171.25,6211.14990234375,501800,6084.386585360115,5922.739679654443,5745.351918843854,56.26873757492266,-4.152261279337992,113.73973530311105,96.42511143496002,17.31462386815103,0.6844457255841238,16.469227161726913,13.883824132114356,-13.1259589057383,16.812265703146146,25.4960523084232,18.151308336798223,0
2014-01-10,6220.85009765625,6239.10009765625,6139.60009765625,6171.4501953125,713800,6092.678357736532,5932.493033209661,5753.789508476896,54.7029916301977,-1.565745944724959,106.46050281387032,98.43218971074208,8.028313103128255,0.6264811774915858,14.139208766806108,12.785213711379622,-13.478359490989863,16.590751265528134,24.571993438313463,18.64630505519024,1
2014-01-17,6189.5498046875,6346.5,6189.5498046875,6261.64990234375,712200,6108.770885794363,5945.401145724723,5763.846149939605,57.59047841787757,2.887486787679869,106.73959355768328,100.09367048013031,6.645923077552965,0.7341553986041498,11.136593564864487,13.88232866636735,13.4761154539248,16.932521551953116,26.935418230693013,17.448185383593025,1
2014-01-24,6261.75,6355.60009765625,6243.35009765625,6266.75,681700,6123.816515718709,5958.003061578655,5773.804642020009,57.75445786650645,0.1639794486288792,106.14869416934472,101.3046752179732,4.84401895137151,0.7358804694465079,9.327944523891066,14.37558395546618,13.432346424270731,17.295031764103186,26.1354452781768,16.706855458515946,0
2014-01-31,6186.2998046875,6188.5498046875,6027.25,6089.5,876000,6120.54827612645,5963.159804261846,5780.056035247336,50.453060283640085,-7.301397582866365,90.33646594008496,99.11103336239556,-8.774567422310596,0.3941682369984648,8.34773093097306,13.681751710902525,-13.683122511470389,16.14538961488118,23.810885774185813,23.246181357574265,0
2014-02-07,6058.7998046875,6079.9501953125,5933.2998046875,6063.2001953125,852200,6115.086554144169,5967.082956852068,5785.662850298131,49.45404243810444,-0.9990178455356472,74.82050252681711,94.25292719527988,-19.43242466846276,0.3351308697522506,8.203789791168079,10.025749432069084,-13.655577693480726,15.440936604390131,22.41087822361647,25.4158545459233,0
2014-02-14,6072.7998046875,6106.60009765625,5984.60009765625,6048.35009765625,716000,6108.73070114532,5970.269903550271,5790.8645779685885,48.86567168752072,-0.5883707505837137,60.62684246091703,87.5277102484073,-26.90086778749027,0.2448554792115771,6.921930715383053,-13.449363754401045,-13.481436842589853,14.619107480606775,22.384172538857342,24.218126258163377,1
2014-02-21,6071.2998046875,6160.35009765625,6066.7998046875,6155.4501953125,466500,6113.180176780289,5977.531875776241,5798.084095143716,53.19104379163222,4.325372104111494,57.35914686664,81.49399757205386,-24.134850705413854,0.460928386829157,5.827508579789174,-12.332269077986076,13.05301544288996,13.63367577528538,23.52409865711629,23.14002325256817,1
2014-02-28,6140.9501953125,6282.7001953125,6130.7998046875,6276.9501953125,653500,6128.777321402405,5989.273770660016,5807.566592176761,57.57534454259564,4.384300750963419,63.83762870170358,77.9627237979838,-14.12509509628022,0.7699677613212597,5.900170869896878,12.963604429132907,13.390099342267124,13.433450552808466,27.00531773152192,21.727318519268152,1
2014-03-07,6264.35009765625,6537.7998046875,6212.25,6526.64990234375,937300,6166.669948158724,6010.347344451535,5821.805865645414,64.85986885619279,7.284524313597153,88.10493293734635,79.99116562585631,8.113767311490037,1.1980333817948026,7.659672153995547,14.12585953410628,13.75075974762828,14.424046208484672,33.3477770952419,19.043909094519652,0
2014-03-14,6491.7001953125,6562.85009765625,6432.7001953125,6504.2001953125,1000000,6198.815685982892,6029.714122916671,5835.318624648723,63.79921052820617,-1.0606583279866229,104.32287349625584,84.85750719993622,19.46536629631963,1.0361281969800964,8.730746622051377,12.801058335158986,-13.816810712397084,15.443377983749098,32.635863776350114,18.082411401885675,0
2014-03-21,6532.4501953125,6574.9501953125,6473.25,6493.2001953125,683700,6226.852305919046,6047.89004732435,5848.345982483649,63.25338991101374,-0.545820617192426,114.9628796492907,90.87858168980712,24.084297959483564,0.9582739450910124,9.486851876092985,-12.679510994367368,-13.435275966530623,16.440162848034443,31.79067808174863,17.34545716307256,1
2014-03-28,6510.5,6702.60009765625,6510.5,6695.89990234375,1000000,6271.5235055785415,6073.302198501581,5865.129228421473,68.58666302042107,5.33327310940733,138.1587257186984,100.3346104955854,37.82411522311301,1.123817120378404,11.425072866829458,13.44328823459249,13.825758864220342,17.87414616353459,34.2082203133204,15.907865769069945,0
2014-04-04,6723.14990234375,6776.75,6662.39990234375,6694.35009765625,924300,6311.792704824038,6097.657018076274,5881.549443653846,68.50479655200245,-0.0818664684186245,154.63401983540098,111.1944923635485,43.43952747185247,1.0227855353302795,12.545016450484336,-12.36777048802826,-13.7367930551521,19.4747118951268,35.63206998523831,15.1685361052899,1
2014-04-11,6694.25,6819.0498046875,6650.39990234375,6776.2998046875,635500,6356.031476239607,6124.270460688479,5899.267272585205,70.50929902666977,2.0045024746673192,172.31710131581804,123.4190141540024,48.89808716181562,1.033875261472078,13.479948737479322,12.900221823922582,13.362168943174533,21.110945574645864,34.90678487362631,14.12580202819161,1
2014-04-18,6792.7001953125,6813.39990234375,6665.14990234375,6779.39990234375,374500,6396.352278725715,6149.961811341627,5916.695641491315,70.58556579258274,0.0762667659129761,184.4549410201671,135.62619952723537,48.82874149293173,0.9607061663550092,14.621721553107433,13.560490558240303,12.833349752162816,22.63030541991357,32.77397424398838,13.26271306634766,1
2014-04-25,6789.25,6869.85009765625,6772.85009765625,6782.75,563800,6433.152061704219,6174.77703442627,5933.845232748912,70.67382751435497,0.088261721772227,192.12983813979736,146.92692724974776,45.2029108900496,0.906371492770548,15.62936192210958,14.10721029876706,13.242456631339186,24.25356602840509,33.8232973502381,12.715281130668307,0
2014-05-02,6778.5498046875,6786.25,6656.7998046875,6694.7998046875,509100,6458.070894369293,6195.170084240436,5948.913640114033,65.1470653267268,-5.526762187628165,188.93745035230225,155.32903187025866,33.60841848204356,0.7868208474310318,15.831721686090416,13.62870014129692,-13.140401704139135,24.696106538855226,31.929203477769747,17.023522693293152,1
2014-05-09,6681.64990234375,6871.35009765625,6638.5498046875,6858.7998046875,575400,6496.235552494836,6221.194779159929,5966.931187927369,69.87744212674687,4.730376800020068,197.3657795746085,163.73638141112863,33.62939816347986,0.8940704597805782,16.786797115485065,14.155548572493505,13.26282246801952,25.479235274860905,32.38180641911795,15.357878348928269,1
2014-05-16,6863.39990234375,7563.5,6862.89990234375,7203.0,1000000,6563.546452257233,6259.696944683068,5991.407798067421,76.94878820507304,7.071346078326172,229.17755418026536,176.82461596495597,52.35293821530939,1.073900472273446,19.51043322839424,14.752427499466185,13.952748448032557,28.02733500631164,48.30308510472933,11.64391625737001,1
2014-05-23,7276.85009765625,7381.0,7193.5498046875,7367.10009765625,1000000,6640.075370866663,6303.124519309467,6018.649229742448,79.42828297869659,2.479494773623543,264.5802052748804,194.3757338269409,70.20447144793957,1.0711793077623886,22.277712302969174,15.157644284585986,14.058535949123542,30.39342761408733,45.17370616963283,10.889549819308405,0
2014-05-30,7428.75,7504.0,7118.4501953125,7229.9501953125,1000000,6696.25392557579,6339.470624250764,6042.635387476508,72.41723820311721,-7.0110447755793786,278.3614330933842,211.17287368022957,67.18855941315468,0.9180664319970318,23.29142612636962,14.792520401308224,-13.9731132726572,32.79999801510206,43.50824054751035,9.522970078112936,1
2014-06-06,7264.0498046875,7592.7001953125,7239.5,7583.39990234375,1000000,6780.74401860131,6388.252164568135,6073.145575889721,77.84475252858599,5.427514325468778,314.18189951671684,231.774678847527,82.40722066918983,1.0370621224189758,25.99135679337029,15.14120556257356,13.918338770046113,35.176746553209725,41.358498565206055,8.448671297003013,0
2014-06-13,7621.64990234375,7700.0498046875,7525.35009765625,7542.10009765625,929500,6853.254121368447,6433.50110312061,6102.233784241534,75.96381212386493,-1.8809404047210592,335.37137569079005,252.49401821617963,82.87735747461042,0.9444117608758704,27.59282199692955,14.85765866234756,-13.742403161990287,37.54687012603889,42.46894698014314,7.9816722517012,0
2014-06-20,7534.7998046875,7663.0,7487.5498046875,7511.4501953125,751500,6915.939461744071,6475.773616539901,6130.1390597082855,74.52464447836108,-1.4391676455038436,345.70591466367296,271.1363975056783,74.56951715799465,0.883644203751419,27.72238665997685,14.54970418785261,-13.52982781884627,39.44832977382951,40.07326758304949,8.746766997433781,0
2014-06-27,7514.0,7593.35009765625,7441.60009765625,7508.7998046875,677800,6972.402351548208,6516.284447447651,6157.439272480151,74.39339291737356,-0.131251560987522,349.6516799667734,286.8394539978973,62.81222596887608,0.8483555660330597,27.074295592913444,14.156260062590048,-13.426609013515463,40.84388391497065,38.07279986186939,9.821705123729256,1
2014-07-04,7534.0498046875,7758.0,7531.60009765625,7751.60009765625,674900,7046.611660701354,6564.728198436224,6189.006813572747,78.18396224417148,3.7905693267979217,368.1271413388831,303.0969914660945,65.03014987278863,0.9339390302330992,26.69746235608178,14.548311530962051,13.422321292431391,42.45780934868441,40.34409896137567,9.02494815691483,0
2014-07-11,7780.39990234375,7808.85009765625,7447.2001953125,7459.60009765625,968800,7085.9438927922965,6599.821214091911,6214.167076623905,65.60590260282731,-12.578059641344169,355.1135895211464,313.50031107710487,41.61327844404156,0.7549957068025357,25.032250611789717,13.921761577006242,-13.783814503425276,43.29635170158725,35.804650642097855,10.635367296617796,1
2014-07-18,7469.0,7685.0,7422.14990234375,7663.89990234375,701500,7140.987322273388,6641.549790101787,6242.874657331228,69.32433387836717,3.718431275539857,357.1683286188327,322.23391458545046,34.93441403338221,0.8413887408417967,24.096712400215715,14.410824929564804,13.460977604040387,43.87946981581968,32.90657196400269,10.545918214696531,1
2014-07-25,7701.64990234375,7840.9501953125,7674.0,7790.4501953125,619100,7202.840929229494,6686.604707953187,6273.519717489273,71.38784271514163,2.06350883677446,364.8030526658795,330.74774220153625,34.05531046434322,0.8726664664881615,24.25874764596727,14.704512720666568,13.33602370475396,44.789704031787885,35.96652114338152,9.961061420333063,0
2014-08-01,7792.89990234375,7799.89990234375,7593.89990234375,7602.60009765625,684600,7240.913230984423,6722.52609578468,6299.838140858916,64.45657736495724,-6.93126535018439,351.64218134935254,334.92663003109953,16.715551318253006,0.741110569879124,23.22338877810497,14.374040613848766,-13.436591465784137,45.01331947139439,33.629609869482216,11.840288826155794,0
2014-08-08,7639.5498046875,7752.4501953125,7540.10009765625,7568.5498046875,616800,7272.11671419424,6755.70349613381,6324.961144103047,63.25764306578231,-1.1989342991749297,334.6073763904715,334.86277930297393,-0.2554029125024613,0.7010702385406744,21.62009751627714,13.938878855852998,-13.332301722501018,44.81273221120045,31.367111636900415,12.74820084604554,1
2014-08-15,7619.85009765625,7796.7001953125,7598.60009765625,7791.7001953125,509000,7321.600855253121,6796.330817670229,6354.005481750758,67.52135216144114,4.263709095658832,335.2490005165282,334.9400235456848,0.3089769708433891,0.8125637612115,21.17436405341951,14.310390319544968,13.140205260167273,44.7630785921702,30.502479444770923,11.827511272279583,1
2014-08-22,7785.25,7929.0498046875,7779.2001953125,7913.2001953125,603900,7377.943649544491,6840.129616793456,6384.880624593565,69.59050723470465,2.0691550732635022,341.623503743308,336.2767195852095,5.346784158098501,0.8567793712472368,20.700172231771827,14.623860113805888,13.311165556197915,45.10144308482233,33.31255322637692,11.252681269691116,1
2014-08-29,7931.75,7968.25,7862.4501953125,7954.35009765625,571000,7432.839501745611,6883.824537611606,6415.959228020549,70.28107361379672,0.6905663790920755,346.0072406037534,338.2228237889183,7.78441681483514,0.8498634854350962,20.25884152883907,14.850544220203998,13.2551462399501,45.52315809423224,33.44579050557702,10.851670007470153,1
2014-09-05,7990.35009765625,8141.89990234375,7984.0,8086.85009765625,692200,7495.126225165672,6931.002010554533,6449.046175934127,72.45048522935936,2.169411615562637,356.0684903878191,341.79195710869845,14.276533279120656,0.8995686171894242,19.825964202033838,15.070385865328769,13.447631654851508,46.35043707328635,37.21313274353415,10.160429690676445,1
2014-09-12,8132.9501953125,8180.2001953125,8057.2998046875,8105.5,566700,7553.257060864179,6977.060755238669,6481.847241757213,72.75198643896209,0.3015012096027334,361.3812168684235,345.70980906064347,15.671407807780042,0.8830068155976981,18.86214631391211,15.22016066682143,13.247587106758235,47.20662583159136,36.95289345938925,9.723341231614182,1
2014-09-19,8070.35009765625,8160.89990234375,7925.14990234375,8121.4501953125,626400,7607.3706927164,7021.938772496467,6514.314626976129,73.02389846703373,0.2719120280716396,362.6976851973186,349.1073842879785,13.5903009093401,0.8871849044472199,16.609675625233816,15.363179656744045,13.347746020081466,46.91103384246822,33.93701378113927,13.504669346494548,0
2014-09-26,8084.4501953125,8159.89990234375,7841.7998046875,7968.85009765625,808200,7641.797302710672,7059.072549953714,6543.117309563854,66.21575929115318,-6.808139175880555,347.42257213544417,348.77042185747166,-1.3478497220274903,0.761080714698898,14.084151752394488,15.17451105742709,-13.60256606894324,46.00834330506335,30.33899418654631,14.850897179569648,0
2014-10-03,7978.4501953125,8030.89990234375,7923.85009765625,7945.5498046875,351400,7670.726112422751,7093.836363864843,6570.888250061352,65.21596967852506,-0.9997896126281204,329.636946540908,344.9437267941589,-15.306780253250963,0.7203550961187526,13.05628936752344,15.079891772499304,-12.769683300490902,45.170130663187386,29.216398574936044,14.301388125322454,0
2014-10-10,7897.39990234375,7972.35009765625,7815.75,7859.9501953125,550800,7688.747453650346,7123.880043529457,6596.414229175236,61.53977704988345,-3.676192628641609,305.11733432677374,336.9784483006819,-31.86111397390817,0.6166936685698131,12.383033643761204,14.910817724060577,-13.21912886137602,43.58001788379771,27.607109958912844,17.315899165265257,0
2014-10-17,7831.0,7928.0,7723.85009765625,7779.7001953125,735400,7697.409619522932,7149.598480854283,6619.845634445281,58.22602948639072,-3.3137475634927256,276.0279819159641,324.78835502373835,-48.76037310777423,0.5050668058522361,10.718200617088767,14.62852792789249,-13.508171207652572,41.47211027703639,25.625486185770985,19.304190120157568,1
2014-10-24,7896.9501953125,8005.0,7856.9501953125,7995.89990234375,490700,7725.837265505867,7182.786771893085,6647.094233809607,63.8704661542915,5.644436667900777,267.338260993567,313.2983362177041,-45.960075224137086,0.739301671562992,10.709431647084903,14.825437706045276,13.103590259980953,39.88879864588778,26.297641971997404,17.786809173178224,1
2014-10-31,8064.35009765625,8330.75,7985.64990234375,8322.2001953125,787100,7782.633735011262,7227.469651242866,6680.264648888873,70.37627823570564,6.505812081414142,283.5131382171894,307.3412966176012,-23.82815840041178,1.0306550592533954,11.715323443353617,15.077516676626413,13.57611185461633,39.671074170923184,34.113568030481254,15.74525175094811,1
2014-11-07,8348.150390625,8365.5498046875,8290.25,8337.0,456100,7835.430522153047,7270.980645311773,6713.071289504935,70.63456302332082,0.2582847876151817,294.13545506869286,304.7001283078196,-10.564673239126703,0.9768649586823162,12.263534899853662,15.198951100815764,13.030469555199032,39.57893464001388,34.43138390608686,15.33173944833162,1
2014-11-14,8337.7998046875,8415.0498046875,8304.4501953125,8389.900390625,652100,7888.237176293233,7314.859851010332,6746.275826160778,71.58812023351453,0.9535572101937078,303.32578626922987,304.42525990010165,-1.0994736308717847,0.96833357844525,12.65593583948545,15.350375990377575,13.387954736887249,39.65189602687706,34.84317980721933,14.720237196174208,1
2014-11-21,8378.400390625,8489.7998046875,8349.099609375,8477.349609375,633800,7944.343122301019,7360.447684671692,6780.554514937297,73.14081083029232,1.5526905967777935,314.0454901440753,306.3493059488964,7.696184195178887,0.9734763366290302,13.81941909210967,15.478394635695413,13.359490304022502,39.95440525611584,35.79050153109361,13.957558062655332,1
2014-11-28,8490.9501953125,8617.0,8429.4501953125,8588.25,956000,8005.66758684378,7408.5967950767235,6816.350465136558,75.00623844805912,1.865427617766798,327.7120073591932,310.6218462309558,17.090161128237412,1.0084205841317642,14.115908310607942,15.644967304865808,13.770514238058096,40.60430102912828,38.007961360115175,12.99131421294396,0
2014-12-05,8605.099609375,8626.9501953125,8504.650390625,8538.2998046875,729400,8056.3944647336575,7452.898873884989,6850.448471860339,72.5617823363608,-2.4444561116983152,330.70015190611684,314.637507365988,16.062644540128872,0.9110191239202958,14.537675697651538,15.520458811987174,-13.499978928345632,41.23578152839832,36.6230558201668,12.38902080179081,0
2014-12-12,8538.650390625,8546.349609375,8216.2998046875,8224.099609375,718800,8072.366383270928,7483.142039982637,6877.649484484392,59.43938685859367,-13.122395477767135,304.20822505149954,312.55165090309026,-8.343425851590723,0.626198364270003,14.275320107810504,15.380432369394232,-13.48533982509814,39.75486633935287,32.27443029995287,21.2917691048447,1
2014-12-19,8160.75,8263.4501953125,7961.35009765625,8225.2001953125,887500,8086.921984417744,7512.242359799494,6904.333656976037,59.46703816866829,0.0276513100746171,280.0734775330511,306.05601622908245,-25.982538696031327,0.6076913837565809,13.225906933655033,15.550664578086256,13.696164927091637,37.0396320948136,28.892681459584253,27.90352613936853,0
2014-12-26,8255.0,8364.75,8147.9501953125,8200.7001953125,568800,8097.758004502959,7539.2407062902,6930.00428149755,58.510782732368085,-0.9562554363002036,256.01835081594163,296.0484831464543,-40.030132330512686,0.5623779874021039,11.696674292035308,15.444947352945036,-13.251285915556824,34.95671006281172,30.228559694528563,25.81318546645766,1
2015-01-02,8214.7001953125,8410.599609375,8214.7001953125,8395.4501953125,346200,8126.1096417229155,7572.817548996957,6959.023012464183,63.5309493562138,5.020166623845718,249.78976605677144,286.79673972851776,-37.00697367174632,0.7434780925683926,11.25679032258233,15.510612456731431,12.754774810223829,33.21697661168819,29.62107794326803,23.94304436106167,0
2015-01-09,8407.9501953125,8445.599609375,8065.4501953125,8284.5,746900,8141.194437749305,7600.726664722567,6985.270081524298,59.14055459552959,-4.390394760684217,233.21248588084745,276.0798889589837,-42.86740307813625,0.605764039584691,10.903490997408422,15.363137107182842,-13.52368792521158,30.86007269803572,25.953669157948216,25.839557378320027,1
2015-01-16,8291.349609375,8530.75,8236.650390625,8513.7998046875,787000,8176.68066317199,7636.5334545251135,7015.53799683446,64.58730530466866,5.446750709139074,235.8586184715814,268.03563486150324,-32.177016389921846,0.825768065134044,11.048038337609936,15.5179470714711,13.575984798046765,29.060088790873436,26.23412113217289,23.42335973680616,1
2015-01-23,8550.0498046875,8866.400390625,8531.5,8835.599609375,836700,8239.434848524657,7683.55565667609,7051.578820845163,70.52554346939438,5.938238164725718,260.91459146251054,266.6114261817047,-5.6968347191941575,1.0548399356999494,12.665476252888908,15.659862635439254,13.637222057454483,28.65513956771191,33.662739283018084,20.900063412111493,0
2015-01-30,8871.349609375,8996.599609375,8775.099609375,8808.900390625,900700,8293.669662058024,7727.686822713302,7086.377267771496,69.48446417224199,-1.0410792971523932,275.4421016666556,268.3775612786949,7.064540387960733,0.9544602879908624,13.755319475869998,15.506215228616284,-13.710928628018802,28.677461419854502,35.36893314661018,19.480378880627963,0
2015-02-06,8802.5,8840.7998046875,8645.5498046875,8661.0498046875,959000,8328.658247070356,7764.2892925946435,7117.558902165872,63.86244776238828,-5.622016409853707,271.8907640405123,269.0802018310584,2.810562209453906,0.7928053969587663,14.101642686906413,15.311623209085507,-13.7736473966179,28.031607965141127,33.22639081653917,22.31964224402643,1
2015-02-13,8584.400390625,8822.099609375,8470.5,8805.5,885300,8374.07174734937,7805.121085041912,7150.983478360607,66.69749960536598,2.8350518429776983,277.53299926956606,270.7707613187599,6.7622379508061385,0.8716014026447957,14.359311854078124,15.492532536651751,13.693682979159105,26.61781387211907,29.733424433785256,25.207150313152383,1
2015-02-20,8831.400390625,8913.4501953125,8793.400390625,8833.599609375,694900,8417.836305637526,7845.453576192229,7184.302609667822,67.23597559841204,0.5384759930460632,281.0323489943876,272.8230788538855,8.209270140502099,0.8566282915511239,14.33917208046612,15.614659491063826,13.451524668357363,25.638084494562683,31.458807360784448,24.269024025363716,1
2015-02-27,8856.849609375,8869.0,8669.4501953125,8844.599609375,891600,8458.480429803,7884.635773571946,7217.179777978855,67.45780212102584,0.2218265226137958,281.44884978740265,274.5482330405889,6.900616746813739,0.8392234341015796,13.653775072685535,15.75225035904353,13.700774002072404,24.170893593137084,29.493890621163555,26.63287805008373,1
2015-03-06,8953.849609375,9119.2001953125,8849.349609375,8937.75,804400,8504.125150774142,7925.934370686771,7251.25047544462,69.35023324885246,1.892431127826626,285.9985741646942,276.83830126541,9.160272899284225,0.9062381930361524,12.343290404406842,15.86197697215327,13.597853180042469,23.694036860954984,34.714417707125456,24.376517986868052,0
2015-03-13,8891.150390625,8891.2998046875,8631.75,8647.75,845200,8517.803707843272,7954.240865953957,7278.90393137641,58.03505057885785,-11.315182669994613,263.17002689146466,274.1046463906209,-10.93461949915627,0.6104660307981258,11.038125548368244,15.746350723079033,-13.647329747875256,22.33634328264416,31.51070828018191,28.689528472868997,0
2015-03-20,8656.75,8788.2001953125,8553.0,8570.900390625,834800,8522.860534774865,7978.423592411645,7304.488019678362,55.452986965992935,-2.582063612864914,236.1548711358973,266.51469133967623,-30.35982020377889,0.5161674745672182,10.764497525478737,15.617303027895575,-13.634948652076176,20.77087339316672,29.274397607909087,29.02965768933089,0
2015-03-27,8591.5498046875,8627.75,8269.150390625,8341.400390625,941500,8505.578616284402,7992.657976655306,7325.020937914929,48.511577322193865,-6.941409643799069,193.99023490420225,252.00980005258145,-58.0195651483792,0.2665357592768827,10.754526152855211,15.448469860790356,-13.755230689213672,20.23701155459317,26.21913119752871,34.261066792499186,1
2015-04-03,8390.9501953125,8603.400390625,8380.75,8586.25,427400,8513.261605209696,8015.936095217843,7349.995770827505,54.98561810141168,6.474040779217809,178.27671114114673,237.2631822702945,-58.98647112914779,0.5222587098979741,10.595598412337706,15.52865980690753,12.965477961593038,19.74128270448916,24.229461258087447,31.661125010421745,1
2015-04-10,8615.7998046875,8787.400390625,8573.75,8780.349609375,735500,8538.698557987345,8045.913095773026,7378.319609214584,59.34921576619631,4.363597664784635,179.41763189070662,225.69407219437693,-46.27644030367031,0.7159402928652143,10.74740003452941,15.653183199644229,13.508307178642012,18.52732684349389,28.09641844632718,29.68298341800693,0
2015-04-17,8801.75,8841.650390625,8596.7001953125,8606.0,414900,8545.108219131407,8067.877288095653,7402.6301120024145,54.261035517410654,-5.088180248785655,164.35863934388544,213.42698562427864,-49.0683462803932,0.5259243304101785,10.749066184738794,15.584854158352844,-12.935795216537384,17.21858587405668,27.6703638901256,27.557173246066277,0
2015-04-24,8618.7998046875,8619.9501953125,8273.349609375,8305.25,1000000,8522.26457921413,8077.186021895824,7420.503773150882,46.806464121476274,-7.45457139593438,126.69579744145813,196.08074798771457,-69.38495054625645,0.2217990073514739,11.122013042652538,15.385979133647398,-13.871986349982064,17.08814460567243,24.947758790842038,34.02510223856999,0
2015-05-01,8330.5498046875,8334.4501953125,8144.75,8181.5,774200,8489.810809765166,8081.276766135204,7435.573005365715,44.12050539689109,-2.685958724585184,85.87225125076657,174.03904864032498,-88.16679738955841,0.0996751532694481,11.276697361185256,15.210442755329622,-13.559586808780754,17.344736201797218,23.580216575993106,35.87602018804249,1
2015-05-08,8230.0498046875,8355.650390625,7997.14990234375,8191.5,841500,8461.400256454197,8085.599245894607,7450.541856744612,44.398170981047215,0.2776655841561251,53.707111058620285,149.97266112398404,-96.26555006536375,0.115733219440374,11.39528222806237,15.399876991047057,13.642942480966422,17.98930276125005,21.21358855010807,36.40750286228978,1
2015-05-15,8243.2001953125,8332.75,8089.7998046875,8262.349609375,799800,8442.443051970464,8092.530632697761,7466.617257786797,46.42921681081639,2.0310458297691767,33.546276487182695,126.68738419662378,-93.14110770944109,0.1795202021642692,11.190962129905138,15.551757493442464,13.59211822570665,18.58782885217053,19.76578864103885,33.92273800466309,1
2015-05-22,8284.9501953125,8489.5498046875,8271.9501953125,8458.9501953125,743700,8444.015160860181,8106.900027310104,7486.267414965524,51.70147362366736,5.272256812850962,33.05169470130204,107.96024629755944,-74.9085515962574,0.3802517612601457,11.097431759542935,15.674882101372855,13.5193943513187,18.410834077993428,22.933101067899248,31.74105385236794,0
2015-05-29,8438.150390625,8443.900390625,8270.150390625,8433.650390625,999800,8443.028039885401,8119.713767047942,7505.027473889474,51.00580058286077,-0.6956730408065823,30.26932632189164,92.42206230242589,-62.152735980534246,0.3411988143905211,10.765128128460637,15.505588107566352,-13.815311538161149,18.252488921805384,21.685032135867942,30.065517049781644,0
2015-06-05,8417.25,8467.150390625,8056.75,8114.7001953125,757200,8411.758721354649,8119.517156391651,7517.100201046366,43.12727948385799,-7.878521099002782,2.301138064412953,74.3978774548233,-72.09673939041035,0.058004653603534,11.779039991397442,15.355105451924572,-13.537384018971478,18.784773241315637,19.23456408818394,32.54395860770549,0
2015-06-12,8124.35009765625,8163.0498046875,7940.2998046875,7982.89990234375,711500,8370.915024305992,8114.159617017224,7526.3239575077,40.35342471627108,-2.7738547675869114,-30.151467423305803,53.48800847919749,-83.63947590250329,0.0104982224938962,12.827653291513622,15.18953014129619,-13.475132101992434,19.610819506419144,18.042807091453174,33.766689220751225,1
2015-06-19,7986.60009765625,8250.7998046875,7944.85009765625,8224.9501953125,701400,8357.013612020897,8118.504345577824,7540.158140434528,47.084555440192375,6.7311307239212965,-35.924836187705296,35.605439545816935,-71.53027573352223,0.2574395804107747,12.80217171237543,15.352936976021644,13.460835042407188,19.92829192911092,18.935938159312062,30.93185097445892,1
2015-06-26,8259.2998046875,8423.150390625,8257.400390625,8381.099609375,696300,8359.307516530811,8128.802199060066,7556.810446750181,50.931572252271785,3.84701681207941,-27.58236744613532,22.96787814742649,-50.55024559356181,0.4133571389774739,12.726826758073424,15.492401677209749,13.45353731709218,19.40194105454842,22.699572781994032,29.22039919506039,1
2015-07-03,8247.0498046875,8497.75,8195.650390625,8484.900390625,622700,8371.268742635018,8142.766834023398,7575.18846544077,53.35904315695466,2.427470904682877,-12.451512036688657,15.884000110603456,-28.335512147292118,0.5254862340523881,12.238336131008962,15.602525623620863,13.341821746769002,18.58027478961481,22.865604620493308,26.78751234345334,0
2015-07-10,8386.150390625,8561.349609375,8315.400390625,8360.5498046875,697200,8370.247891401921,8151.307342676892,7590.740175128824,50.157775027219095,-3.201268129735567,-10.3746605281558,10.632267982851603,-21.00692851100741,0.4240644731270455,11.602579735433538,15.478375676376237,-13.454829026935638,17.535031024356673,23.06924178301462,24.965090632586165,1
2015-07-17,8397.25,8642.9501953125,8355.400390625,8609.849609375,546000,8393.067102637453,8169.289392351328,7610.920559965382,55.87351120681709,5.715736179597997,11.257895990956968,10.75739358447268,0.5005024064842889,0.7030350200963538,10.918208476971074,15.576879717677745,13.210376086227196,16.358245859682246,23.48809338563329,22.995350878547868,0
2015-07-24,8623.900390625,8654.75,8498.650390625,8521.5498046875,651800,8405.303550451743,8183.103526168433,7628.952822237107,53.53192525068458,-2.341585956132512,21.03432598395557,12.812780064369257,8.221545919586312,0.6496594404131393,9.48179835908918,15.458112610252778,-13.38749457959737,15.318133284494513,22.78574606017528,21.98142776459428,1
2015-07-31,8492.099609375,8548.9501953125,8321.75,8532.849609375,870700,8417.45079415872,8196.8190588432,7646.8517685170655,53.798766880767765,0.266841630083185,29.355623634635776,16.12134877842256,13.234274856213217,0.6759873743741572,9.22230341118656,15.61379883473712,13.677053913317254,14.875882639510449,21.312767588639524,25.593749119574557,1
2015-08-07,8510.650390625,8606.2998046875,8448.25,8564.599609375,755500,8431.464967036462,8211.241825530722,7665.02499308851,54.58786016681251,0.7890932860447464,38.0733853423244,20.51175609120293,17.56162925112147,0.7177097428691237,9.209356644880238,15.731668318898649,13.535136384320792,14.1837485874072,22.00439700192953,24.41152970411651,0
2015-08-14,8577.0,8621.5498046875,8337.9501953125,8518.5498046875,812900,8439.758761098465,8223.293118830989,7681.926474506312,53.16943772147411,-1.4184224453384005,40.796167100144885,24.568638292991324,16.22752880715356,0.6456925507185103,9.263298159874063,15.604248968386136,-13.60836460989752,14.012336011179771,20.201220892689445,25.59821367677244,0
2015-08-21,8530.5,8530.599609375,8225.0498046875,8299.9501953125,843900,8426.44365959504,8226.299278693008,7694.164567987623,46.93480575666671,-6.234631964807399,25.026341608692743,24.66017895613161,0.3661626525611368,0.3812725858626077,9.119463156200796,15.452174651280208,-13.64579046811988,14.302082489635938,18.447253725659333,26.583822917296214,0
2015-08-28,8055.9501953125,8091.7998046875,7667.25,8001.9501953125,1000000,8386.01571061575,8217.501275423185,7700.259332885144,40.041728625752725,-6.893077130913987,-11.386215019752854,17.45090016095472,-28.83711518070757,0.032742285052703,8.96685517711584,15.152956265704272,-14.099712331194452,16.17973800069979,15.45491297310939,36.57242376983832,0
2015-09-04,8009.25,8043.60009765625,7626.85009765625,7655.0498046875,947800,8316.399910051154,8195.444355002179,7699.364094703013,33.81571706763809,-6.226011558114635,-67.45777955036101,0.4691642186915743,-67.92694376905258,-0.1995391743522907,11.176788306544507,14.866856870298296,-13.761899843589978,18.01234681699733,13.86010575211381,33.79881746226246,1
2015-09-11,7685.85009765625,7864.85009765625,7539.5,7789.2998046875,818700,8266.19990001652,8179.517117734937,7701.14499985122,37.84360267189653,4.027885604258444,-99.91034116778428,-19.6067368586036,-80.30360430918068,0.0254915834984445,12.454326017891807,15.118477928218738,13.615474216812432,19.9076397815258,12.753645101902771,33.24393202567219,1
2015-09-18,7811.10009765625,8055.0,7761.85009765625,7981.89990234375,641100,8239.12370976197,8171.767423013714,7706.704502870874,43.1856439601542,5.342041288257668,-108.8334475659194,-37.45207900006677,-71.38136856585265,0.229655205203607,12.823658313200228,15.27906707228891,13.370942289793192,20.650791289190472,16.500078005188275,30.85390371579298,0
2015-09-25,7911.5,8021.60009765625,7723.25,7868.5,639400,8203.826213594164,8159.874582895531,7709.908374101154,40.95383584581626,-2.2318081143379445,-123.6303641894192,-54.687736037937256,-68.94262815148194,0.1557168613713743,13.512241780409765,15.118939752852576,-13.368287079572871,21.44576607563805,15.294881432252316,29.545281861058537,1
2015-10-02,7892.7998046875,8008.25,7691.2001953125,7950.89990234375,744600,8179.737993475077,8151.679497383697,7714.680483571305,43.24887768228219,2.295041836465934,-127.24128541186838,-69.19844591272349,-58.04283949914489,0.2503871282216909,13.907093666917843,15.303119987945337,13.520603783422809,22.274085315656045,14.114999008458074,28.04590376464267,1
2015-10-09,8005.10009765625,8232.2001953125,8005.10009765625,8189.7001953125,926900,8180.686774602451,8153.170505145611,7724.086814496873,49.388491321165056,6.139613638882864,-109.57071558680036,-77.27289984753887,-32.297815739261495,0.4701415856040335,13.712711364908849,15.493242617834522,13.739602042728375,21.88216803384589,18.611328890240603,26.12058396553665,1
2015-10-16,8231.5,8246.400390625,8088.60009765625,8238.150390625,807500,8186.159499937932,8156.503049674216,7734.2662912518845,50.557222966435496,1.1687316452704408,-90.6126100797046,-79.94084189397202,-10.671768185732589,0.5220972914036331,13.529304533435912,15.633733591047609,13.601699572468275,21.449223430401087,18.22855352461841,25.08044588940735,1
2015-10-23,8262.5498046875,8328.099609375,8217.150390625,8295.4501953125,576400,8196.568137592652,8161.951957346305,7745.37884380754,51.96983180855269,1.4126088421171872,-70.15584658676744,-77.98384283253111,7.827996245763671,0.5656285161428289,13.49378502881777,15.72316995758508,13.264558878012314,20.64377044360304,19.85029219612677,24.346365902374554,0
2015-10-30,8333.650390625,8336.2998046875,8044.39990234375,8065.7998046875,896500,8184.114010649304,8158.181284693019,7751.723813329915,46.26467821652404,-5.705153592028644,-71.6486602351888,-76.71680631306265,5.068146077873848,0.3533237846191389,13.340622750700351,15.580378502933424,-13.70625468747567,20.53712769292212,18.330200679902443,27.01395687953593,0
2015-11-06,8054.5498046875,8116.10009765625,7926.14990234375,7954.2998046875,742300,8162.226943414847,8150.185932535939,7755.735219099372,43.75326126314977,-2.5114169533742725,-80.89632152400645,-77.55270935525141,-3.343612168755044,0.2694026573553476,13.672207911688597,15.444457132922516,-13.51751010026895,20.834387131817547,17.396607083816054,28.80875964391516,0
2015-11-13,7788.25,7937.75,7730.89990234375,7762.25,537900,8124.133901184861,8134.972758711001,7755.86422466176,39.7507020555223,-4.002559207627471,-102.53995713534276,-82.55015891126969,-19.989798224073084,0.1431810642072209,14.387326234364089,15.332964971051558,-13.19542980734122,21.695348409473176,16.342380689647943,32.35932079579449,1
2015-11-20,7732.9501953125,7906.9501953125,7714.14990234375,7856.5498046875,722600,8098.649701518446,8124.054211494394,7757.857998523656,42.53070228561327,2.7800002300909696,-110.80618344111554,-88.20136381723887,-22.604819623876665,0.2495977369047589,14.421122163257442,15.480042721987152,13.490612481586222,22.54249651289673,15.471020553386792,31.097175034172963,1
2015-11-27,7869.5,7959.2998046875,7812.64990234375,7942.7001953125,627700,8083.79736759407,8116.9422892911825,7761.518240044226,45.0263240277788,2.4956217421655325,-109.14742720984214,-92.39057649575952,-16.756850714082603,0.3402302631535704,14.418999079899042,15.59230883123113,13.349819217422086,23.02009391211286,16.317438731098644,29.79581804164389,0
2015-12-04,7936.25,7979.2998046875,7775.7001953125,7781.89990234375,759400,8055.045228046421,8103.80337215599,7761.9218373174845,41.41156935555403,-3.6147546722247696,-119.4313603456976,-97.79873326574716,-21.632627079950467,0.2267207798704793,13.874810511122252,15.45479868648546,-13.540285243608048,23.58506346263764,15.356600148468305,29.10995913739624,0
2015-12-11,7816.5498046875,7825.39990234375,7575.2998046875,7610.4501953125,721300,8012.7028439765245,8084.456188750362,7758.92239886194,37.91635724199625,-3.495212113557777,-139.8044314791805,-106.19987290843385,-33.60455857074666,0.1145021323102042,13.951921965161926,15.303955513452516,-13.488811804876496,24.71695853549552,14.2468175515501,32.796909057592984,1
2015-12-18,7558.2001953125,7852.89990234375,7551.0498046875,7761.9501953125,804800,7988.821639341855,8071.808894890054,7758.982355227297,42.53206209509972,4.615704853103466,-142.08755636747446,-113.37740960024196,-28.7101467672325,0.2694485854279723,13.142870814325622,15.470877593308725,13.598350320871573,25.5900741360322,13.80578693186745,29.980807561362354,1
2015-12-25,7745.64990234375,7888.75,7733.4501953125,7861.0498046875,463400,7976.652893184297,8063.54383252917,7761.00349284037,45.3920281560482,2.85996606094848,-134.35171607206212,-117.572270894606,-16.77944517745611,0.3827350482801212,11.585360513423044,15.555696167134125,13.046348048940969,26.16149081116281,14.227172498022616,28.61924430781216,1
2016-01-01,7863.2001953125,7955.5498046875,7863.0,7946.35009765625,493600,7973.766912657816,8058.947999789055,7764.673722638704,47.80009342949025,2.408065273442056,-119.9552170730567,-118.04886013029616,-1.906356942760553,0.507294051117128,9.742032596978426,15.638768855750396,13.109482777503192,26.245513040267927,15.858902127325663,27.792136701399905,0
2016-01-08,7924.5498046875,7937.5498046875,7556.60009765625,7601.35009765625,773300,7938.298644562429,8041.002984019141,7761.439591450932,40.09830657524934,-7.701786854240915,-134.8302652410939,-121.40514115245573,-13.4251240886382,0.0959958488421817,9.531326506450378,15.50536667679421,-13.55842364375548,27.29809599806895,14.054776427563942,33.57373995768493,0
2016-01-15,7527.4501953125,7605.10009765625,7425.7998046875,7437.7998046875,966400,7890.632088383865,8017.347957378684,7755.030882802151,37.0505886006316,-3.04771797461774,-157.99472503702236,-128.72305792936905,-29.271667107653315,-0.0172431356713075,10.792915602898717,15.308931599155008,-13.781334140930364,28.610485493693467,13.304907934156311,35.674614484702154,0
2016-01-22,7420.35009765625,7470.89990234375,7241.5,7422.4501953125,1000000,7846.043336662783,7994.018633376089,7748.445126614237,36.76813247291055,-0.2824561277210478,-175.56747890093175,-138.0919421236816,-37.47553677725014,0.0180608820073512,11.698787328185425,15.019953551733828,-13.926516010941455,30.246705113115464,12.393814201542222,38.73320928933718,1
2016-01-29,7468.75,7575.64990234375,7402.7998046875,7563.5498046875,924000,7819.139190760375,7977.137502839282,7744.783833110737,41.20531338489264,4.437180911982082,-176.07872771708935,-145.68929924236318,-30.389428474726174,0.1953796556803976,12.166351704819228,15.264521703742016,13.736468432874318,31.09727784091448,14.931537623105203,36.69424230405462,0
2016-02-05,7589.5,7600.4501953125,7350.2998046875,7489.10009765625,1000000,7787.70689617903,7957.998781067399,7739.720788844311,39.62528324306104,-1.5800301418315996,-180.4116915645245,-152.63377770679546,-27.77791385772906,0.1586527173901586,12.75510169612236,14.967284710822172,-13.90635715442205,32.020455384196744,13.799390528573996,35.5033077280094,0
2016-02-12,7489.7001953125,7512.5498046875,6869.0,6980.9501953125,1000000,7710.872924667932,7919.683150253482,7724.695628576354,30.9124545064917,-8.712828736569335,-222.28666466256345,-166.56435509794906,-55.72230956461439,-0.1481212365042386,15.946872628327071,14.461094845948825,-14.04400059133778,33.84393240499968,11.403795491869486,42.32323756644621,1
2016-02-19,7057.35009765625,7226.85009765625,6960.64990234375,7210.75,1000000,7663.242169937653,7891.881850243541,7714.518487416425,37.595093865821234,6.682639359329535,-234.22990230376217,-180.09746453911168,-54.13243776465049,0.0948030307040588,17.131383415979514,14.983058249801395,14.083245757717007,35.53716106717383,10.58521030684748,39.28519858383199,0
2016-02-26,7208.85009765625,7252.39990234375,6961.39990234375,7029.75,1000000,7602.909582324543,7858.072758077128,7700.958715388377,34.74442366577291,-2.85067020004832,-255.356599574744,-195.14929154623812,-60.20730802850585,0.0286742986988974,18.23222142631371,14.59290743057008,-13.853096281403865,36.94447302661718,10.4445474235774,36.22407367632727,1
2016-03-04,7050.4501953125,7505.89990234375,6825.7998046875,7485.35009765625,1000000,7591.713440927563,7843.4561831586625,7696.689237809523,45.87045111357217,11.12602744779926,-232.65464121817968,-202.6503614806265,-30.00427973755322,0.3728141184032666,17.222943852470515,15.15657243137221,14.314648748988857,36.74959563607967,14.843541082675756,30.284708506968585,1
2016-03-11,7486.39990234375,7547.10009765625,7424.2998046875,7510.2001953125,925500,7583.950274678509,7830.387320890186,7692.996385482849,46.40718380832008,0.5367326947479043,-210.2345276931001,-204.1671947231212,-6.06733296997885,0.4124644009417015,15.53362908186345,15.37336060631364,13.738090491492134,36.346660936679726,15.421541900781593,29.348985971291224,1
2016-03-18,7542.60009765625,7613.60009765625,7405.14990234375,7604.35009765625,1000000,7585.893114962103,7821.523116057483,7691.241013446678,48.491109809222536,2.0839260009024585,-182.76254308969783,-199.88626439643656,17.12372130673873,0.5123644773977774,14.591810628698523,15.570191191913397,13.847978716155518,35.61017704329685,16.302633692154206,27.77991635848713,1
2016-03-25,7619.2001953125,7728.2001953125,7617.7001953125,7716.5,605300,7598.331865918093,7817.404562486602,7691.741191398229,50.938376713964914,2.447266904742378,-150.2097134489013,-189.9509542069295,39.7412407580282,0.6294884519089452,14.03507405251188,15.669759732188744,13.313481133951766,34.32318362559688,18.824013259696702,26.8610531192168,0
2016-04-01,7741.0,7777.60009765625,7582.25,7713.0498046875,1000000,7609.257383896132,7813.3122190435,7692.163144136631,50.858321314279166,-0.0800553996857473,-123.26879739116704,-176.61452284377702,53.34572545261,0.6292796671227682,13.961210190497937,15.45083081400244,-14.043284173966974,32.87477463734934,19.16786748404616,25.432143152379357,0
2016-04-08,7733.14990234375,7764.4501953125,7526.7001953125,7555.2001953125,902700,7604.1090802215,7803.190178897186,7689.451006536153,47.203202431184685,-3.655118883094481,-113.34846108649072,-163.96131049231977,50.61284940582905,0.494115752354678,13.569466775971886,15.257334465372692,-13.71314665907338,31.7461755308294,17.91854071939439,25.297397282673018,1
2016-04-15,7577.7998046875,7864.7998046875,7516.85009765625,7850.4501953125,563600,7627.570138801596,7805.043512874257,7692.639109284199,53.87988790693238,6.676685475747696,-80.731690920873,-147.31538657803043,66.58369565715742,0.7934029477420543,13.25246344662807,15.382458627458536,13.242101833313107,30.16168390150391,18.935974484221152,22.94077015587455,1
2016-04-22,7908.14990234375,7978.4501953125,7842.75,7899.2998046875,796900,7653.449154600254,7808.739838043404,7696.731400282283,54.89618912706136,1.0163012201289732,-50.360387155265016,-127.92438669347736,77.56399953821233,0.8278038357419603,13.58623391197588,15.536293224729413,13.588485734247644,28.122434693628463,21.37643539197389,22.076989328848544,0
2016-04-29,7894.7998046875,7992.0,7788.7001953125,7849.7998046875,1000000,7672.149216513324,7810.350032813761,7699.762457795257,53.60709928042751,-1.2890898466338427,-29.940016545112485,-108.32751266380438,78.3874961186919,0.760451457043185,13.956817692548046,15.318965761218298,-13.903247588270506,26.48069152869657,20.15221522086395,22.335233232006026,0
2016-05-06,7822.7001953125,7890.25,7678.35009765625,7733.4501953125,881200,7677.987404970388,7807.33435291175,7700.4295417064895,50.59942379456081,-3.0076754858666988,-22.88140423322602,-91.23829097768872,68.3568867444627,0.652281508061182,13.909816224630788,15.10087927704284,-13.68904102872584,25.451107560795,18.934998267209476,24.131641199704383,1
2016-05-13,7755.25,7916.0498046875,7753.5498046875,7814.89990234375,868900,7691.026690434518,7807.63104112477,7702.696281521089,52.60416416079713,2.0047403662363195,-10.592983151809676,-75.10922941251292,64.51624626070324,0.7338729477681571,13.790319499337658,15.316226979652813,13.674984473707058,24.35051853257776,18.67991514579205,22.850785781037963,0
2016-05-20,7831.2001953125,7940.10009765625,7735.75,7749.7001953125,872400,7696.61464328004,7805.359243249778,7703.627052091216,50.82607515741941,-1.7780890033777226,-6.045701291064688,-61.29652378822328,55.25082249715859,0.6886895537910205,13.233871132864197,15.099910888219396,-13.679004459572136,23.18859050372978,18.2644169188504,21.47691812066633,1
2016-05-27,7813.9501953125,8164.2001953125,7715.7998046875,8156.64990234375,1000000,7740.427525095631,7819.135347527973,7712.597801601167,59.93006541620954,9.103990258790128,30.049105300798143,-43.027397970419,73.07650327121715,1.0037114047150648,14.859071107473362,15.348693795726703,13.835706245257152,22.125154381198133,22.20958581376521,18.805162840743687,1
2016-06-03,8166.5,8262.0,8134.2998046875,8220.7998046875,1000000,7786.177266009142,7834.886894867563,7722.661207602876,61.15106624222575,1.2210008260162155,63.10344335545415,-21.801229705244367,84.90467306069851,0.9765388167574156,16.313497665826034,15.624848123228992,14.203151759815915,21.573282536798136,24.20797364812853,18.114047581842744,0
2016-06-10,8228.75,8294.9501953125,8162.85009765625,8170.0498046875,944900,7822.73655540708,7848.030538389913,7731.520387743165,59.60369250951915,-1.5473737327066033,84.23315615205956,-0.5943525337835815,84.82750868584314,0.8841067348094406,17.14721731374241,15.456737986629893,-13.758835439083208,21.204893640688457,24.23689744172897,17.401590688293364,1
2016-06-17,8102.25,8213.2001953125,8063.89990234375,8170.2001953125,840800,7855.828330636168,7860.664642582956,7740.207116605924,59.60695438356649,0.0032618740473395,99.83984940550272,19.49248785407368,80.34736155142903,0.8435887177912489,17.95226977536358,15.607653453675,13.642110287887654,20.274058647834533,23.12962647482713,19.63443278381065,0
2016-06-24,8115.75,8285.599609375,7927.0498046875,8088.60009765625,893400,7877.997070352367,7869.603287879948,7747.105987517812,56.92127163507401,-2.685682748492482,104.42013006846446,36.47801629695184,67.94211377151262,0.75780043934313,18.231234831869017,15.446494870556192,-13.702790807218983,18.979196541889458,20.685536495759926,21.59282556454593,1
2016-07-01,8039.35009765625,8356.75,8039.35009765625,8328.349609375,924800,7920.887788354522,7887.593339703283,7758.615762208053,62.296437834066936,5.375166198992929,125.94401323133025,54.37121568382752,71.57279754750272,0.903818613895544,17.016066610057628,15.612871144937744,13.737333858214544,17.840200176731585,20.843963663332083,19.61669186935546,0
2016-07-08,8376.75,8398.4501953125,8287.5498046875,8323.2001953125,586600,7959.203255683853,7904.67596149188,7769.795651972497,62.1171605006244,-0.1792773334425419,140.9614155763802,71.68925566233807,69.27215991404213,0.8681354667882918,16.429803128930086,15.510594098510776,-13.282100140263209,16.997345619442928,21.401821885539174,18.963651857684862,1
2016-07-15,8413.349609375,8594.7998046875,8407.0498046875,8541.400390625,904500,8014.650601868724,7929.645546948082,7785.074953727992,66.5145981352294,4.397437634605012,168.5270721328843,91.05681895644732,77.47025317643698,1.0181918417800229,15.034014771954322,15.664217465074712,13.71513868940007,17.12664908191308,25.509484915384245,17.43303085544415,0
2016-07-22,8564.0498046875,8587.099609375,8476.7001953125,8541.2001953125,785700,8064.798182196702,7953.628082178058,7800.047730789071,66.506970186222,-0.0076279490074,188.18759006951493,110.48297317906086,77.70461689045409,0.956936825842898,15.482698243123648,15.532169434348525,-13.574331591913516,17.24671658277822,24.63894224222584,16.838107150301095,1
2016-07-29,8519.9501953125,8674.7001953125,8517.2001953125,8638.5,879400,8119.436450558921,7980.485804445586,7816.65074602097,68.40355298143312,1.896582795211117,209.2083496237756,130.2280484680038,78.98030115577177,0.971108254781018,15.99181321021236,15.678861896135322,13.68699627286716,17.73917189198122,26.18235251486537,15.999252822412329,1
2016-08-05,8654.2998046875,8711.2998046875,8518.150390625,8683.150390625,843400,8173.123492469977,8008.041278413406,7833.80915482501,69.2636889144951,0.8601359330619829,226.85531947114487,149.55350266863204,77.30181680251283,0.9448592512131456,16.56424580874612,15.80183589880683,13.645197805970914,18.35200510773866,25.735807370419096,15.011571246166296,0
2016-08-12,8712.849609375,8728.349609375,8540.0498046875,8592.150390625,735500,8213.030816103788,8030.947518107978,7848.825812959663,65.35858753693653,-3.90510137755858,230.836787933089,165.81015972152343,65.02662821156557,0.8383249007937656,16.763304244660738,15.695464190525438,-13.508307178642012,18.99578618660809,24.72046472840919,14.09785479858014,1
2016-08-19,8670.25,8696.599609375,8600.4501953125,8666.900390625,755100,8256.256489867714,8055.886846441979,7865.025309547095,67.00424431234885,1.64565677541232,237.2885163527526,180.10583104776927,57.18268530498332,0.8531178811441953,16.904269692136108,15.804521383371306,13.534606794118544,19.59358290270112,23.853160948500165,13.603239390263584,0
2016-08-26,8667.0,8684.849609375,8547.5498046875,8572.5498046875,850000,8286.379662707694,8076.148138922196,7879.035695589479,62.9399236043475,-4.064320708001347,232.1126042266751,190.50718568355043,41.60541854312467,0.7643716475802051,15.764603012837624,15.68087683807143,-13.652992804936396,19.70648943441688,22.724512744061077,14.782644392342872,1
2016-09-02,8583.75,8824.099609375,8543.75,8809.650390625,1000000,8336.214970128389,8104.912933106621,7897.463709352559,68.16572943023671,5.225805825889211,244.3262513909831,201.27099882503697,43.05525256594612,0.8965619284649594,16.2107235434929,15.834511968620705,13.885503862184809,20.493178980963236,25.263894924531797,13.389512772395374,1
2016-09-09,8852.7001953125,8968.7001953125,8848.4501953125,8866.7001953125,878800,8386.737372526875,8134.786943389204,7916.656511054736,69.28790951034468,1.1221800801079669,255.6619849974504,212.14919605951968,43.512788937930736,0.8896459836198956,16.670155161153087,15.944884587304031,13.686313757407284,21.813913556073626,28.838181302313203,12.660541888326913,0
2016-09-16,8732.9501953125,8847.650390625,8688.900390625,8779.849609375,780000,8424.176633179079,8160.083518525902,7933.749443694741,65.50236870789138,-3.7855408024532977,254.70147900183477,220.6596526479827,34.04182635385203,0.7975368402820683,16.356331036764303,15.8475461083153,-13.567050480716237,21.807969839982785,27.06429818234736,17.401556104213533,1
2016-09-23,8788.4501953125,8893.349609375,8757.2998046875,8831.5498046875,775700,8462.974078084642,8186.415529747926,7951.527668664895,66.66975111545517,1.1673824075637924,255.1705969618015,227.5618415107465,27.608755451055004,0.8128980033217301,15.33047765072538,15.944373136200277,13.561522415636311,22.008626213310475,27.37912094417134,16.562052405070897,0
2016-09-30,8807.900390625,8809.5498046875,8555.2001953125,8611.150390625,1000000,8477.086107850391,8203.07179880193,7964.589504743312,57.704964058565686,-8.964787056889485,235.0484928518108,229.05917177895932,5.989321072851453,0.6230229352400452,13.827618917868884,15.812901262444123,-13.850395925534354,20.86513319814681,24.76558359779504,21.96205429219968,1
2016-10-07,8666.150390625,8806.9501953125,8635.0,8697.599609375,792800,8498.087393709877,8222.465046275383,7979.104556320178,59.978192908803,2.2732288502373166,223.50093024026137,227.94752347121977,-4.446593230958399,0.6863238597195231,11.540786960831188,15.9150734261503,13.58332752334929,19.803318255494844,23.084216908001025,20.471022741074037,0
2016-10-14,8735.349609375,8745.7998046875,8541.349609375,8583.400390625,483500,8506.212441035126,8236.61937350478,7991.070810464828,55.717938415441,-4.260254493362005,202.7967662398696,222.9173720249497,-20.12060578508013,0.5512880918847575,10.862079324592836,15.85401304098045,-13.088808662125674,18.522963708752616,21.446880343984155,22.26800082580386,1
2016-10-21,8612.9501953125,8727.0,8506.150390625,8693.0498046875,904400,8524.006475668686,8254.51860610018,8004.971384607851,58.7477633327856,3.029824917344605,193.01144267486237,216.93618615493227,-23.92474348006993,0.6501965655816817,10.391223165143469,15.965352430195706,13.71502812509078,17.53874907848466,19.81214274573845,21.78551870193824,0
2016-10-28,8709.849609375,8736.9501953125,8550.25,8638.0,984500,8534.863001795478,8269.557092135468,8017.506604714626,56.65201460894125,-2.095748723844352,178.7538806169523,209.2997250473363,-30.545844430383998,0.5675715184575598,9.508021081799946,15.843527349248175,-13.799890192804837,16.558904214112836,18.872360970943586,20.37185131036817,0
2016-11-04,8653.150390625,8669.599609375,8400.25,8433.75,715600,8525.233192100672,8275.996029698783,8025.749048185624,49.58424271451943,-7.067771894421824,149.2528974591387,197.2903595296968,-48.03746207055809,0.2801194766525574,8.58605489268572,15.74462341916336,-13.480878028044456,16.508885713914843,17.143951901715457,23.60640669371376,0
2016-11-11,8535.75,8598.4501953125,8002.25,8296.2998046875,1000000,8503.430012347037,8276.792256168928,8031.106488908433,45.47286425551202,-4.111378459007405,113.47401590077423,180.5270908039123,-67.05307490313805,0.0150155060169524,7.429844961648168,15.550805666559368,-14.008443118408165,18.045650398498783,14.071871314615883,31.338540838491745,0
2016-11-18,8284.849609375,8288.5498046875,8048.2998046875,8074.10009765625,981200,8462.541449043152,8268.843544070392,8031.957847497498,39.73673700209029,-5.736127253421735,66.42364470696157,157.70640158452215,-91.2827568775606,-0.1875523892374586,8.794052195574551,15.360815413715647,-13.796532610526164,19.472646177041018,13.02622571571984,29.00985216795529,1
2016-11-25,8102.10009765625,8122.25,7916.39990234375,8114.2998046875,1000000,8429.375578152138,8262.783005271063,8033.588381303241,41.18230510417739,1.4455681020871012,32.01066789712968,132.56725484704367,-100.556586949914,-0.0626452947090579,9.710716501041588,15.5625865938485,13.862776704265348,21.20471990787751,12.214880006266968,31.193948334365437,0
2016-12-02,8080.64990234375,8250.7998046875,8066.5,8086.7998046875,956600,8396.749314012648,8255.881703287394,8034.642072855404,40.46717786476358,-0.7151272394138104,2.4904077994324325,106.55188543752143,-104.061477638089,-0.0043627583600098,10.972096172689133,15.380202328138456,-13.771141655596802,21.909630454441604,15.474398648543414,29.426739130186995,1
2016-12-09,8088.75,8274.9501953125,8056.85009765625,8261.75,703800,8383.892236487634,8256.111832570241,8039.139259531535,46.79678776052754,6.329609895763966,-6.710240888074623,83.89946017240223,-90.60970106047684,0.2078252060794499,11.405680240086992,15.517527834006856,13.46425092472681,22.400408171535577,15.178024100839009,27.445212631117737,0
2016-12-16,8230.650390625,8230.650390625,8121.9501953125,8139.4501953125,821500,8360.612042090002,8251.53686640327,8041.125614695514,43.328684700278586,-3.468103060248957,-23.598366121015715,62.39989491371865,-85.99826103473436,0.1298773875379748,12.11644086503171,15.355277011580254,-13.618888433744171,22.85613033740855,14.503843520015849,26.226145559571894,0
2016-12-23,8126.0,8132.5,7942.0498046875,7985.75,605800,8324.910895224288,8241.113852034514,8040.02906786986,39.37890456102397,-3.9497801392546137,-48.82186026154159,40.155543878666606,-88.9774041402082,0.0528806182518844,13.202696637494544,15.216127115036713,-13.314306828283716,23.94718718327189,13.586177973365157,30.332947154583344,1
2016-12-30,7965.10009765625,8197.0,7893.7998046875,8185.7998046875,658500,8311.66221993507,8238.94467370718,8042.915617113774,46.24717104886927,6.868266487845297,-52.06909364145213,21.710616374642857,-73.77971001609498,0.2550478880177412,13.531249996138014,15.366514160596296,13.397721318767204,24.48428474254231,14.314445712750969,27.459159270165856,1
2017-01-06,8210.099609375,8306.849609375,8133.7998046875,8243.7998046875,676500,8305.199132768634,8239.135071000524,8046.893521818204,48.0837157534548,1.8365447045855348,-49.39306174660669,7.489880750392947,-56.88294249699964,0.3241642873920487,13.566867696269105,15.500556930542446,13.424689204788487,24.219613445592227,17.019860917529016,25.948131285312765,1
2017-01-13,8259.349609375,8461.0498046875,8227.75,8400.349609375,786400,8314.261082921621,8245.457209760307,8053.8926522648735,52.77391549564813,4.690199742193329,-34.24526815880563,-0.8571490314467685,-33.38811912735886,0.4681608949121285,13.5157281573319,15.636683349596533,13.575222119431782,23.029651469549087,20.65061064025078,24.028409712430925,0
2017-01-20,8390.9501953125,8460.2998046875,8340.9501953125,8349.349609375,778400,8317.602847345752,8249.531421509902,8059.743285078935,51.152635295323975,-1.6212802003241578,-26.05545531185089,-5.896810287527594,-20.1586450243233,0.4409795572647277,12.94670103657836,15.502039317924105,-13.564997094539644,21.924686777509027,19.84187572352277,23.08739085994176,1
2017-01-27,8329.599609375,8672.7001953125,8327.2001953125,8641.25,942100,8348.426385693776,8264.892934391868,8071.258269532816,58.9297016262392,7.7770663309152255,3.943494237037157,-3.928749382614644,7.872243619651801,0.7318318645474373,12.263366513791253,15.662831026956615,13.75586776649464,20.96198926014293,24.371985033379897,20.575321332808905,1
2017-02-03,8635.5498046875,8757.599609375,8537.5,8740.9501953125,1000000,8385.809605657463,8283.561846584835,8084.519495785879,61.20182534065507,2.272123714415869,35.35529656680046,3.928059807268377,31.42723675953209,0.8340101710300974,12.136450866504312,15.891283001729214,14.30280201288476,20.46176254644994,25.35842731004904,19.146119793770502,1
2017-02-10,8785.4501953125,8822.099609375,8715.0,8793.5498046875,1000000,8424.642005565085,8303.561374353567,8098.559699922545,62.38417492199607,1.1823495813410003,63.758753879954384,15.89419862180558,47.864555258148805,0.8922344161971202,11.991640517062734,16.015342954205227,13.866964789400765,20.28577844240416,26.58296862386132,18.47367976488677,1
2017-02-17,8819.7998046875,8896.4501953125,8712.849609375,8821.7001953125,1000000,8462.457071255314,8323.880543802938,8112.879313692643,63.03345203624676,0.6492771142506868,87.5311945725407,30.22159781195261,57.30959676058809,0.8899851126558703,12.583086223673728,16.129599329197962,13.903705484282998,20.44491113701691,27.43014880846323,17.348783017667056,1
2017-02-24,8818.5498046875,8982.150390625,8809.7998046875,8939.5,967800,8507.889731135761,8348.022483261646,8129.248040154175,65.70141920626801,2.6679671700212566,114.55595509510748,47.08846926858359,67.4674858265239,0.9589250851248704,13.412643990407084,16.22096816410315,13.78278176661216,20.94680427644543,28.722947135647885,16.342759737677397,0
2017-03-03,8943.7001953125,8992.5,8860.099609375,8897.5498046875,1000000,8545.000214331165,8369.572574297954,8144.461936481568,63.93186822191348,-1.769550984354531,131.07726522210396,63.88622845928767,67.1910367628163,0.8849415179729848,14.185365911097348,16.115362017986005,-13.920591934666447,21.455601334945875,27.765925338011694,15.59463269903171,1
2017-03-10,8915.099609375,8977.849609375,8891.9501953125,8934.5498046875,850200,8582.100175317482,8391.728544117152,8160.107240802477,64.8315602064659,0.8996919845524118,145.4791205612364,80.20480687967742,65.274313681559,0.886873854051418,14.85688428514244,16.1971749100489,13.653228071099972,21.92805574641057,26.905378180454736,15.111309464566173,1
2017-03-17,9091.650390625,9218.400390625,9060.5,9160.0498046875,1000000,8637.142997162246,8421.858789629714,8179.908083651686,69.7792743230469,4.947714116581011,173.09334772937473,98.78251504961688,74.31083267975785,0.991726689774544,16.437590827139783,16.286073239829406,13.821692410877064,23.30171983483033,32.651025907101435,13.610203287872158,0
2017-03-24,9166.9501953125,9167.599609375,9019.2998046875,9108.0,1000000,8681.986521242032,8448.766288075609,8198.286141401157,67.42147422294826,-2.3578001000986437,188.60373106005864,116.74675825170524,71.85697280835339,0.9002462062277106,17.596283288032115,16.178390900890733,-14.00414630490325,24.249826253952325,30.922713014444668,14.360341035839475,1
2017-03-31,9093.4501953125,9191.7001953125,9024.650390625,9173.75,1000000,8728.821138266601,8477.197021876565,8217.602257413015,68.85318568944774,1.431711466499479,203.85142476859983,134.16769155508416,69.68373321351567,0.890615397694854,18.592499682471857,16.280656664570547,13.949780053124089,25.221034119262143,29.92741372280967,13.493873586962527,1
2017-04-07,9220.599609375,9273.900390625,9188.099609375,9198.2998046875,700000,8773.53339221145,8505.475562378955,8237.02201082439,69.39402379028563,0.5408381008378882,215.4329193612612,150.42073711631957,65.01218224494158,0.8635996055298877,18.83206919074169,16.338451399960206,13.45883704259595,26.42736121643137,31.88279025047785,12.987911273240885,0
2017-04-14,9225.599609375,9246.400390625,9144.9501953125,9150.7998046875,664200,8809.463526732978,8530.782395410663,8255.116620603858,66.97092998776779,-2.4230938025178403,218.2624901177769,163.98908771661104,54.27340240116587,0.8025428820001151,18.706455180979848,16.283694916346462,-13.40634009349426,27.168643102415903,30.62990275736438,14.148919483065098,0
2017-04-21,9144.75,9217.900390625,9075.150390625,9119.400390625,673400,8838.981323294123,8553.865454046518,8272.231150703286,65.34656530188629,-1.6243646858815026,215.4872718950446,174.28872455229777,41.19854734274685,0.7581579914475918,18.1011235578465,16.22493915644295,-13.420096270709491,27.26037403400569,28.908474830725112,16.101766587561716,1
2017-04-28,9135.349609375,9367.150390625,9130.5498046875,9304.0498046875,893700,8883.273559617302,8583.2844481893,8292.663203257429,69.96077204386376,4.614206741977469,225.5871280059237,184.54840524302296,41.038722762900704,0.8371980528722224,18.260350703160704,16.30219071748709,13.703126546312577,27.97547846109473,31.88697879998488,14.571172742340938,0
2017-05-05,9339.849609375,9377.099609375,9269.900390625,9285.2998046875,814700,8921.561773433512,8610.814462169623,8312.319373582777,68.95669913658374,-1.004072907280019,229.43360070811104,193.52544433604055,35.908156372070465,0.7984273473451053,17.610219227043714,16.23201353765209,-13.610576453743665,28.67880403824071,30.928133882583825,13.953126993795856,1
2017-05-12,9311.4501953125,9450.650390625,9297.9501953125,9400.900390625,784700,8967.213070308891,8641.798224069833,8333.875433326188,71.65749825981516,2.70079912323142,239.05429015688424,202.63121350020933,36.42307665667491,0.8557572320366899,16.072298935316574,16.29969202820647,13.573058032487124,29.621783350539825,31.8202261894866,13.034736906344676,1
2017-05-19,9433.5498046875,9532.599609375,9390.75,9427.900390625,958200,9011.08805319614,8672.625760013174,8355.539293866757,72.2644437412657,0.6069454814505377,246.02144809929268,211.309260420026,34.71218767926666,0.8517559880942362,15.027873196190184,16.37656781254888,13.772812847054077,30.798926383588952,33.30784360049305,12.28755198635194,1
2017-05-26,9480.25,9604.900390625,9341.650390625,9595.099609375,1000000,9066.70820140365,8708.801205086187,8380.085042688703,75.73044332980817,3.465999588542473,262.0142138165702,221.45025109933488,40.56396271723531,0.9444653295600886,14.288832850892632,16.46101144037544,13.947416505268018,32.14051240175195,32.70723271055678,11.024530207774808,1
2017-06-02,9560.0498046875,9673.5,9547.7001953125,9653.5,1000000,9122.5931346033,8745.848216651435,8405.301180457243,76.82005134095415,1.0896080111459838,276.2169621199464,232.4035933034572,43.8133688164892,0.948394337734009,13.961435818184492,16.541531709867026,13.98229622199046,33.60911961281477,33.803661864289616,10.470650560005232,1
2017-06-09,9656.2998046875,9709.2998046875,9608.150390625,9668.25,748700,9174.560455117273,8782.020835606281,8430.310067972941,77.0996986174852,0.2796472765310511,285.37333800299166,242.9975422433641,42.37579575962755,0.9407368654582644,12.83225905406672,16.58939225644989,13.526094983866342,35.086370783861966,33.869920703492234,10.03413151890086,0
2017-06-16,9646.7001953125,9654.150390625,9560.7998046875,9588.0498046875,837200,9213.94039317158,8813.629814785938,8453.235607313823,72.01255024359787,-5.087148373887331,282.89728258155446,250.97749031100216,31.91979227055228,0.84358848452114,12.340175937196545,16.53571993575126,-13.637819464010985,35.95463198996692,32.32808524078187,11.583406270843652,0
2017-06-23,9626.400390625,9698.849609375,9565.2998046875,9574.9501953125,819200,9248.322279089763,8843.485515983059,8475.447777373203,71.186348619852,-0.8262016237458738,276.68846938006936,256.11968612481564,20.56878325525372,0.8050976225721477,11.890365053339892,16.480256589274248,-13.61608475396976,36.92812503934697,32.39367242628966,10.91814326961528,0
2017-06-30,9594.0498046875,9615.400390625,9448.75,9520.900390625,814600,9274.282099235976,8870.050805184705,8496.149809318782,67.73331617707629,-3.453032442775708,264.359204311184,257.7675897620893,6.591614549094629,0.7344735674309997,11.25400927827324,16.421875038625853,-13.610453701792062,36.64808245042257,30.072663856952385,15.146827294464805,1
2017-07-07,9587.9501953125,9700.7001953125,9543.5498046875,9665.7998046875,747800,9311.569499755167,8901.25664830246,8519.311195365688,71.69695671039658,3.9636405333202873,263.2458108142073,258.86323397251294,4.382576841694345,0.8444556296185429,10.82544410322702,16.475595324713904,13.524892178780208,36.77241295405162,31.407497880405334,13.98276263087766,1
2017-07-14,9719.2998046875,9913.2998046875,9646.4501953125,9886.349609375,703600,9366.310462576104,8939.887744815109,8546.381262969833,76.44075330391296,4.743796593516379,276.9672583251049,262.4840388430314,14.483219482073537,0.9908938591261124,11.32509758733125,16.523634156372836,13.463966713106611,37.66839688254743,36.687251366561455,12.453102227398755,1
2017-07-21,9908.150390625,9928.2001953125,9792.0498046875,9915.25,1000000,9418.590418521237,8978.137245018439,8573.487574594192,76.98510997057133,0.5443566666583735,286.86680239831367,267.3605915540879,19.50621084422579,0.9650507928213204,11.387812604435926,16.58855548862517,13.821692410877064,38.54820591355571,35.22759439241049,11.74700240709261,1
2017-07-28,9936.7998046875,10114.849609375,9919.599609375,10014.5,1000000,9475.343711995403,9018.778921684385,8602.022474107178,78.79699658071264,1.8118866101413147,299.2710970152329,273.7426926463169,25.52840436891603,0.995844631047595,11.583344152338595,16.651332320666175,13.851939878804531,39.90550669565905,40.016442294530734,10.781826718399817,1
2017-08-04,10034.7001953125,10137.849609375,9988.349609375,10066.400390625,954800,9531.634824245844,9059.8621165448,8631.020056612482,79.69712494658857,0.9001283658759291,309.719266727745,280.9380074626025,28.781259265142467,0.969072321306658,12.333629443700683,16.705837925986334,13.76925822078602,41.22551944120598,38.48544943325399,10.111681552238869,0
2017-08-11,10074.7998046875,10088.099609375,9685.5498046875,9710.7998046875,1000000,9548.698155716476,9085.38908470726,8652.401833802087,60.687190420843024,-19.00993452574555,286.0085920775473,281.9521243855915,4.056467691955788,0.6467905276943612,11.759902468548026,16.64683394069761,-13.846331669953647,39.98355390462026,32.608287648976905,20.05452528573218,1
2017-08-18,9755.75,9947.7998046875,9752.099609375,9837.400390625,859000,9576.193606660145,9114.879724155016,8675.867151758976,63.981201943219816,3.294011522376792,274.2716875451697,280.4160370175072,-6.144349472337467,0.7357396637137604,11.43414242121401,16.696219166544484,13.663525365110068,38.83030019207638,29.729726821359854,18.284172560517074,1
2017-08-25,9864.25,9884.349609375,9740.099609375,9857.0498046875,742200,9602.941815996084,9143.984433195505,8699.25690726251,64.47868538874519,0.4974834455253756,263.51797842028463,277.0364252980627,-13.518446877778048,0.7306010131243097,11.04939441076333,16.737009520740756,13.517375374953456,37.671622321129554,28.1035748013798,17.739093114000976,1
2017-09-01,9907.150390625,9983.4501953125,9783.75,9974.400390625,976200,9638.3188231036,9176.549764859406,8724.507273269688,67.3766820901347,2.897996701389502,261.4509541559692,273.919331069644,-12.468376913674833,0.8155184809530794,10.541992209169528,16.788245457448756,13.79142378681491,37.04411131797955,29.72626665889785,16.40156515507351,0
2017-09-08,9984.150390625,9988.400390625,9861.0,9934.7998046875,789600,9666.555107063972,9206.28506053894,8748.473462010636,65.43655440632075,-1.940127683813941,253.69297154753625,269.87405916522243,-16.181087617686217,0.7619654583854051,9.478869267423503,16.74700831749918,-13.57928303356464,36.483490897695006,28.45358725014514,15.593773025287623,1
2017-09-15,9971.75,10131.9501953125,9968.7998046875,10085.400390625,1000000,9706.445134069783,9240.760171522708,8774.947262577258,69.08268482042851,3.646130414107759,256.73741400548533,267.24673013327504,-10.509316127789702,0.888819853417903,9.307854212002564,16.802126453329887,13.876418433778154,36.56712610677635,31.81828978439733,14.410953193997496,0
2017-09-22,10133.099609375,10178.9501953125,9952.7998046875,9964.400390625,961400,9731.012301360755,9269.138219330642,8798.500789865333,63.30447910224171,-5.778205718186804,246.5444567972645,263.10627546607293,-16.561818668808428,0.7384472151882171,8.471467563718514,16.752400111795897,-13.776146874591236,36.82479618029372,30.87281314840589,13.176299317455264,0
2017-09-29,9960.099609375,9960.5,9687.5498046875,9788.599609375,1000000,9736.496806885922,9289.50925423434,8818.106707083345,55.97850764672789,-7.325971455513823,221.7249042774656,254.83000122835148,-33.105096950885866,0.5027900571345112,7.725986588061525,16.68700531670499,-13.992569122814205,35.08938951722511,27.73962878891837,21.562512745484256,1
2017-10-06,9893.2998046875,9989.349609375,9831.0498046875,9979.7001953125,662600,9759.65903435512,9316.575565649173,8841.108558335409,61.230742821535046,5.252235174807161,214.99709757146772,246.86342049697475,-31.866322925507006,0.7374480375156168,7.107142708347203,16.723831429074576,13.403928278052952,33.619012317001264,26.757944687230545,19.97914621322484,1
2017-10-13,9988.2001953125,10191.900390625,9955.7998046875,10167.4501953125,913200,9798.496287779632,9349.943198184988,8867.372749166638,65.5762475154915,4.345504693956457,222.2531225445873,241.94136090649727,-19.688238361909956,0.9440183015151872,7.430835960388063,16.772460474272993,13.72471128868755,33.144190459892386,31.78107157077425,18.279091520162854,0
2017-10-20,10207.400390625,10251.849609375,10123.349609375,10146.5498046875,683100,9831.644241770857,9381.182672949792,8892.702987889823,64.70676357973443,-0.8694839357570743,223.7379756497994,238.3006838551577,-14.562708205358293,0.869666889630479,7.654272959089607,16.73630918782236,-13.434398004633376,32.93496964597999,32.48756688563926,17.41074309359388,1
2017-10-27,10176.650390625,10366.150390625,10124.5,10323.0498046875,1000000,9878.444771572442,9418.118638900289,8921.02668723235,68.50460674787384,3.797843168139409,236.43137365929945,237.92682181598607,-1.495448156686649,1.0100325189115458,8.37648944077506,16.827509853175368,14.387563539511936,33.157288397010426,33.78756859185407,15.882708980187116,1
2017-11-03,10353.849609375,10461.7001953125,10323.9501953125,10452.5,1000000,9933.116698089352,9458.682613845374,8951.352891445571,70.97182703304387,2.467220285170029,254.00848028814653,241.14315351041816,12.86532677772837,1.0609218614173332,9.129442015521844,16.88166406241405,13.938790458141028,33.683374408592485,35.59447399713692,15.065706232945203,0
2017-11-10,10431.75,10490.4501953125,10254.099609375,10321.75,1000000,9970.129393509416,9492.528393694576,8978.489467852589,65.39923522252246,-5.572591810521402,254.4548347091713,243.8054897501688,10.64934495900252,0.879523408489517,9.004943293574595,16.82043054491998,-14.058143746421884,33.6478065590643,32.52323932085185,16.315797592141006,0
2017-11-17,10322.0,10343.599609375,10094.0,10283.599609375,1000000,9999.983699782328,9523.550794309494,9004.333233031251,63.8245244111906,-1.5747108113318689,248.86143638850265,244.8166790778356,4.044757310667023,0.8190713808197511,8.28389954311681,16.76394161082214,-13.918609418006042,32.52869646772488,29.61692677807029,20.589650919822954,1
2017-11-24,10287.2001953125,10404.5,10261.5,10389.7001953125,773100,10037.099556499488,9557.517437486082,9031.766242185337,66.25787165999539,2.433347248804793,250.1069808970842,245.8747394416853,4.232241455398878,0.9064340179249936,8.190440820121484,16.803669274399322,13.558164978801456,31.751273993287224,30.294697504360634,19.51376455987188,0
2017-12-01,10361.0498046875,10409.5498046875,10108.5498046875,10121.7998046875,976300,10045.166246803108,9579.64615776849,9053.35106520518,56.01275273477939,-10.245118925215998,226.8616415203669,242.07211985742168,-15.21047833705478,0.5679184892588669,8.050791630667083,16.753232343001066,-13.791526219488563,30.092608292834964,27.086339142838533,22.82861631025073,1
2017-12-08,10175.0498046875,10270.849609375,10033.349609375,10265.650390625,836400,10066.164736690907,9606.548284547176,9077.356992441217,59.622996906690034,3.610244171910644,217.5394236046141,237.16558060686015,-19.62615700224612,0.7223819245850268,8.087868413379175,16.796596140509152,13.636863442136091,28.133784851355948,24.85006245118269,23.55801215909534,1
2017-12-15,10310.5,10373.099609375,10141.5498046875,10333.25,913500,10091.601428434633,9635.046391035525,9102.226160907729,61.23322250732063,1.6102256006305922,213.14917130048343,232.36229874558484,-19.213127445101406,0.7771820888786622,8.32396115940511,16.84190301730548,13.72503974949035,26.82434051572926,26.390325574178547,21.678799447585355,1
2017-12-22,10263.099609375,10501.099609375,10074.7998046875,10493.0,865400,10129.82986382181,9668.691630602758,9129.766236929356,64.80522835752446,3.57200585020383,220.02405429524515,229.8946498555169,-9.870595560271768,0.9096890018550976,8.957938727270562,16.88300989803195,13.670948262307268,26.18769232038644,26.88678964436388,18.718334626488257,1
2017-12-29,10512.2998046875,10552.400390625,10460.4501953125,10530.7001953125,745700,10168.007990630447,9702.495888042356,9157.507503431993,65.6105422742977,0.8053139167732439,225.9103849936182,229.0977968831372,-3.187411889518956,0.913133627197696,8.768938292637806,16.91712425647928,13.522079994552843,25.815560001393816,27.775498636379524,18.142826025041888,1
2018-01-05,10477.5498046875,10566.099609375,10404.650390625,10558.849609375,676500,10205.231001939454,9736.078386918143,9185.256852064527,66.23184720387849,0.6213049295807878,230.19324253158996,229.31688601282772,0.8763565187621793,0.8991829859620615,8.848679066704896,16.947097192710896,13.424689204788487,25.107731353948672,26.249435321506663,19.04493187446769,1
2018-01-12,10591.7001953125,10690.400390625,10588.5498046875,10681.25,879400,10250.566144611888,9773.143940372336,9214.88047875632,68.86584094905916,2.6339937451806748,240.68960660656197,231.5914301315746,9.098176474987326,0.9704985249109136,9.162441951160504,16.98476331389415,13.68699627286716,24.99937894004206,29.388056762945467,18.168973927555967,1
2018-01-19,10718.5,10906.849609375,10666.75,10894.7001953125,1000000,10311.912244678611,9817.126538605284,9248.144235519809,72.84391633716521,3.978075388106049,263.19771818189474,237.91268774163865,25.285030440256094,1.0719854871081902,10.348956911841148,17.03234033109546,13.963241532652145,25.69723796273221,34.42571992365963,16.662611078219093,1
2018-01-26,10883.2001953125,11110.099609375,10881.400390625,11069.650390625,1000000,10384.07778238779,9866.24512103743,9284.21366433377,75.59621533573552,2.7522989985703106,291.7890152737418,248.6879532480593,43.10106202568252,1.0987622349311157,11.740720311993512,17.076633320039512,13.93764057623102,26.94573656753493,38.69326794836175,15.356585264219424,0
2018-02-02,11079.349609375,11171.5498046875,10736.099609375,10760.599609375,1000000,10419.93700400562,9901.317846070277,9313.449029582112,63.37660062741517,-12.21961470832035,286.21074964457875,256.1925125273632,30.018237117215563,0.8093306443458215,11.971829610083216,17.02531742385698,-14.08133115013586,27.18193256996816,33.33560342390703,17.85052872488444,0
2018-02-09,10604.2998046875,10702.75,10276.2998046875,10454.9501953125,1000000,10423.271593653892,9923.02891858958,9336.053013061925,54.06815046276043,-9.308450164654744,254.19636320483917,255.7932826628584,-1.5969194580192436,0.5456660254663832,11.387170077539135,16.976481850715498,-13.981703579711455,25.26815291102801,28.593529126324476,28.816865519217288,0
2018-02-16,10518.2001953125,10618.099609375,10434.0498046875,10452.2998046875,841500,10426.036185180905,9943.784639613028,9358.156909925796,53.9940935345563,-0.0740569282041292,226.005614882195,249.83574910672573,-23.830134224530724,0.5175016723167544,9.993687363053471,16.940163655537283,-13.642942480966422,23.49107179915502,27.020423326055127,27.23147261113698,1
2018-02-23,10488.900390625,10499.099609375,10302.75,10491.0498046875,1000000,10432.227958467249,9965.246018635557,9380.590432594345,54.96531399490785,0.9712204603515532,204.43445178174989,240.75548964173052,-36.32103785998066,0.5328722215261044,9.141798369691708,16.98877380677829,13.940645171099543,22.35518851599632,25.41406067530796,29.588005695308823,0
2018-03-02,10526.5498046875,10631.650390625,10447.150390625,10458.349609375,821400,10434.715734744175,9984.58341435083,9401.93219847119,53.930640948403166,-1.034673046504686,182.59566793987324,229.1235253013591,-46.52785736148587,0.4827738233914804,8.763987009001907,16.953779225887416,-13.618766697937504,20.776220080646485,28.048707319445647,27.90901980957624,0
2018-03-09,10428.2998046875,10441.349609375,10141.5498046875,10226.849609375,1000000,10414.918960899491,9994.084049449815,9418.267196706907,47.16212959247163,-6.768511355931537,144.9374108792581,212.28630241693887,-67.34889153768083,0.2199590260915378,8.565116154910868,16.905852811694583,-13.89182416733946,20.37125382309856,25.385026459178896,34.419514556485964,0
2018-03-16,10301.599609375,10478.599609375,10180.25,10195.150390625,1000000,10393.988620873351,10001.969004005705,9433.651022329048,46.30515263037978,-0.8569769620918493,111.25265743143608,192.0795734198384,-80.82691598840228,0.1998844166265236,8.802243606213901,16.851314192383555,-13.969862074765294,19.83314927314931,24.251744657257813,31.395638977705293,0
2018-03-23,10215.349609375,10227.2998046875,9951.900390625,9998.0498046875,1000000,10356.280162188985,10001.815309914797,9444.827235841096,41.28216359486426,-5.022989035515522,67.87050861625721,167.23776045912214,-99.36725184286492,0.0535660097313089,9.66833850272027,16.795291330108167,-13.941438996240391,20.050360174621236,22.30386745780084,35.53368907107467,1
2018-03-30,9989.150390625,10207.900390625,9958.5498046875,10113.7001953125,832700,10333.177308200748,10006.20295247941,9458.072244939538,45.04880213716484,3.766638542300584,42.33386468138997,142.2569813035757,-99.92311662218574,0.1895837131873722,10.028526306157596,16.836725424674732,13.632429913135883,20.2520560117023,20.68398028380628,32.952945292900324,1
2018-04-06,10151.650390625,10350.4501953125,10111.2998046875,10331.599609375,1000000,10333.027051169724,10018.963605691002,9475.369816512515,51.3775060034861,6.328703866321263,39.22637480371486,121.65086000360354,-82.42448519988868,0.3949521294947647,9.979647905265118,16.888898122348035,13.90973014328657,19.763978813891487,23.400039254484067,30.653465702251285,1
2018-04-13,10333.7001953125,10519.900390625,10328.5,10480.599609375,1000000,10347.081580522608,10037.066978384491,9495.27535696524,55.17883647011053,3.801330466624428,48.23074740891207,106.96683748466523,-58.73609007575318,0.5336055702714868,9.969838877084609,16.941849996503663,13.977119923934527,18.58428709379943,27.095083708704287,28.914438053874065,1
2018-04-20,10398.2998046875,10594.2001953125,10396.349609375,10564.0498046875,1000000,10367.745220919263,10057.732971572848,9516.439207415186,57.19718649504839,2.0183500249378525,61.39281278083217,97.85203254389864,-36.45921976306647,0.596140082065576,9.572538230825607,16.989560592140027,13.923199261288664,17.324414505620883,27.71634633249519,27.19682878479425,1
2018-04-27,10592.7998046875,10719.7998046875,10514.9501953125,10692.2998046875,937700,10398.655181278144,10082.61794542048,9539.723575678005,60.16599401855293,2.968807523504545,81.2361082969419,94.5288476945073,-13.292739397565413,0.7028004920050672,9.554998292888024,17.028038316427025,13.751186413846307,16.641754044938665,29.80341130210138,25.507332850691167,0
2018-05-04,10705.75,10784.650390625,10601.599609375,10618.25,775200,10419.568973537367,10103.623124031445,9561.08053457547,57.67842936254281,-2.4875646560101217,89.94997525560939,93.61307320672772,-3.6630979511183455,0.6152324269443289,9.497698541547056,16.996335586659367,-13.56087762954754,16.250813150534434,30.12066568563389,24.068504083212048,1
2018-05-11,10653.150390625,10812.0498046875,10635.650390625,10806.5,1000000,10456.419547486188,10131.186923089032,9585.742306168037,61.98181629862661,4.303386936083804,110.76910207216496,97.0442789798152,13.72482309234978,0.7786572357847449,9.809251740156236,17.03899180159267,13.863158164901806,15.992508882709208,29.15486020167987,22.61408515541314,0
2018-05-18,10815.150390625,10929.2001953125,10589.099609375,10596.400390625,1000000,10469.751056356552,10149.4305884826,9605.755337543422,55.23169004078656,-6.750126257840051,109.05797501736195,99.44701818732456,9.610956830037424,0.5717038031531633,9.826952527021446,16.994459862255724,-13.905260764267808,16.193362322499866,29.69717072472924,20.29619057616195,1
2018-05-25,10616.7001953125,10628.0498046875,10417.7998046875,10605.150390625,1000000,10482.646231048784,10167.3019532725,9625.545338594542,55.44929543946674,0.2176053986801776,107.17252817935696,100.99212018573104,6.180407993625934,0.577769385272492,9.844711102664078,17.038876327926133,13.902606181405073,15.53059908853264,27.800137618417864,24.204205258112708,1
2018-06-01,10648.349609375,10764.75,10558.4501953125,10696.2001953125,1000000,10502.984703835804,10188.04306080348,9646.746424866184,57.75060533966271,2.301309900195968,111.73721917104012,103.14113998279284,8.596079188247273,0.6646240849459356,9.861957461620516,17.097943209765933,14.23947090315865,15.441748676445965,30.232226742185087,22.673716835543047,1
2018-06-08,10765.9501953125,10818.0,10550.900390625,10767.650390625,991700,10528.190959720489,10210.772760012169,9668.942543000025,59.51783637629978,1.767231036637078,119.73991607923926,106.46089520208214,13.279020877157125,0.7468835740192196,9.575922721740891,17.13449235351701,13.807176929543177,15.55610873817426,29.398035980738268,20.836645021170103,1
2018-06-15,10781.849609375,10893.25,10755.400390625,10817.7001953125,1000000,10555.76326787211,10234.573835906298,9691.690219283437,60.75614293907487,1.2383065627750869,128.63785487322275,110.89628713631026,17.741567736912486,0.839510925455212,8.728002070123612,17.173974431828185,13.922390818225043,15.938736680377644,30.483527850937413,19.938764342586808,1
2018-06-22,10830.2001953125,10837.0,10701.2001953125,10821.849609375,1000000,10581.10482420572,10257.604258395268,9714.069613146636,60.86302891842487,0.1068859793499967,134.47422337066564,115.61187438318134,18.862348987484296,0.8352069488655526,8.86834487127375,17.21045513150308,13.881299234831427,15.992417721192664,29.15086418826344,20.811937124218368,0
2018-06-29,10822.900390625,10831.0498046875,10557.7001953125,10714.2998046875,1000000,10593.79006044208,10275.51388766163,9733.876151592993,56.562837588770925,-4.300191329653941,128.93493537084942,118.27648658071496,10.658448790134443,0.7026002234807651,9.001604302234943,17.1661968304803,-14.070696039596358,15.287470927482376,26.62744807533226,23.55471276617224,1
2018-07-06,10732.349609375,10816.349609375,10604.650390625,10772.650390625,891900,10610.824377602356,10295.009436797449,9754.445938504516,58.28489580401256,1.7220582152416313,127.7804409686196,120.1772774582959,7.603163510323682,0.7416927015930916,9.19621209146309,17.196988142899702,13.7011104188556,14.632877476179967,24.834459080604987,21.96862983985404,1
2018-07-13,10838.2998046875,11078.2998046875,10807.150390625,11018.900390625,851200,10649.68875979499,10323.397317339706,9779.484640526702,64.6535527003435,6.36865689633094,145.06360984472303,125.15454393558132,19.909065909141702,0.9308145161816338,9.976777401243078,17.225515736848433,13.654403572380858,15.103777422554703,30.60325668932893,19.88655373005148,0
2018-07-20,11018.9501953125,11076.2001953125,10925.599609375,11010.2001953125,1000000,10684.023182225228,10350.330763534716,9803.855245571964,64.28015735704079,-0.3733953433027039,156.25737489543098,131.37511012755127,24.88226476787972,0.8739254630805599,10.548397385959127,17.190230519380716,-13.863634786161844,15.541041658474102,29.13791187237637,18.93434597219084,1
2018-07-27,11019.849609375,11283.400390625,11010.9501953125,11278.349609375,1000000,10740.625699096636,10386.723659450025,9833.053153766085,70.02600012692153,5.745842769880738,184.6375443629913,142.02759697463927,42.609947388352055,1.0217379939267166,11.4041178076816,17.23444637912857,14.093748928704668,16.67067653578919,33.133026490275405,17.314679228356997,1
2018-08-03,11296.650390625,11390.5498046875,11234.9501953125,11360.7998046875,1000000,10799.689899629098,10424.92272396914,9863.30556269522,71.54183075642347,1.5158306295019344,211.34581186976536,155.8912399536645,55.45457191610089,1.009214743602267,12.06437968367502,17.27403933294901,14.025204872386476,18.047312353243957,34.91418567484,16.451514998326836,1
2018-08-10,11401.5,11495.2001953125,11359.7001953125,11429.5,942800,10859.671813950135,10464.317911264468,9894.31931392898,72.77718082040607,1.235350063982608,235.342950860173,171.7815821349662,63.56136872520682,1.0160256604119984,11.774404238292764,17.303283140949727,13.756610510713896,19.626123668177105,36.80427335745706,15.716735863934645,1
2018-08-17,11369.599609375,11486.4501953125,11340.2998046875,11470.75,1000000,10917.869736431076,10503.785836312922,9925.53576315811,73.52044704404125,0.7432662236351746,254.7527554724857,188.3758168024701,66.37693867001556,1.000671918156466,11.569497884087127,17.3335364754483,13.820300069918506,20.962599046584423,34.989056493847194,15.596271219294309,1
2018-08-24,11502.099609375,11620.7001953125,11499.650390625,11557.099609375,924100,10978.748771949546,10545.092258785946,9957.8439581327,75.0557792101974,1.5353321661561523,273.9449899710489,205.48965143618585,68.45533853486307,0.9990453153346684,12.002778246507464,17.36057451890561,13.736576652009514,22.59106025302004,37.80768394453032,14.790265754979442,1
2018-08-31,11605.849609375,11760.2001953125,11595.599609375,11680.5,1000000,11045.582222240064,10589.618052559048,9991.955958961757,77.09930966648184,2.043530456284444,295.7036665087162,223.53245445069197,72.17121205802425,1.0073930341781097,12.880469866514316,17.398896181978852,14.11805735099878,24.463195794738795,39.972123369751706,13.75350306541667,0
2018-09-07,11751.7998046875,11751.7998046875,11393.849609375,11589.099609375,1000000,11097.345782919583,10628.8134077283,10023.582565900631,72.37012067174282,-4.729188994739019,302.0900210509499,239.24396777074355,62.84605328020632,0.8925788880777707,13.271212853055594,17.36271414306339,-14.06166804538688,24.899809482172,35.27848696635479,18.756778933599467,0
2018-09-14,11570.25,11573.0,11250.2001953125,11515.2001953125,831500,11137.141441242718,10663.573673908071,10053.119548661263,68.70088073354559,-3.669239938197237,297.7558439032582,250.9463429972465,46.80950090601172,0.807508376501633,13.495832804439708,17.33847122136129,-13.630987780260217,24.50449669990793,31.506382876432426,21.28341185126065,0
2018-09-21,11464.9501953125,11464.9501953125,10866.4501953125,11143.099609375,1000000,11137.708885826743,10682.378612553835,10074.703312239752,53.88603626224848,-14.814844471297109,261.2836544517522,253.01380528814764,8.26984916360459,0.542074369771171,12.975653457973667,17.29591032509737,-14.160447581262824,23.059707244937723,25.815866682182136,28.1230748798653,0
2018-09-28,11164.400390625,11170.150390625,10850.2998046875,10930.4501953125,1000000,11117.969962920626,10692.106909916922,10091.648795072875,47.572415200087065,-6.313621062161417,212.76749972035395,244.96454417458887,-32.19704445423497,0.3887249881412579,12.832614117743926,17.244433379437762,-14.303661646451369,21.77895097552405,23.55682456459093,26.103986916805745,0
2018-10-05,10930.900390625,11035.650390625,10261.900390625,10316.4501953125,1000000,11041.634746957949,10677.375274050082,10096.10030794891,34.868782660807966,-12.7036325392791,123.35150954936762,220.64193724954467,-97.29042770017703,0.0005040953543983,13.70878920435496,17.184119353220698,-14.406237894849152,22.34314808984363,19.18356601336681,35.37542565341824,1
2018-10-12,10310.150390625,10492.4501953125,10138.599609375,10472.5,1000000,10987.43143772386,10669.34094957753,10103.553767197443,39.3049273213556,4.436144660547633,64.33894885429982,189.3813395704957,-125.04239071619588,0.1169387736788999,14.049359920156482,17.241459119607388,14.354165917181476,23.14417909321522,17.57653041615872,35.33102768147863,0
2018-10-19,10524.2001953125,10710.150390625,10249.599609375,10303.5498046875,1000000,10922.299853625158,10654.996198797531,10107.514084771505,36.41321132102587,-2.8917160003297298,3.8933207764894178,152.28373581169444,-148.39041503520502,0.0522957241206963,15.060832393865894,17.202771307688696,-13.969947768166357,22.982225454866946,20.696687614829067,31.61842345206198,0
2018-10-26,10405.849609375,10408.5498046875,10004.5498046875,10030.0,1000000,10837.318915184667,10630.486543942729,10105.979152399792,32.27310253822445,-4.14010878280142,-65.33037020856318,108.76091460764292,-174.0912848162061,-0.023670763047051,17.02334579566533,17.15728346609385,-14.089804153406206,23.41517825546693,18.827693124000604,34.24062417421562,1
2018-11-02,10078.099609375,10606.9501953125,10020.349609375,10553.0,1000000,10810.240923262318,10627.447855944973,10114.831050372071,45.12044534566395,12.847342807439505,-77.10015237396328,71.58870121132169,-148.68885358528496,0.2668391215582674,17.369074111957055,17.21897540032667,14.402686480845892,23.056176224768127,20.68300548076102,30.00389567658077,1
2018-11-09,10558.75,10619.5498046875,10477.0,10585.2001953125,629700,10788.808472981382,10625.791084939778,10124.145290865945,45.80211811550483,0.6816727698408798,-82.87418091310428,40.6961247864365,-123.57030569954078,0.2929696969113244,17.64651934595987,17.239701581327473,13.35300038253338,22.675334984759512,20.311499678046843,29.062796948804102,1
2018-11-16,10607.7998046875,10695.150390625,10440.5498046875,10682.2001953125,1000000,10778.655303679585,10628.003206915178,10135.195883033202,47.90148630750552,2.099368192000689,-78.7156655986073,16.81376670942774,-95.52943230803504,0.3441356812703462,17.6837332086314,17.279350946661694,14.03191223382314,22.02728162769236,20.845329866213984,27.409193921587853,0
2018-11-23,10731.25,10774.7001953125,10512.0,10526.75,1000000,10754.664322376764,10624.032492918504,10142.949429903832,44.89986723231654,-3.001619075188984,-86.96111031333385,-3.94120869512458,-83.01990161820927,0.2742815722058752,18.004743628991577,17.244053971872603,-13.917797254276126,21.115859526685615,21.406448848167773,25.7793306678002,1
2018-11-30,10568.2998046875,10922.4501953125,10489.75,10876.75,1000000,10766.291529769453,10633.94298339229,10157.480134262172,52.16747311092482,7.267605878608286,-64.5099788469397,-16.054962725487606,-48.4550161214521,0.4550682044900787,18.02759193119254,17.293712220568445,14.266395713327505,19.71604547810516,22.621994836175517,23.319600898523333,0
2018-12-07,10930.7001953125,10941.2001953125,10588.25,10693.7001953125,1000000,10759.37806934498,10636.286403467591,10168.098353292871,48.55999840356752,-3.607474707357305,-60.78716819908914,-25.001403820207912,-35.785764378881225,0.3713538695285782,18.176878809812,17.240196608254834,-14.339292485167016,18.346613749979547,21.28336952681329,21.51619973328298,1
2018-12-14,10508.7001953125,10838.599609375,10333.849609375,10805.4501953125,1000000,10763.765890865696,10642.920277657588,10180.719181847717,50.79695924829936,2.23696084473184,-48.26317503397331,-29.653758062961,-18.609416971012315,0.43876946872423,18.034424554459004,17.29971857709741,14.448695928249675,17.948817642508935,19.018258179468507,24.590331933403416,0
2018-12-21,10853.2001953125,10985.150390625,10738.650390625,10754.0,1000000,10762.835806021343,10647.276345200427,10192.071277256671,49.72481126822677,-1.072147980072586,-42.00521106875385,-32.12404866411957,-9.88116240463428,0.426701346360665,17.750383388466208,17.249662297299917,-14.280188154042133,17.00831063163913,21.16150785064064,23.28690633489368,1
2018-12-28,10780.900390625,10893.599609375,10534.5498046875,10859.900390625,1000000,10772.080052174071,10655.614543060216,10205.295616135252,51.97183780919377,2.247026540966999,-28.175661575276536,-31.334371246350965,3.15870967107443,0.4960544579926362,17.216861875208252,17.287284476453195,13.988371672223517,16.788689656749046,19.53706778397085,25.86292951846546,0
2019-01-04,10913.2001953125,10923.5498046875,10628.650390625,10727.349609375,1000000,10767.820010002732,10658.4276829157,10215.633318971682,49.01868729426664,-2.953150514927131,-27.593305786082052,-30.586158154297184,2.9928523682151287,0.4425796364681038,16.52484544927696,17.25337414279556,-13.886342670343586,16.462995001678067,18.94060971501709,24.218524967729483,1
2019-01-11,10804.849609375,10870.400390625,10733.25,10794.9501953125,1000000,10770.40383717509,10663.78150693126,10227.104940285362,50.561577301465285,1.542890007198643,-21.42995116664315,-28.754916756766377,7.324965590123227,0.5017734800187076,15.3879703801975,17.297233638333324,14.148620720571792,16.160564250540727,18.331724697338725,23.43997046367737,1
2019-01-18,10807.0,10930.650390625,10692.349609375,10906.9501953125,1000000,10783.408252235797,10673.317533926604,10240.567222563128,53.09437844429128,2.532801142825996,-7.422423175155927,-24.48841804044429,17.065994865288364,0.6056850271144274,13.51757950595579,17.341788755662257,14.208566320987092,15.609348333450258,18.71076533614477,22.16186260197601,0
2019-01-25,10919.349609375,10987.4501953125,10756.4501953125,10780.5498046875,1000000,10783.136019135958,10677.522721015266,10251.25994696163,49.98218352981976,-3.112194914471523,-6.446500232535982,-20.88003447886263,14.433534246326648,0.5547174579641964,11.540729655678511,17.29008853540132,-14.353757361077248,14.841034960598382,19.02732853565058,20.96830087821463,1
2019-02-01,10792.4501953125,10983.4501953125,10583.650390625,10893.650390625,1000000,10793.661197373009,10685.99831590192,10263.98054980645,52.656307266620985,2.674123736801228,3.413845113334901,-16.021258560423124,19.435103673758025,0.709301258856839,9.47470772087956,17.358149658792062,14.636963438469463,14.79269379275412,17.291573546407314,22.998341275901623,1
2019-02-08,10876.75,11118.099609375,10814.150390625,10943.599609375,1000000,10807.941046135104,10696.10032741067,10277.438352966225,53.83029194004156,1.173984673420577,15.084835753395964,-9.800039697659308,24.884875451055272,0.7852975503588471,8.925553849564851,17.40067261797871,14.22177601237654,14.12895380807709,19.168598073337662,21.400006845992927,0
2019-02-15,10930.900390625,10930.900390625,10620.400390625,10724.400390625,1000000,10799.98479322938,10697.210133811232,10286.28908638521,48.18359495877144,-5.646696981270125,6.570889764800086,-6.525853805167429,13.096743569967517,0.5680040515498781,8.669361691962347,17.35158845094759,-14.362012737154313,14.222892018740737,17.75554310694848,24.241622664228004,1
2019-02-22,10738.650390625,10808.849609375,10585.650390625,10791.650390625,1000000,10799.19104060039,10700.913673294124,10296.29624092461,49.91930070879658,1.73570575002514,5.190209690947086,-4.182641105944526,9.372850796891612,0.6217029250089187,8.177685593869807,17.39720842260488,14.287076091801728,14.43042865290973,16.832696643032808,23.790864716280584,1
2019-03-01,10813.25,10939.7001953125,10729.2998046875,10863.5,1000000,10805.315703400353,10707.289607674746,10307.527998530062,51.77784223398776,1.8585415251911852,9.780925370225305,-1.3899278107105604,11.170853180935865,0.6836035559369387,8.071686667825631,17.454916140484116,14.57383714799898,13.997848379562312,19.106025085962365,22.59848815061172,1
2019-03-08,10864.849609375,11089.0498046875,10817.0,11035.400390625,1000000,10827.22853075508,10720.156697202206,10321.94131322501,55.98633472318089,4.208492489193127,26.97902807056744,4.28386336554504,22.6951647050224,0.8554909891896455,7.6981463836642545,17.49086903931375,14.147401602646134,13.05115185085926,21.44096555770011,21.12423915586632,1
2019-03-15,11068.75,11487.0,11059.849609375,11426.849609375,1000000,10884.335300147455,10747.870144738396,10343.820685426,63.74564840943002,7.759313686249129,71.37259005151463,17.70160870273896,53.67098134877568,1.310650196312663,7.023588202750443,17.537522542299346,14.449279745593,13.550890711121758,28.4050689484636,18.917982210251783,1
2019-03-22,11473.849609375,11572.7998046875,11412.5,11456.900390625,1000000,10938.865308764363,10775.675252420224,10365.86186770717,64.2664555020861,0.520807092656085,107.73772127531448,35.708831217254065,72.0288900580604,1.1614382025503127,8.361288769645002,17.570795562668604,14.151197486311649,14.261675571575228,29.369449845757217,18.191688723530707,1
2019-03-29,11395.650390625,11588.5,11311.599609375,11570.0,1000000,10998.973374596328,10806.825242521392,10389.706187158514,66.23255276680102,1.966097264714918,144.02333171390092,57.37173131658344,86.65160039731748,1.123901791365984,9.762860088251344,17.604271568111393,14.190654593376578,14.464034430053331,27.411736321826357,19.408036763964848,1
2019-04-05,11665.2001953125,11761.0,11559.2001953125,11665.9501953125,1000000,11062.494976569296,10840.516417140652,10414.97834573582,67.84875654414357,1.6162037773425482,178.46508388628354,81.59040183052346,96.87468205576008,1.0772441080094546,11.244085515703825,17.643038312845547,14.37352563687688,15.168248376075406,30.29864787962724,18.44316280337829,0
2019-04-12,11704.349609375,11710.2998046875,11549.099609375,11643.4501953125,1000000,11117.82404502103,10872.004016284647,10439.304520974963,67.03846134862658,-0.8102951955169857,201.62070072918868,105.59646161025653,96.02423911893216,0.9852594191968416,11.841557524429716,17.611037971125025,-14.185072802763091,15.773605627317036,29.055982907527973,17.94372460997118,1
2019-04-19,11667.0,11856.150390625,11648.25,11752.7998046875,984000,11178.297926894027,10906.545027594562,10465.314328573231,68.97754664199667,1.939085293370084,226.1879397359753,129.71475723540027,96.47318250057504,0.9823598152847284,13.094790956118835,17.63290857079372,13.799382192294036,16.763129777390407,31.232084475693355,16.955558582752285,1
2019-04-26,11727.0498046875,11796.75,11564.7998046875,11754.650390625,1000000,11233.188637725549,10939.804061438894,10490.845735742574,69.01077255248273,0.0332259104860668,243.00576131481463,152.37295805128315,90.63280326353151,0.9231383899037396,13.766931203607848,17.671845383522758,14.40662556666877,17.255479517821797,29.334883954175798,18.11105923042884,0
2019-05-03,11748.75,11789.2998046875,11655.900390625,11712.25,1000000,11278.813529370736,10970.096059029524,10515.031958797175,67.2339874565867,-1.776785095896031,250.03045348410524,171.90445713784757,78.12599634625766,0.851989215621411,14.247406636931828,17.645744186179396,-14.013049901311277,17.712661419650946,28.27122888496512,17.454369400351016,0
2019-05-10,11605.7998046875,11657.0498046875,11251.0498046875,11278.900390625,1000000,11278.82180187114,10982.206032817585,10530.158066358124,52.388160399175845,-14.845827057410858,218.11558017960124,181.1466817461983,36.96889843340293,0.5643771172753916,13.85578055570453,17.606578775543817,-14.38626465540945,16.57572177193085,24.908551818442067,25.819374965874047,1
2019-05-17,11258.7001953125,11426.150390625,11108.2998046875,11407.150390625,1000000,11291.043572228651,10998.870517437485,10547.524250997072,55.51854811242252,3.1303877132466766,200.856171406218,185.08857967820228,15.767591728015702,0.6309348647735069,13.671472633593362,17.649277946254266,14.4744290643843,16.028486563970525,22.888014772031752,27.36805649303105,1
2019-05-24,11651.900390625,12041.150390625,11591.7001953125,11844.099609375,1000000,11343.7155757664,11032.016756336992,10573.199010568913,64.16357139673747,8.645023284314945,219.9012313113326,192.0511100048284,27.850121306504235,0.8724884102618051,13.866559127721588,17.694369691288387,14.572852919477295,16.20483765409776,33.88607642992142,23.30686773226409,1
2019-05-31,11855.5,12039.25,11812.400390625,11922.7998046875,1000000,11398.866454711264,11066.949424899758,10599.92377876928,65.46545014850184,1.3018787517643773,238.59465586236,201.3598191763347,37.23483668602532,0.8773557790757702,14.141786203945053,17.737363114674803,14.569235771020097,16.368592237787333,32.05327630221747,22.0462664866636,0
2019-06-07,11953.75,12103.0498046875,11769.5,11870.650390625,1000000,11443.79825813162,11098.46710983016,10625.086681974344,63.81120054715599,-1.6542496013458532,246.3614066724258,210.36013667555292,36.00126999687285,0.8104122548560669,14.27514007554122,17.71082883305455,-14.09480833019656,16.69175166395132,31.033583479582976,20.30707082954983,0
2019-06-14,11934.900390625,12000.349609375,11797.7001953125,11823.2998046875,1000000,11479.941262565517,11126.891921393191,10648.813674503315,62.27252876315295,-1.5386717840030428,245.86167573176863,217.4604444867961,28.401231244972536,0.7566172650318514,13.793707512027714,17.6744344500211,-14.379346571066137,16.99182827396073,29.510381289449217,19.310351427708216,0
2019-06-21,11844.0,11844.0498046875,11625.099609375,11724.099609375,1000000,11503.194438452132,11150.311830725812,10670.106465292854,59.059527505844834,-3.2130012573081146,234.7549002891537,220.91933564726764,13.835564641886094,0.6734712701434187,13.252909258592505,17.63093457543154,-14.51776662635457,16.541404298465057,27.91609967820739,22.52591965807513,1
2019-06-28,11725.7998046875,11911.150390625,11651.0,11788.849609375,1000000,11530.399692825738,11175.352527927742,10692.25979487864,60.49239816808858,1.4328706622437508,228.5429833436356,222.44406518654125,6.098918157094317,0.6949955129566703,12.7492511821093,17.66748841989599,14.34029884842711,16.34095911204623,27.778823537364605,21.06943179990428,1
2019-07-05,11839.900390625,11981.75,11797.900390625,11811.150390625,1000000,11557.137854520906,11200.285777445282,10714.41604429936,60.99868701030408,0.506288842215497,222.85059810605344,222.5253717704437,0.3252263356097273,0.6950617557380198,11.263906890374528,17.705952375795132,14.428748896890225,16.38431935706247,28.21186658836804,20.03498838150665,0
2019-07-12,11770.400390625,11771.900390625,11461.0,11552.5,1000000,11556.696154090345,11214.098099898409,10731.011766194422,52.5821444083148,-8.416542601989278,195.2180645725512,217.0639103308652,-21.845845758314056,0.4610064013437173,9.457790266860938,17.66590708613638,-14.468252844505455,15.345418495036624,25.74133103493429,26.706212312644112,0
2019-07-19,11614.75,11706.650390625,11399.2998046875,11419.25,1000000,11543.60604417698,11222.143272451412,10744.64024607176,48.8431431976794,-3.739001210635408,160.7143067947618,205.7939896236445,-45.07968282888274,0.2702269730056875,7.631064603306727,17.616682468721404,-14.63003475254082,14.596058301631832,23.77337981499508,26.199238498731205,0
2019-07-26,11392.849609375,11398.150390625,11210.0498046875,11284.2998046875,1000000,11518.910211844648,11224.580783519494,10755.326573965142,45.32776089835343,-3.515382299325971,121.08468831948994,188.85212936281363,-67.76744104332369,0.046518241083822,6.655855776372638,17.560039951242107,-14.717499910889304,14.526167236595246,22.511823262287347,29.609486018085505,0
2019-08-02,11307.5,11310.9501953125,10848.9501953125,10997.349609375,1000000,11469.237773514204,11215.669757082454,10760.119109319792,38.91425664906931,-6.4135042492841166,65.76534557667583,164.23477260558607,-98.46942702891025,-0.156129423795649,8.092468654034949,17.497946824252953,-14.75003445087239,15.443179079160313,19.98907938490172,35.050215274145906,1
2019-08-09,10895.7998046875,11181.4501953125,10782.599609375,11109.650390625,1000000,11434.991356096189,11211.512134868435,10767.040520830788,42.352021296012815,3.4377646469435064,30.632984432570083,137.5144149709829,-106.8814305384128,0.0274840929987587,8.88763178966675,17.561164903771832,14.768557815527942,16.45308229239174,18.10297633942125,33.31265918052509,0
2019-08-16,11139.400390625,11145.900390625,10901.599609375,11047.7998046875,1000000,11398.115970247742,11205.092043488792,10772.600110610128,40.983989371488654,-1.3680319245241606,-2.1754134552065807,109.576449285745,-111.7518627409516,0.0400664742888304,9.822977684094845,17.52246813857138,-14.289880266996992,17.39084956182092,17.04226033059431,31.360755237943422,0
2019-08-23,11094.7998046875,11146.900390625,10637.150390625,10829.349609375,1000000,11343.94774540272,11190.357046072566,10773.723863060915,36.49959831863087,-4.484391052857788,-45.281434065083886,78.60487261557924,-123.88630668066313,-0.0370198752984263,11.296250667972291,17.453683413971785,-14.811499692091813,18.883655043184444,15.059473642902896,33.747865410604284,1
2019-08-30,11000.2998046875,11141.75,10756.5498046875,11023.25,1000000,11313.405102983414,11183.803828579525,10778.664974683472,42.51236835626751,6.012770037636642,-63.07009216752158,50.26987965895909,-113.33997182648066,0.1534590259940416,11.907797557358148,17.534436583690447,14.9779739440484,20.26983156159343,13.75695194383837,30.828950179118948,0
2019-09-06,10960.9501953125,10967.5,10746.349609375,10946.2001953125,1000000,11278.433207014754,11174.486039039642,10781.982503804838,40.85682602957825,-1.6555423266892575,-82.43475068818043,23.728953589531187,-106.16370427771162,0.1420820428245329,12.465303162379437,17.482538011750922,-14.55013599765574,21.58124565355368,12.893631209259295,29.12544401367736,1
2019-09-13,10936.7001953125,11084.4501953125,10889.7998046875,11075.900390625,1000000,11259.144367358587,11170.619935180244,10787.802659979496,44.75676543269953,3.89993940312128,-86.32061000920112,1.7190408697847277,-88.03965087898584,0.2582704475036703,12.58570777674898,17.539049883656663,14.637622909307606,22.16911790056648,15.033788161302128,27.80450863945738,1
2019-09-20,10994.849609375,11381.900390625,10670.25,11274.2001953125,1000000,11260.578255735152,11174.681906165824,10797.434294342524,50.16723047719492,5.410465044495389,-72.56258819151844,-13.137284942475908,-59.425303249042535,0.4101933446380778,12.436085826576432,17.61874051889775,15.04955688640865,21.33920763972198,19.088801700704604,23.591760773166826,1
2019-09-27,11542.7001953125,11694.849609375,11416.099609375,11512.400390625,1000000,11284.561316200852,11187.925768301477,10811.592038823366,55.77084954142484,5.6036190642299175,-41.954862204684105,-18.900800394917542,-23.05406180976656,0.5700301656191554,12.409823297043124,17.697154785662843,15.112454718268015,20.19784979588551,23.95385869805505,21.51655459333173,0
2019-10-04,11491.150390625,11554.2001953125,11158.349609375,11174.75,1000000,11274.103095610297,11187.40907150534,10818.78328557934,47.599949487361,-8.170900054063836,-44.43140591494557,-24.006921498923152,-20.42448441602242,0.3415422185410375,12.555826392674785,17.610903135728165,-15.203853070189982,19.22421233539776,21.99327043687124,25.08485584557421,1
2019-10-11,11196.2001953125,11362.900390625,11090.150390625,11305.0498046875,1000000,11277.050401236696,11192.022433590915,10828.412325561678,50.60731663140806,3.007367144047059,-35.471090716690014,-26.299755342476526,-9.171335374213488,0.44936128434804,12.081689002376116,17.671382192902296,14.835837288711046,18.528669972093017,20.73401872046008,25.080243322251427,1
2019-10-18,11335.900390625,11684.7001953125,11290.0498046875,11661.849609375,1000000,11313.697944868916,11210.447028719704,10844.91603415204,57.75683408368258,7.149517452274516,0.4159906896838947,-20.95660613604444,21.372596825728337,0.7295155033133649,11.514420697658885,17.73885525053627,15.009281802881793,17.599233845065545,25.71471274613146,23.025905265130024,0
2019-10-25,11657.150390625,11714.349609375,11490.75,11583.900390625,1000000,11339.4315111314,11225.092258598344,10859.549387745565,55.85468073680525,-1.902153346877327,22.30973798026389,-12.303337312782777,34.61307529304666,0.6906708263970245,10.93762483499301,17.676766467380325,-14.928781876123727,16.826717529877875,25.121876150311078,21.929882300921744,1
2019-11-01,11643.9501953125,11945.0,11627.349609375,11890.599609375,1000000,11391.923710964124,11251.19058607978,10879.966223817431,61.26072089192993,5.406040155124678,63.674751307868064,2.8922804113473912,60.78247089652067,0.9275489959838644,11.12684170612716,17.756548547888983,15.188466608001931,16.78205326605255,28.08467756057137,20.25324822985286,1
2019-11-08,11928.900390625,12034.150390625,11850.25,11908.150390625,1000000,11441.088156646112,11276.953715669792,10900.326306328474,61.55088879893296,0.2901679070030312,96.75766166359244,21.665356661796405,75.09230500179603,0.9167884784264894,11.5811871086557,17.820710578709214,15.04245771903634,16.982133066836315,28.905371654868997,19.438172908406155,0
2019-11-15,11879.2001953125,11973.650390625,11802.650390625,11895.4501953125,1000000,11484.360731757197,11301.20847957735,10920.031729872711,61.193695622066365,-0.3571931768665948,120.56154836564384,41.44459500256589,79.11695336307794,0.8938820548102955,11.846177719144809,17.776992094631,-14.66894710940231,16.97421253061511,27.78562104251348,19.76349321469824,1
2019-11-22,11915.150390625,12038.599609375,11867.599609375,11914.400390625,1000000,11525.316889744608,11325.255221187062,10939.72219840246,61.552227669747175,0.3585320476808107,139.34909286237053,61.02549457452682,78.32359828784371,0.895303780325504,12.104965835670637,17.82927033922877,14.852070476902126,17.15834918538961,28.19396209545498,18.972011626841496,1
2019-11-29,11922.4501953125,12158.7998046875,11919.75,12056.0498046875,1000000,11575.86288164393,11353.913832304726,10961.82769555662,64.21373601553452,2.6615083457873467,163.7803235145093,81.5764603625233,82.20386315198598,0.9419563560039256,13.115896937957196,17.894729654895215,15.13585233195971,17.676369381052062,29.412551712313867,17.870467845250072,0
2019-12-06,12137.0498046875,12137.150390625,11888.849609375,11921.5,1000000,11608.780702439746,11376.172113390816,10980.831107525795,59.96730425520138,-4.246431760333145,170.32184090490773,99.3255364710002,70.99630443390754,0.8203569212377605,13.69063044953509,17.838251719230502,-14.99271866190793,18.011251251289853,27.65569794887672,17.54638145991482,1
2019-12-13,11939.099609375,12098.849609375,11832.2998046875,12086.7001953125,1000000,11654.296844618104,11404.035959740686,11002.72950530375,63.18628258862034,3.218978333418967,186.6843348863622,116.7972961540726,69.8870387322896,0.8768592269693298,14.493252012785716,17.900668064797696,15.095694400021864,18.04782943866848,25.869321772143845,17.783380708118827,1
2019-12-20,12131.349609375,12293.900390625,12046.2998046875,12271.7998046875,1000000,11713.106650338996,11438.065914444482,11027.859610242043,66.44222014676026,3.2559375581399195,212.14227667512023,135.86629225828213,76.2759844168381,0.9280338505812428,15.150505102116991,17.94813470151143,14.876767406109316,18.689559342761463,29.080515713608552,16.704018424798438,0
2019-12-27,12235.4501953125,12287.150390625,12118.849609375,12245.7998046875,1000000,11763.839331705523,11469.741753277542,11051.977237854824,65.56503509876009,-0.8771850480001717,227.5963076871085,154.2122953440474,73.3840123430611,0.8671821598484792,15.627411588235926,17.915871999077893,-14.498203785874882,19.28545139656209,27.84344362986929,15.993436979713737,0
2020-01-03,12274.900390625,12289.900390625,12151.7998046875,12226.650390625,1000000,11807.91657541214,11499.424444938228,11075.238092365124,64.88557792711849,-0.6794571716416016,235.5828880398094,170.48641388319982,65.09647415660959,0.821589630115658,15.666453732181134,17.88254389075969,-14.497900587278997,19.84766453231193,26.90683708087564,15.41400498742631,1
2020-01-10,12170.599609375,12311.2001953125,11929.599609375,12256.7998046875,1000000,11850.66735915265,11529.1254394382,11098.63535399527,65.49192130450069,0.6063433773822027,241.5605565258029,184.70124241172044,56.85931411408245,0.8136295141268727,14.843881802233213,17.923296067913373,14.702743574032104,19.196492324725256,24.28831495546252,19.58062747966218,1
2020-01-17,12296.7001953125,12389.0498046875,12278.75,12352.349609375,1000000,11898.446621078589,11561.408740220037,11123.461378854276,67.4124484723146,1.920527167813901,251.11329481296707,197.98365289196977,53.1296419209973,0.8371965761622808,14.461114311118086,17.966729991054034,14.80857749907938,18.888160547287665,25.50019568242857,18.894354363634086,0
2020-01-24,12430.5,12430.5,12087.900390625,12248.25,1000000,11931.761228594914,11588.343691583954,11145.73442085716,63.28033334514056,-4.132115127174039,247.43170161416128,207.8732626364081,39.558438977753184,0.7584787649752902,13.23411932059599,17.93549039402305,-14.485082513923302,17.705093626281883,23.228894205507324,22.173194108969312,0
2020-01-31,12197.099609375,12216.599609375,11945.849609375,11962.099609375,1000000,11934.65059819302,11603.00078639929,11161.900068154544,53.561484196146246,-9.718849148994307,218.90071621920836,210.07875335296816,8.82196286624017,0.5532549461447456,11.793753846696152,17.889898998110475,-14.824745399979005,16.863041633078186,21.415702348449237,24.10911716487871,1
2020-02-07,11627.4501953125,12160.599609375,11614.5,12098.349609375,1000000,11950.24098021035,11622.426230437552,11180.443623426236,56.95171154783738,3.390227351691138,204.92173089587777,209.0473488615501,-4.125617965672319,0.6311995007057523,10.84352332844322,17.940082000185143,14.923016844184373,17.212022429018017,18.593147782079605,28.92852936404709,1
2020-02-14,12102.349609375,12246.7001953125,11990.75,12113.4501953125,1000000,11965.784714981985,11641.682072197356,11198.91900108735,57.32357245239019,0.3718609045528041,192.83884918291733,205.8056489258236,-12.966799742906232,0.6244060256393128,10.401908673794692,17.980340004734735,14.747832500549675,17.144974642122513,19.531663136365005,27.124124315837943,0
2020-02-21,12131.7998046875,12159.599609375,11908.0498046875,12080.849609375,1000000,11976.743276352749,11658.904328557264,11216.382973528687,56.194976684024674,-1.128595768365514,178.57399370130588,200.3593178809201,-21.78532417961418,0.5755437201974548,8.474291990215807,17.953690186842266,-14.342072316748716,17.3485595256104,18.32208017860321,27.48035094468389,0
2020-02-28,12012.5498046875,12012.5498046875,11175.0498046875,11201.75,1000000,11902.934392890582,11640.976707829528,11216.093211676636,35.75323555229875,-20.441741131725927,95.23518944276292,179.33449219328864,-84.09930275052571,-0.2405756872730144,8.970101384677031,17.905691480924645,-14.89320593875612,19.2399941516196,14.774039362204103,37.82942436194215,0
2020-03-06,11387.349609375,11433.0,10827.400390625,10989.4501953125,1000000,11815.935897883144,11615.426648515137,11211.605231154574,32.66312307854959,-3.0901124737491585,11.920356223048657,145.85166499924065,-133.931308776192,-0.214585110111057,11.41226096120451,17.812098969766716,-15.490455459919012,21.526195236799367,12.966182635250249,40.22493146751778,0
2020-03-13,10742.0498046875,10751.5498046875,8555.150390625,9955.2001953125,1000000,11638.722973828795,11550.319728781698,11186.725923514136,22.472980990306368,-10.19014208824322,-135.99491602855778,89.48234879368097,-225.47726482223877,-0.3735382952160114,18.578109942611672,17.70522048795661,-15.523073049698782,25.32672529067803,8.476237487913293,58.6187412389815,0
2020-03-20,9587.7998046875,9602.2001953125,7832.5498046875,8745.4501953125,1000000,11363.173185398671,11440.32484511624,11138.383829886385,16.132952892293346,-6.340028098013022,-346.8374237353328,2.218394287878226,-349.05581802321103,-0.3480094905449333,29.97801188975768,17.589411099337923,-15.492065102849162,29.111377853261,6.396312532650042,52.58811745329505,0
2020-03-27,7945.7001953125,9038.900390625,7511.10009765625,8660.25,1000000,11105.751929646418,11331.302302170505,11089.31187285893,15.794982016674396,-0.3379708756189501,-514.8714561945108,-101.19957580859958,-413.6718803859112,-0.1587628242881023,38.1185713574106,17.498213501648674,-15.149432358287566,32.72412455698769,5.374135805548529,47.5465069740247,0
2020-04-03,8385.9501953125,8678.2998046875,8055.7998046875,8083.7998046875,1000000,10817.946965364616,11203.949263053524,11029.79678240009,13.703296665604752,-2.0916853510696427,-686.639201408887,-218.28750092865704,-468.3517004802299,-0.1167417452945421,46.89896910545587,17.433012182767524,-14.735514786267748,36.078817924733904,5.021984630163284,44.43092543269508,1
2020-04-10,8446.2998046875,9131.7001953125,8360.9501953125,9111.900390625,1000000,10655.466339198938,11121.908130801428,10991.818636028309,31.20218191779442,17.498885252189666,-731.3764000472565,-320.90528075237694,-410.4711192948796,0.1249422597377311,50.354388876450905,17.496791239393573,14.71274119479693,37.98549680068755,9.08283737512569,39.71331596548726,1
2020-04-17,9103.9501953125,9324.0,8821.900390625,9266.75,1000000,10523.20764022761,11049.156831554312,10957.658861057447,33.39294591328887,2.19076399549445,-745.7394626195146,-405.8721171258045,-339.8673454937101,0.1877270615631039,52.743265601736255,17.567925710244367,14.88938640808167,39.27662442628324,10.600414898430635,37.650493444198005,0
2020-04-24,9390.2001953125,9390.849609375,8909.400390625,9154.400390625,1000000,10392.84504502736,10974.85265740022,10921.950772534034,32.582267933282935,-0.8106779800059343,-757.456480908384,-476.18898988232047,-281.2674910260636,0.20142602723816,55.0648209856087,17.483725488956512,-15.051563546282342,40.30608363633951,10.767628174551112,35.733810286198825,1
2020-05-01,9259.7001953125,9889.0498046875,9250.349609375,9859.900390625,1000000,10342.088411274755,10931.129039095307,10900.92007190217,42.08963157376984,9.507363640486908,-701.7252960246387,-521.2962511107842,-180.42904491385457,0.3362392891383758,55.4300348516335,17.550638878455466,14.813012914062742,40.06836741335669,15.171513895392618,32.97525231438809,0
2020-05-08,9533.5,9533.5,9116.5,9251.5,1000000,10238.222848296207,10865.261233640593,10868.258288300149,37.21560195493738,-4.874029618832466,-698.5977573077489,-556.7565523501771,-141.8412049575718,0.2602614994921738,56.239545990183295,17.464627378112368,-15.054667381253058,39.98493034860421,13.99423519120272,31.81359495280437,0
2020-05-15,9348.150390625,9584.5,9043.9501953125,9136.849609375,1000000,10133.33015887514,10797.480385630177,10833.972967925392,36.361085139598536,-0.8545168153388403,-697.3320785645137,-584.8716575930445,-112.46042097146926,0.2658214410541202,56.7708864751623,17.36816072626763,-15.078224140198202,39.98379378569008,13.19259721101185,30.760031496006256,0
2020-05-22,9158.2998046875,9178.5498046875,8806.75,9039.25,1000000,10029.13204850608,10728.530174428994,10798.433899253603,35.61146266099897,-0.7496224785995693,-696.1793694301905,-607.1331999604737,-89.0461694697168,0.273305103789592,56.92008581589562,17.263620182875467,-15.05816575749946,40.23150896075585,12.655602429003483,32.10481019162776,1
2020-05-29,9099.75,9598.849609375,8996.650390625,9580.2998046875,1000000,9986.386120523355,10683.501532478347,10774.312432034472,42.66778389015023,7.056321229151266,-644.1819135301612,-614.5429426744113,-29.638970855749903,0.3831092512216096,55.47435716253738,17.361220925724442,14.98594757130214,39.44021841217312,16.443475047641304,29.976493246846957,1
2020-06-05,9726.849609375,10177.7998046875,9706.9501953125,10142.150390625,1000000,10001.22081291399,10662.27207593508,10761.794371808544,48.92712174840045,6.25933785825022,-551.2820718410476,-601.8907685077386,50.608696666691,0.50150740574948,52.73153489195332,17.473559627468372,15.23167944817777,37.517120012903774,21.7653246856078,27.993565803068936,0
2020-06-12,10326.75,10328.5,9544.349609375,9972.900390625,1000000,9998.52362983885,10635.23789219743,10746.172708814807,47.25350424979207,-1.6736174986083867,-485.7163033172001,-578.6558754696309,92.93957215243086,0.490475411988252,49.69342110492017,17.369449083667558,-15.159654177587182,35.96571238297402,19.904429671679956,27.3730481984773,1
2020-06-19,9919.349609375,10272.400390625,9726.349609375,10244.400390625,1000000,10021.940464199435,10619.910931351453,10736.236623306098,50.1965166950199,2.9430124452278363,-407.1537632678392,-544.3554530292727,137.2016897614335,0.5665375019306884,46.89133438329737,17.47308253254134,15.154818389886834,34.52511958375353,18.7051090023322,25.723713702136745,1
2020-06-26,10318.75,10553.150390625,10194.5,10383.0,1000000,10056.327086656633,10610.620306592573,10729.241838686175,51.67873985056853,1.4822231555486312,-329.9056076292454,-501.4654839492672,171.55987632002177,0.625948957019732,43.075767979321206,17.56836433502341,15.170185502734892,32.60970615929693,21.140355028153007,24.67219656374184,1
2020-07-03,10311.9501953125,10631.2998046875,10223.599609375,10607.349609375,1000000,10108.80542215362,10610.49204395659,10726.828131175063,54.06201305200436,2.383273201435827,-247.72710536819068,-450.7178082330519,202.99070286486125,0.7208160837433006,38.64384663776283,17.632552351472228,14.85469161660728,30.67332389591814,21.04637458665789,23.49638421220036,1
2020-07-10,10723.849609375,10847.849609375,10676.5498046875,10768.0498046875,1000000,10171.590601442562,10616.670779671527,10727.644401937689,55.7457204617201,1.683707409715744,-167.69974920861023,-394.1141964281636,226.41444721955335,0.8237369590987126,33.738585125567646,17.700261046208283,14.974057348017544,28.524083105728387,23.07384320934353,22.80592699136259,1
2020-07-17,10851.849609375,10933.4501953125,10562.900390625,10901.7001953125,1000000,10241.124848477795,10627.84840381431,10731.091051311443,57.1522886908778,1.406568229157692,-92.42757576639087,-333.7768722958091,241.3492965294182,0.8808200151450238,32.752970023154354,17.763450768273607,14.970408972732567,26.6717266603699,22.00109869752862,23.171564349243155,1
2020-07-24,10999.4501953125,11239.7998046875,10953.0,11194.150390625,1000000,10331.889185825148,10650.05632486571,10740.26054317904,60.13789234211421,2.985603651236417,-9.070984688254612,-268.8356947742982,259.7647100860436,0.9594256813141024,33.45127799498068,17.82684302630156,15.036901089147246,25.196646484293854,24.99843012234752,22.15925269239441,0
2020-07-31,11225.0,11341.400390625,11026.650390625,11073.4501953125,1000000,10402.514043871564,10666.660006059705,10746.85835807277,58.331353441526886,-1.8065389005873271,46.711753250467154,-205.72620516934512,252.43795841981228,0.8804906338021814,35.40313090380466,17.767279158002093,-14.97650310289098,24.022326295712936,25.3039639013503,21.22942419720176,1
2020-08-07,11057.5498046875,11256.7998046875,10882.25,11214.0498046875,1000000,10479.803163949273,10688.126272672558,10756.10967384732,59.84458052670509,1.513227085178201,101.09977314404568,-144.36100950666696,245.46078265071264,0.8756941902071342,35.86974173180415,17.823834179825145,14.923148988177909,22.600552105296508,24.012693663151232,22.11345518998207,0
2020-08-14,11270.25,11373.599609375,11111.4501953125,11178.400390625,1000000,10546.336233156484,10707.352708670694,10764.471866258757,59.25697328142946,-0.5876072452756276,139.71550757255682,-87.54570609082221,227.261213663379,0.8314990666648857,35.27091539609804,17.769807322791895,-14.878668711011416,21.52567243586952,24.773551321681428,21.29439124116594,1
2020-08-21,11248.900390625,11460.349609375,11144.5,11371.599609375,1000000,10624.932745177295,10733.401606737529,10776.494197805612,61.465245287001096,2.2082720055716365,183.7897043319608,-33.278624006265595,217.0683283382264,0.8690916895711356,31.933885161169844,17.831149175591268,15.009342416271126,20.71150608449316,24.896996716569493,20.31792615645255,1
2020-08-28,11412.0,11686.0498046875,11410.650390625,11647.599609375,1000000,10722.3295893866,10769.252508801745,10793.743809915895,64.43115193845208,2.965906651450979,238.2433946211586,21.02577971921924,217.21761490193936,0.9040108335935316,32.40065551108835,17.891351665599743,15.051360155525286,20.420232873212854,27.093763285795717,19.36582372902897,0
2020-09-04,11777.5498046875,11794.25,11303.650390625,11333.849609375,1000000,10780.569591290256,10791.393571569324,10804.438974261622,58.882932313374326,-5.548219625077749,253.16302781501872,67.45322933837915,185.7097984766396,0.7811469077851242,31.83599794831345,17.82034063120601,-15.211136494191036,20.364308860420923,26.725972406078043,17.95235641709451,1
2020-09-11,11359.599609375,11493.5,11185.150390625,11464.4501953125,1000000,10845.701077387614,10817.787948971018,10817.508503391342,60.411121158195,1.5281888448206686,272.3854307304045,108.43966961678424,163.9457611136203,0.7932680502591406,30.67448528976881,17.87523091090485,14.945492629417542,19.964047192373464,25.467794596540177,18.916400845823127,1
2020-09-18,11540.150390625,11618.099609375,11383.5498046875,11504.9501953125,1000000,10908.486707666174,10844.735488043234,10831.121210162057,60.89648262631314,0.4853614681181497,287.57237967288347,144.2662116280041,143.30616804487937,0.7760653977653971,30.90634363350525,17.916484778688314,14.70791875904318,19.86100492015143,26.494690651054764,18.213991951306944,0
2020-09-25,11503.7998046875,11535.25,10790.2001953125,11050.25,1000000,10921.987973602729,10852.79488066899,10835.460394119244,53.03492104896768,-7.861561577345469,259.9214280254182,167.3972549074869,92.5241731179313,0.6179231790104946,28.54201935616901,17.861074473471653,-14.995918171421062,18.681483352795404,23.508537858730904,25.137047570402345,1
2020-10-02,11140.849609375,11428.599609375,11099.849609375,11416.9501953125,1000000,10969.127232813184,10874.918618498146,10846.975043647824,57.76981522903885,4.734894180071173,264.5479466966317,186.8273932653159,77.7205534313158,0.7222739933968827,25.50482679090752,17.894089848789474,14.466846192058895,17.58621332596481,22.14365568869229,23.67761575705746,1
2020-10-09,11487.7998046875,11938.599609375,11452.2998046875,11914.2001953125,1000000,11059.13418162264,10915.674758765375,10868.108214967917,63.18929598070652,5.41948075166767,304.8245872886473,210.42683206998217,94.39775521866514,0.9026607973886912,21.912969499183603,17.940817483900087,14.854125465559338,17.237789801580977,28.145463544003025,21.798449270517192,0
2020-10-16,11973.5498046875,12025.4501953125,11661.2998046875,11762.4501953125,1000000,11126.116659116911,10948.88163862997,10885.817957152956,60.63203285018558,-2.557263130520937,320.8011622563099,232.50169810724776,88.29946414906215,0.8288301212272068,19.39385642808163,17.895959031894147,-14.814229212162932,17.086983564020276,27.90361923958017,20.571090995732146,1
2020-10-23,11879.2001953125,12018.650390625,11775.75,11930.349609375,1000000,11202.710273427208,10987.370578659187,10906.501752246462,62.44306916557335,1.811036315387767,343.05625359770966,254.61260920534016,88.44364439236949,0.8731434931133504,18.84068778173648,17.940027019235302,14.796052644747723,16.946949200571055,26.76193343407145,19.72941800729264,0
2020-10-30,11937.400390625,11942.849609375,11535.4501953125,11642.400390625,1000000,11244.58552268414,11013.05802226569,10921.074002511385,57.5531189160212,-4.88995024955215,333.6127976988337,270.41264690403887,63.20015079479481,0.7237779875612466,16.403078273391635,17.891166589054528,-14.896909205018638,16.145590156640417,25.00959362811999,22.29975099252226,1
2020-11-06,11697.349609375,12280.400390625,11557.400390625,12263.5498046875,1000000,11341.629740017794,11062.096915693995,10947.657681762395,64.08656108763036,6.53344217160916,371.962604054288,290.72263833408874,81.23996572019928,1.0127240728100952,16.049103510558027,17.94278043383007,14.953119496223762,16.14165613844479,27.42068582141278,19.819497548924787,1
2020-11-13,12399.400390625,12769.75,12367.349609375,12719.9501953125,1000000,11472.898354807763,11127.110769796684,10982.752583020814,67.98574946306202,3.899188375431663,434.17786692902337,319.4136840530757,114.76418287594764,1.143052854669201,17.278239991756735,17.99642572088174,15.044361616184752,17.01591102781038,32.7788195768345,18.28599878991491,1
2020-11-20,12932.5,12963.0,12730.25,12859.0498046875,1000000,11604.912778605836,11195.02994763554,11019.906983449857,69.08733507919965,1.1015856161376265,489.0703879698685,353.3450248364343,135.72536313343426,1.096583502649577,18.82715529119309,18.03938373529185,14.870449917056018,18.12770772348052,34.57654208902212,17.58255340434614,1
2020-11-27,12960.2998046875,13145.849609375,12790.400390625,12968.9501953125,1000000,11734.82110400647,11264.59544754444,11058.501898536246,69.96663477650125,0.8792996973016045,535.2708799124684,389.7301958516411,145.54068406082737,1.0472867557331695,20.32722689183865,18.09069921106489,15.095388568450932,19.431617972950185,35.539985844292815,16.578135699058368,1
2020-12-04,13062.2001953125,13280.0498046875,12962.7998046875,13258.5498046875,1000000,11879.938123118947,11342.789736059853,11102.067203608549,72.2098683703637,2.243233593862442,588.4698566277511,429.47812800686313,158.991728620888,1.0576409201117272,22.363150191212604,18.12696988147842,14.792143895421436,20.83626459532389,35.89190560956148,15.71523269576536,1
2020-12-11,13264.849609375,13579.349609375,13241.9501953125,13513.849609375,1000000,12035.54874085762,11427.929338934957,11149.825271049467,74.04998484175576,1.840116471392065,643.8095537828558,472.3444131620616,171.46514062079416,1.0414950824535194,24.96676898481192,18.16614715257866,14.906964285162042,22.544923644785477,38.8633719762384,14.831081596427916,1
2020-12-18,13571.4501953125,13773.25,13447.0498046875,13760.5498046875,1000000,12199.834556460468,11519.404651317407,11201.522786567051,75.72283259059648,1.6728477488407236,699.5097930172524,517.7774891330998,181.73230388415251,1.025164910115833,27.23277354341389,18.197304678108747,14.713067299346491,24.371835252530072,40.002118556563424,14.010389126055278,0
2020-12-25,13741.900390625,13777.5,13131.4501953125,13749.25,1000000,12347.397932035665,11606.849566952022,11251.972830397406,75.48280952189852,-0.2400230686979654,734.2765510974205,561.077301525964,173.19924957145645,0.9517868193805504,28.81411577715827,18.167951327905424,-14.654315743173322,25.047800206388704,35.77926948169247,17.688324728008052,1
2021-01-01,13815.150390625,14049.849609375,13811.5498046875,14018.5,1000000,12506.55050993703,11701.424093738216,11306.75554662716,77.32699530165951,1.8441857797609915,774.6262726576988,603.787095752311,170.83917690538783,0.958376914990122,30.327692783596103,18.193807759439352,14.525711984635343,26.064253395613555,38.533532635350326,16.799675134351705,1
2021-01-08,14104.349609375,14367.2998046875,13953.75,14347.25,1000000,12681.85522327636,11805.18197241515,11366.963357585038,79.36768366685878,2.040688365199273,823.6367237643808,647.757021354725,175.8797024096558,0.9697185323027292,32.31777064633608,18.228244618939023,14.842448168027488,27.414049658724164,41.18190057969871,15.635845762597844,1
2021-01-15,14474.0498046875,14653.349609375,14357.849609375,14433.7001953125,1000000,12848.697601565516,11908.261118411125,11427.690819718257,79.8805090340707,0.5128253672119172,859.545363730278,690.1146898298356,169.43067390044246,0.9273407915396676,34.147776717662026,18.27427831376032,15.172968363459727,28.99476310215801,43.917171773079,14.81759612478521,0
2021-01-22,14453.2998046875,14753.5498046875,14222.7998046875,14371.900390625,1000000,12993.764533856896,12004.874423203826,11485.99199934017,78.38069833430839,-1.4998106997623069,872.9536258512198,726.6824770341125,146.27114881710736,0.8689707878774924,34.53506232963996,18.233970382428726,-15.042985315106964,30.02873863201637,40.0076847634759,15.763650705426477,0
2021-01-29,14477.7998046875,14491.099609375,13596.75,13634.599609375,1000000,13054.796445811,12068.785214818385,11528.538684687395,63.14741624776409,-15.2332820865443,814.6944683151924,744.2848752903285,70.40959302486385,0.680982685240055,33.46075907085417,18.201255284460174,-14.797739206365373,29.261295250168185,34.44357560136885,23.306704724158063,1
2021-02-05,13758.599609375,15014.650390625,13661.75,14924.25,1000000,13232.839641448048,12180.764226001977,11595.780492911408,73.02345301432709,9.876036766562995,862.6436556138578,767.9566313550343,94.6870242588235,0.9242452241874636,34.32864251443937,18.255491204489392,15.3140841699989,29.308606482187397,35.099398061441924,18.931407548589945,1
2021-02-12,15064.2998046875,15257.099609375,14977.2001953125,15163.2998046875,1000000,13416.692990327996,12297.726405558273,11666.424439679253,74.39329219698361,1.36983918265652,909.449485858666,796.2552022557607,113.19428360290522,0.9333618380557974,33.66657441508862,18.29119260634467,14.940830014009771,29.66127620825436,36.85409626621031,18.051228331969888,0
2021-02-19,15270.2998046875,15431.75,14898.2001953125,14981.75,1000000,13565.746038868188,12402.98223279128,11732.074450774711,71.4268440369805,-2.966448160003111,921.2740181738736,821.2589654393832,100.01505273449038,0.8589733300963559,32.629409125325566,18.255362618004227,-14.944361353097747,30.20322949288185,36.547960247733286,16.710075663663833,0
2021-02-26,14999.0498046875,15176.5,14467.75,14529.150390625,1000000,13657.4988342736,12486.36137623574,11787.462093147986,64.51970166966922,-6.90714236731128,883.9345915399317,833.7940906594929,50.14050088043882,0.732216254268958,31.402628577938145,18.211157772454136,-15.114421018170658,29.64669591702032,33.03664235068808,20.93961369578816,1
2021-03-05,14702.5,15273.150390625,14638.5498046875,14938.099609375,1000000,13779.460812854684,12582.50797361375,11849.850954855452,67.5711651877186,3.0514635180493883,877.2294560257033,842.481163732735,34.748292292968245,0.8027919750239664,29.83454972759464,18.24568311361321,14.862408761970636,29.271090741960503,31.072738220427627,18.888162184063297,1
2021-03-12,15002.4501953125,15336.2998046875,14919.900390625,15030.9501953125,1000000,13898.650277850667,12678.525315641153,11912.843019022916,68.2390692566691,0.6679040689504916,869.3861121958889,847.8621534253658,21.52395877052311,0.8011812765811707,28.168458568881395,18.26424914313482,14.26855938849789,29.017416433618276,30.185805439589373,17.835017617911184,0
2021-03-19,15048.400390625,15051.599609375,14350.099609375,14744.0,1000000,13979.159775198224,12759.524322870911,11968.905533497713,63.86154345271216,-4.377525803956935,830.4428943305538,844.3783016064035,-13.935407275849684,0.7157086725264171,24.268507439537025,18.24143326932244,-14.472564649252291,27.469827776638454,27.4127813683075,23.658445952807096,0
2021-03-26,14736.2998046875,14878.599609375,14264.400390625,14507.2998046875,1000000,14029.458825625774,12828.064537844111,12019.170766590578,60.41850127302821,-3.4430421796839497,771.5860226523764,829.8198458155982,-58.23382316322181,0.6273706850066225,21.378128037275932,18.21134765024012,-14.722720584751142,25.855513586856382,25.2275741333192,22.88477728327237,1
2021-04-02,14628.5,14883.2001953125,14617.599609375,14867.349609375,1000000,14109.257947887603,12908.036501433558,12075.570347635812,63.63059205110578,3.2120907780775667,745.4020076356883,812.9362781796162,-67.53427054392796,0.7281626898610698,19.626658178786617,18.229712726017564,14.223240432884255,24.36557705740222,24.029379854845093,21.742435859201223,0
2021-04-09,14837.7001953125,14984.150390625,14459.5,14834.849609375,1000000,14178.361915648313,12983.597799784204,12130.209540937578,63.13256324493673,-0.4980288061690459,713.8002635897283,793.1090752616387,-79.30881167191046,0.6994812986575699,17.70059411536039,18.205158092174617,-14.510606338769009,22.62904345209921,22.35230137283456,22.3281263200686,0
2021-04-16,14644.650390625,14697.7001953125,14248.7001953125,14617.849609375,1000000,14220.217886479424,13047.686106042664,12179.469740312576,59.76880974556751,-3.363753499369224,663.5960451652336,767.2064692423577,-103.6104240771241,0.5931798755329601,15.377744860144333,18.174927266312825,-14.691188023532924,21.461279325223867,20.62073926726583,23.384415075158937,0
2021-04-23,14306.599609375,14526.9501953125,14151.400390625,14341.349609375,1000000,14231.754241040908,13098.41800813413,12222.279242670247,55.69669287429735,-4.072116871270161,594.6429276512808,732.6937609241423,-138.0508332728615,0.4363604261225595,13.485042596255994,18.14899144922054,-14.509857518500295,20.581169611034404,19.33697555630328,23.227235165232667,1
2021-04-30,14449.4501953125,15044.349609375,14421.2998046875,14631.099609375,1000000,14269.787133263202,13158.523168967104,12269.97865587232,58.85987518982412,3.1631823155267758,556.9572324178262,697.5464552228791,-140.58922280505294,0.5628137031849032,12.03184012749816,18.18117913873149,14.72895765052585,19.617726743982583,24.31670217275308,21.095620022758865,1
2021-05-07,14481.0498046875,14863.0498046875,14416.25,14823.150390625,1000000,14322.488395869088,13223.80266785565,12320.536512006036,60.85487596165699,1.9950007718328635,536.4046020934074,665.3180845969848,-128.91348250357737,0.6537067181061924,11.100278018589249,18.21077420800578,14.675866080519882,18.711161452602283,22.87955518331637,19.915640126671903,0
2021-05-14,14928.25,14966.900390625,14591.900390625,14677.7998046875,1000000,14356.327577661315,13280.822163417684,12367.214993049232,58.54108755090425,-2.313788410752736,502.59432245284006,632.7733321681559,-130.17900971531583,0.5397671254166695,9.78445214706534,18.18029058369212,-14.705005877914406,18.091489446575807,23.12367235036965,18.90570745127885,1
2021-05-21,14756.25,15190.0,14725.349609375,15175.2998046875,1000000,14434.324932616191,13355.115404251796,12422.820632883651,63.63727776969016,5.096190218785907,510.0638261822769,608.2314309709801,-98.16760478870322,0.8557162721927138,9.509771840728591,18.214697864905308,14.82805684082039,17.97718635475367,24.54204137045449,17.59338455935587,1
2021-05-28,15211.349609375,15469.650390625,15145.4501953125,15435.650390625,1000000,14529.689261950363,13436.705011560549,12482.480628086452,65.99311223072513,2.355834461034973,530.8720160031226,592.7595479774086,-61.88753197428605,0.9660883551912652,10.22986267041823,18.23745599139989,14.44326605354586,18.397806917332957,27.33027844073183,16.798548179896738,1
2021-06-04,15437.75,15733.599609375,15374.0,15670.25,1000000,14638.314094145568,13524.295011107197,12545.604774064936,68.00465202358328,2.0115397928581444,559.8394040350886,586.1755191889447,-26.3361151538561,1.0192582561371148,11.39292135623797,18.26234951613219,14.556781490213982,19.23632021032284,29.689214424481708,15.938418019897023,1
2021-06-11,15725.099609375,15835.5498046875,15566.900390625,15799.349609375,1000000,14748.888905119798,13613.512838490247,12610.035364863155,69.08824873241332,1.0835967088300436,586.4532591779662,586.231067186749,0.222191991217187,1.004243139828614,12.445927852210836,18.28426635376697,14.4528283822723,20.18025251144619,30.01601959841541,15.307813667523671,0
2021-06-18,15791.400390625,15901.599609375,15450.900390625,15683.349609375,1000000,14837.885162667912,13694.682907936707,12670.893072675271,66.89595646797709,-2.192292264436233,591.3677809089622,587.2584099311916,4.109370977770595,0.9452242978599844,10.721655470757138,18.260433361947737,-14.5356895642405,20.687707192512736,28.013551899677708,16.00363152694907,1
2021-06-25,15525.849609375,15895.75,15505.650390625,15860.349609375,1000000,14935.26272902097,13779.611013875465,12734.050627857445,68.53654847210447,1.6405920041273845,602.5986138217504,590.3264507093033,12.27216311244706,0.974081327431559,11.866584890975084,18.27895358330012,14.280816294371744,21.15891511064596,26.373514258632973,15.066707919703514,0
2021-07-02,15915.349609375,15915.650390625,15635.9501953125,15722.2001953125,1000000,15010.209154382066,13855.790981774957,12793.22190642091,65.79574546408979,-2.74080300801468,593.5100126877896,590.9631631050006,2.5468495827890365,0.8604694074827405,12.514753525935635,18.263187997302744,-14.121156067438209,21.636466694503586,25.54057933330382,14.415072895481323,0
2021-07-09,15793.400390625,15914.2001953125,15632.75,15689.7998046875,1000000,15074.932073458776,13927.712896398978,12850.579884604404,65.13782300050798,-0.6579224635818122,577.0410203798383,588.1787345599682,-11.137714180129931,0.8110940349286047,13.021600219361767,18.245725997455864,-14.20674218226835,22.067744138951127,24.397126648851195,13.82061477480509,1
2021-07-16,15766.7998046875,15962.25,15644.75,15923.400390625,1000000,15155.738579855555,14005.97515107451,12911.427815416697,67.64951329224607,2.511690291738091,576.1968022603069,585.782348100036,-9.585545839729091,0.8823176409702433,13.37674219691754,18.257852366580536,13.839423354381912,22.577135928713297,23.91928894992376,13.107695032631405,0
2021-07-23,15754.5,15899.7998046875,15578.5498046875,15856.0498046875,1000000,15222.434886982408,14078.52709827502,12969.737161738887,66.16931347547303,-1.4801998167730377,563.5963361686754,581.3451457137639,-17.748809545088534,0.8140157108924932,13.863627629564895,18.245111153246057,-13.888576058361654,22.7702124932729,22.558190730906645,13.454186836439696,0
2021-07-30,15849.2998046875,15893.349609375,15513.4501953125,15763.0498046875,1000000,15273.92202200194,14144.58681225198,13025.050283381435,64.08418514169406,-2.085128333778968,539.882622436844,573.05264105838,-33.170018621535974,0.7465689215213835,14.16243071139503,18.22466100600003,-14.345138897516806,22.67098562024813,21.13161069977506,13.687025471049314,1
2021-08-06,15874.900390625,16349.4501953125,15834.650390625,16238.2001953125,1000000,15365.758038507707,14226.689297862198,13088.677014310762,69.39125193143927,5.307066789745207,553.0547283385495,569.0530585144139,-15.998330175864451,0.9094302517692066,14.877311481437406,18.245747438687577,14.376097873813585,23.64678994509753,26.52021845049162,12.385057734548264,1
2021-08-13,16281.349609375,16543.599609375,16162.5498046875,16529.099609375,1000000,15476.552473828402,14316.97989831368,13156.804194411045,72.1085447597712,2.717292828331935,580.2777876073924,571.2980043330097,8.979783274382726,0.969655901828006,15.507578411978075,18.26238583365234,14.158036576273464,24.917563776165537,28.045028222629103,11.6120693908025,0
2021-08-20,16518.400390625,16701.849609375,16376.0498046875,16450.5,1000000,15569.30938108284,14400.647353281773,13222.025893531618,70.2927627324044,-1.815782027366808,588.7234887071172,574.7831012078312,13.940387499285976,0.8858565187992901,16.138895667436707,18.248774372326302,-13.958745592600932,26.372642295554613,29.16061289051999,10.981009007347923,1
2021-08-27,16592.25,16722.05078125,16395.69921875,16705.19921875,1000000,15677.48936562257,14491.021936241312,13290.999622743864,72.69243466567622,2.3996719332718186,608.9492778028307,581.6163365268312,27.332941275999477,0.9267582838198548,16.928750120413756,18.26395208900092,14.068446670604011,27.75879869306876,27.888541914353237,10.372900516454903,1
2021-09-03,16775.849609375,17340.099609375,16764.849609375,17323.599609375,1000000,15834.26176978947,14602.103413619105,13370.85308782567,77.45432758654275,4.761892920866529,667.1871861435975,598.7305064501845,68.45667969341298,1.056491060650885,18.39475575552284,18.281961069727004,14.256086020185316,29.928631773164625,35.109385320656415,9.294523705537465,1
2021-09-10,17399.349609375,17436.5,17254.19921875,17369.25,965600,15980.451125047615,14710.618966026195,13450.029264304369,77.76260379169334,0.3082762051505909,708.8535308348692,620.7551113271214,88.09841950774774,1.01043037266616,18.55761333508121,18.292992827772437,13.78050598439044,32.05373198583548,35.66285699711682,9.005040342494064,1
2021-09-17,17363.55078125,17792.94921875,17269.150390625,17585.150390625,1000000,16133.279626531175,14823.345688559484,13531.912850964183,79.21042843534542,1.4478246436520834,750.6428231546997,646.7326536926371,103.91016946206264,1.010723624178846,19.20973567949392,18.31403163174384,14.442144468853597,34.395753992159634,38.50982007744938,8.213479464432659,1
2021-09-24,17443.849609375,17947.650390625,17326.099609375,17853.19921875,1000000,16297.08149245678,14942.163474057152,13617.482878049052,80.87526859375956,1.6648401584141368,796.2122000288746,676.6285629598847,119.5836370689899,1.0167175298580444,20.20422034537489,18.33253346024673,14.33341169117208,36.71227523726895,37.13436109615751,7.3840317894753,0
2021-10-01,17932.19921875,17943.5,17452.900390625,17532.05078125,1000000,16414.69761519899,15043.727682182362,13694.99907415204,73.30143017184625,-7.573838421913308,797.222381197771,700.747326607462,96.475054590309,0.8857506238502892,19.45345594759654,18.3111147420652,-14.47835367364345,38.86333067915616,34.19869524906727,6.800285380534545,1
2021-10-08,17615.55078125,17941.849609375,17581.349609375,17895.19921875,1000000,16555.697767918136,15155.550095381092,13778.17135424309,76.0344950071075,2.7330648352612457,817.8977844645924,724.1774181788882,93.72036628570424,0.9423965456430792,19.94472649179708,18.331684500235603,14.437484455953475,40.860739303765726,31.928138014739325,6.348793384895081,1
2021-10-15,17867.55078125,18350.75,17839.099609375,18338.55078125,1000000,16725.493292997362,15280.373651689675,13868.475897352137,78.87737525983532,2.842880252727824,860.1427659760411,751.3704877383188,108.77227823772228,0.995200027170048,21.292109148699616,18.350920088509017,14.39032511437174,43.08773616052956,35.861130548928614,5.828479438772496,0
2021-10-22,18500.099609375,18604.44921875,18034.349609375,18114.900390625,1000000,16857.81777848571,15391.531563020471,13952.563511080312,74.10199475577923,-4.775380504056088,865.5974323983901,774.2158766703332,91.38155572805692,0.8830107068198424,21.923716671016024,18.33033692235014,-14.45736497045232,45.345399996259495,36.63469960311254,5.306619085020105,0
2021-10-29,18229.5,18342.05078125,17613.099609375,17671.650390625,1000000,16935.3256463085,15480.947987632417,14026.208795823772,65.62246379755,-8.479530958229233,824.6476988842951,784.3022411131255,40.34545777116955,0.737086144346566,21.74573555943092,18.31037134720284,-14.40662556666877,45.62986273527895,32.61372097083353,11.066965224979713,1
2021-11-05,17783.150390625,18012.25,17697.099609375,17916.80078125,957100,17028.799468683883,15576.47162659781,14103.250221277756,67.81602682488162,2.1935630273316207,802.723036279127,787.9864001463259,14.736636132801095,0.7758718366849126,21.42516398777839,18.32100184618121,13.771664203006354,45.89400670722558,30.906762199651283,10.487734986944558,1
2021-11-12,18040.19921875,18123.0,17798.19921875,18102.75,1000000,17131.08047166637,15675.54136673123,14182.448236697996,69.41041968103717,1.594392856155551,791.2313091095057,788.6353819389619,2.595927170543746,0.7958949828764956,21.309022016597325,18.33582523413748,14.116874357280777,46.29274151226299,31.069533514247787,9.952771294465917,0
2021-11-19,18140.94921875,18210.150390625,17688.5,17764.80078125,1000000,17191.43478686481,15757.473108477065,14253.385910847544,63.2751888866217,-6.13523079441547,746.252026109265,780.1587107730227,-33.90668466375769,0.6824035611142371,20.27790083557099,18.323537496104905,-13.930535125877698,46.19482923752749,28.550662395237055,10.850765091629338,0
2021-11-26,17796.25,17805.25,16985.69921875,17026.44921875,1000000,17175.72187561578,15807.236877507374,14308.298055558482,52.38138305416753,-10.89380583245417,643.6077107830424,752.8485107750267,-109.24079999198432,0.4466599253759874,18.70003469058105,18.3060227066484,-14.270083874898402,43.72406470114334,25.106815326985053,19.885814046128694,1
2021-12-03,17055.80078125,17489.80078125,16782.400390625,17196.69921875,1000000,17177.71971781904,15861.725596771792,14365.494118195938,54.333701238038856,1.952318183871327,569.4350111880485,716.1658108576312,-146.73079966958267,0.4783211398263872,17.35862777841527,18.32507143041201,14.354807596864177,40.89701099569765,22.5755371692444,20.77838161383128,1
2021-12-10,17209.05078125,17543.25,16891.69921875,17511.30078125,1000000,17209.489342907702,15926.414819692509,14427.787319444533,57.77851512137661,3.4448138833377584,529.9296303237315,678.9185747508512,-148.9889444271197,0.5616051600566883,15.618143222669358,18.338029314019906,13.985507308735505,38.399042155840974,21.268934386265848,18.88937495471214,0
2021-12-17,17619.099609375,17639.5,16966.44921875,16985.19921875,1000000,17188.128378702208,15967.935776518292,14478.42913923276,50.86803376260588,-6.910481358770731,450.970821181334,633.3290240369479,-182.35820285561385,0.3187989624207605,13.327255757949017,18.323624551755152,-14.09063992381859,36.31309360708084,20.628909598927866,17.15444230356194,1
2021-12-24,16824.25,17155.599609375,16410.19921875,17003.75,1000000,17170.56853311152,16008.555942145023,14528.43549291132,51.09016794355759,0.2221341809517056,385.4490721104376,583.7530336516459,-198.3039615412083,0.2901282084820716,12.020198737115695,18.33631605412152,13.963155262614796,34.449817394716,18.592228859593124,22.82841163635721,1
2021-12-31,16937.75,17400.80078125,16833.19921875,17354.05078125,970300,17188.04303293423,16061.32044563934,14584.388270898224,55.20840514472338,4.11823720116579,357.66600827015645,538.535628575348,-180.8696203051916,0.4319538925317326,11.010496287538713,18.34681782946187,13.78536161162195,32.10657251582792,20.43528461198892,21.118592026013864,1
2022-01-07,17387.150390625,17944.69921875,17383.30078125,17812.69921875,1000000,17247.53409825002,16130.001966153484,14648.315220360637,59.96189132510593,4.753486180382552,368.4100243979119,504.5105077398608,-136.10048334194892,0.6534195476321467,9.637463326409543,18.359391349348456,13.976949754760437,30.834442126313476,25.9835302371289,19.48325845965169,1
2022-01-14,17913.30078125,18286.94921875,17879.150390625,18255.75,1000000,17343.554660321446,16213.364634147469,14719.749572432702,63.94266598485642,3.980774659750488,407.9723782797955,485.2028818478478,-77.23050356805226,0.8887476338944127,9.119785243073284,18.372392414342904,14.023175734909382,30.241277834008145,28.88180469540626,18.260562424976072,0
2022-01-21,18235.650390625,18350.94921875,17485.849609375,17617.150390625,1000000,17369.611396540833,16268.415055970116,14777.12384606027,55.39368890109999,-8.548977083756427,383.37684762993376,464.837675004265,-81.46082737433125,0.4821771724397757,8.972354183799833,18.35858511385857,-14.082939666733663,28.760499573017658,25.711975784875392,21.246084762443225,0
2022-01-28,17575.150390625,17599.400390625,16836.80078125,17101.94921875,1000000,17344.119760560752,16301.102670196778,14823.159992054128,49.62881043483024,-5.7648784662697565,318.63920907799184,435.5979818190104,-116.95877274101856,0.1761537330392292,9.282800658496502,18.343563181367397,-14.152840283979208,27.269377210453293,23.23479282253589,27.2124502309877,1
2022-02-04,17301.05078125,17794.599609375,17244.55078125,17516.30078125,1000000,17360.517953007347,16348.75749808122,14876.489512632264,53.793738651696266,4.164928216866031,297.3413068327027,407.9466468217489,-110.60533998904624,0.4315249488226075,9.299787757821056,18.35928821299416,14.198935216719214,25.507709557899823,23.651938402628385,24.91767719219804,0
2022-02-11,17456.30078125,17639.44921875,17043.650390625,17374.75,1000000,17361.873386054267,16388.992498156465,14925.960017332614,52.20566401164736,-1.5880746400489016,265.97461104984177,379.55223966736753,-113.57762861752576,0.3598273056086636,9.315904572871714,18.34540533214454,-14.075256782970614,24.22974628727373,21.938204398970505,25.555425530482285,0
2022-02-18,17076.150390625,17490.599609375,16809.650390625,17276.30078125,1000000,17353.723614168146,16423.788901415035,14972.501418598304,51.07627620266571,-1.1293878089816545,230.51501586611997,349.74479490711803,-119.2297790409981,0.3103745002473974,9.459299789978264,18.33161344773566,-14.054843156628351,23.44305981192711,20.14191161485365,26.276651931801087,0
2022-02-25,17192.25,17351.05078125,16203.25,16658.400390625,1000000,17287.502354783086,16432.98935197229,15005.88555665824,44.56049677185745,-6.515779430808259,150.8151307479202,309.9588620752785,-159.1437313273583,0.0224593286406204,10.411889590717683,18.315043534462777,-14.223173914818924,23.6094743689268,17.53556441363374,29.712828199766093,0
2022-03-04,16481.599609375,16815.900390625,16133.7998046875,16245.349609375,1000000,17188.249712363267,16425.630930693966,15030.429399286297,40.81241463746885,-3.748082134388604,53.70358999152086,258.707807658527,-205.0042176670061,-0.0934668252841069,11.41048823855854,18.29460719804065,-14.414402552018707,23.856960619461564,16.194454146217517,28.21910683859972,1
2022-03-11,15867.9501953125,16757.30078125,15671.4501953125,16630.44921875,1000000,17135.12585582867,16433.663020421653,15062.112960067754,45.42169801266776,4.609283375198906,7.727239548567013,208.511694036535,-200.784454487968,0.1392264325650111,11.512749223163594,18.321703158429173,14.699815556981768,24.668424784926284,14.317253160579318,29.883708782015223,1
2022-03-18,16633.69921875,17344.599609375,16555.0,17287.05078125,1000000,17149.59489634499,16467.129207120804,15106.171134744627,52.2496830687795,6.827985056111743,23.99629487618222,171.60861420446446,-147.61231932828224,0.4773071016177169,11.402370764124525,18.337091515635816,14.155263834653264,24.142088072112116,19.31565449533017,27.396768601302192,0
2022-03-25,17329.5,17442.400390625,17006.30078125,17153.0,1000000,17149.919191931178,16494.026100959207,15146.702399403152,50.85098482018888,-1.3986982485906196,25.775734080143597,142.4420381796003,-116.66630409945672,0.4261896965538416,11.02331471467943,18.321275803044948,-14.182443409212064,23.45886116950141,19.462363129589384,26.104622229195037,1
2022-04-01,17181.849609375,17703.69921875,17003.900390625,17670.44921875,1000000,17199.493480199635,16540.16034087257,15196.677583944673,55.7726733833258,4.921688563136918,68.15414140142457,127.58445882396516,-59.4303174225406,0.7221140780104035,10.383675970596189,18.338426770732244,14.26416349978683,22.312059373356306,20.80960355740852,24.137309396285893,1
2022-04-08,17809.099609375,18114.650390625,17600.55078125,17784.349609375,1000000,17255.194063930623,16588.952076892274,15247.918614151213,56.79819163947404,1.0255182561482457,109.66598295483344,124.00076365013882,-14.33478069530537,0.7843839269056199,10.408399691860968,18.355019470097115,14.24794276323131,20.92500363222704,24.136547371380324,22.77914548345779,0
2022-04-15,17740.900390625,17779.05078125,17442.349609375,17475.650390625,762800,17276.189904568182,16623.724559783754,15292.032114675449,53.19786494740992,-3.6003266920641224,116.31417204419633,122.46344532895031,-6.149273284754017,0.6005589819125796,10.35638495127389,18.34684043904949,-13.544752463667164,19.504644509170447,23.201273775326957,23.68892049967413,0
2022-04-22,17183.44921875,17414.69921875,16824.69921875,17171.94921875,1000000,17266.262220204546,16645.223566017725,15329.25819594425,49.849998160788765,-3.347866786621154,95.9704754598606,117.16485135513238,-21.194375895271776,0.431743847615053,10.36419205045668,18.32933819368584,-14.292676600777307,19.164520090597144,21.49405610855029,28.927684195594704,0
2022-04-29,17009.05078125,17377.650390625,16888.69921875,17102.55078125,1000000,17250.670654589827,16663.157966615072,15364.37290060377,49.08975462574232,-0.7602435350464489,73.40194351532773,108.41226978717144,-35.010326271843724,0.4042051299701683,10.352291378941,18.31331267005288,-14.187764221045963,18.84869027335051,20.28655606625579,27.302575388152484,0
2022-05-06,16924.44921875,17132.849609375,16340.900390625,16411.25,1000000,17170.725830343177,16653.279222826248,15385.103140195775,42.18773981938076,-6.9020148063615565,-0.2629451849825273,86.67722679274065,-86.94017197772318,0.0672455392420031,11.174012970912589,18.30036902511981,-13.959698344002309,19.31465123111363,18.4760710807467,31.03914211799769,0
2022-05-13,16227.7001953125,16404.55078125,15735.75,15782.150390625,1000000,17038.480550370015,16619.117307837965,15392.965461986452,37.07862464516682,-5.10911517421394,-108.1591892714314,47.70994357990625,-155.86913285133764,-0.1078562302791839,13.421416379191232,18.2828498474075,-14.247163745260869,20.43583689682462,17.07619256734376,35.47503425926894,1
2022-05-20,15845.099609375,16399.80078125,15739.650390625,16266.150390625,1000000,16964.925297060967,16605.27546794726,15410.256252652562,42.81637617536319,5.73775153019637,-152.8510136779514,7.597752128334719,-160.44876580628613,0.1451759707978373,14.207450894684454,18.29845210246752,14.130322027731047,21.47693787212768,15.815078716063583,32.855126050658136,1
2022-05-27,16290.9501953125,16414.69921875,15903.7001953125,16352.4501953125,1000000,16906.594334989684,16595.360751373348,15428.913558447808,43.80044515191271,0.9840689765495227,-179.23976902219874,-29.76975210177197,-149.47001692042676,0.2112403031920094,14.29807104456332,18.31387363804276,14.134183174216618,22.40824003163787,15.066990445399572,30.94974353544214,1
2022-06-03,16527.900390625,16793.849609375,16438.849609375,16584.30078125,1000000,16875.899710824,16594.927027054786,15451.79251335478,46.46587726224924,2.665432110336525,-179.3768979034794,-59.69118126211346,-119.68571664136594,0.3237133360105033,12.993978473390438,18.33189325606572,14.306603363997342,22.39397234876296,18.692555068203013,29.36553163574241,0
2022-06-10,16530.69921875,16610.94921875,16172.599609375,16201.7998046875,1000000,16811.69971976338,16579.51027323646,15466.644142886122,42.85475034060569,-3.611126921643546,-207.953052303732,-89.34355547043717,-118.6094968332948,0.1844360021915735,13.133875043866752,18.31973713715287,-13.915899636481385,22.740292805721,17.722376386680914,30.993883347424227,0
2022-06-17,15877.5498046875,15886.150390625,15183.400390625,15293.5,1000000,16667.109270262106,16529.078497815422,15463.215545997287,35.74976536716228,-7.104984973443408,-300.4289063838005,-131.56062565310984,-168.86828073069066,-0.0807448275623876,15.551992153915752,18.305911672987826,-14.031590017227968,24.13071085043336,15.685504348506395,38.59536847324955,1
2022-06-24,15334.5,15749.25,15191.099609375,15699.25,1000000,16574.93219690381,16496.536203783446,15467.8894955815,40.49574841552752,4.7459830483652325,-337.0902860034148,-172.66655772317085,-164.42372828024395,0.1217473097587707,16.15557254295484,18.319530253687898,14.01640931832674,25.4218133205234,14.689058877263314,36.143539110823625,1
2022-07-01,15926.2001953125,15927.4501953125,15511.0498046875,15752.0498046875,1000000,16496.56244526416,16467.34065872086,15473.51643239548,41.105405148027934,0.6096567325004187,-357.7601541519307,-209.68527700892284,-148.07487714300785,0.1779665951960292,16.56904019085427,18.336837082631376,14.271542663436817,26.202215507797884,16.053909645013654,34.38839979022014,1
2022-07-08,15710.5,16275.5,15661.7998046875,16220.599609375,1000000,16470.280270417574,16457.66453913867,15488.310158672302,46.35774183259721,5.252336684569279,-332.5002641034516,-234.24827442782865,-98.251989675623,0.3650175651346906,16.370701442419623,18.351867509901076,14.146683779571612,26.150220634725883,18.963461843359863,31.927596161884992,0
2022-07-15,16136.150390625,16248.5498046875,15858.2001953125,16049.2001953125,1000000,16430.177406121853,16441.64632957686,15499.416892071118,44.784333348056805,-1.5734084845404084,-322.5934628897903,-251.91731212022097,-70.67615076956935,0.3157516174335407,16.635569657591944,18.339664823694385,-13.939674083820483,26.101939681159024,18.077362860759944,30.435726654640263,1
2022-07-22,16151.400390625,16752.25,16142.2001953125,16719.44921875,1000000,16457.72710256263,16452.540560524827,15523.575948044958,51.68947389378325,6.905140545726447,-257.68828670299445,-253.07150703677567,-4.616779666218776,0.5507105690238625,16.54009931155283,18.352263788736654,13.971831167504527,24.999118807800933,22.52885978035236,27.906503934786304,1
2022-07-29,16662.55078125,17172.80078125,16438.75,17158.25,1000000,16524.443568985236,16480.215440504246,15555.945731251988,55.60392327446753,3.9144493806842817,-168.89598336059498,-236.2364023015396,67.34041894094457,0.6977810263908921,16.790357910800697,18.36732533539441,14.164194357589912,23.21658615995344,25.4994984739075,25.521775248731903,1
2022-08-05,17243.19921875,17490.69921875,17154.80078125,17397.5,1000000,16607.591800510454,16516.187384013883,15592.412152415314,57.62023065920325,2.016307384735711,-78.3191532962046,-204.65295250047257,126.33379920426796,0.7792881591607002,16.92397431822855,18.384899160606885,14.334781023467537,22.07289696786573,28.293497425789504,24.49044721951305,1
2022-08-12,17401.5,17724.650390625,17359.75,17698.150390625,1000000,16711.454523378507,16562.53887446922,15634.109939310554,60.074152896160726,2.4539222369574816,17.52163251118327,-160.2180354981414,177.73966800932467,0.860941994745996,17.625971303647493,18.397103993805864,13.985085385959678,21.37084316244438,29.910475478829436,23.384911692394716,1
2022-08-19,17797.19921875,17992.19921875,17710.75,17758.44921875,822300,16811.168303890077,16609.43731934298,15676.17606365589,60.56731572138671,0.493162825225987,97.2210534641381,-108.7302177056855,205.9512711698236,0.8767084876393115,17.775341800555346,18.405487925342623,13.619861787059428,21.11188131629241,32.21296615604162,22.5033494909042,0
2022-08-26,17682.900390625,17726.5,17345.19921875,17558.900390625,1000000,16882.380883579117,16646.671165275606,15713.457733496864,58.013496073547216,-2.553819647839497,142.6372624689975,-58.456721670748905,201.0939841397464,0.8199564668549663,17.40453526811981,18.39187173084868,-14.10219288083294,20.16116618636659,30.47425130417618,26.06326784326441,0
2022-09-02,17188.650390625,17777.650390625,17166.19921875,17539.44921875,1000000,16944.958820262058,16681.682069333427,15749.6159807296,57.75784703334419,-0.2556490402030249,175.0426060985119,-11.75685611689675,186.79946221540865,0.8104882446764469,17.493504893210847,18.380127473739165,-13.941615316282885,18.95006623561384,28.060837056704617,26.31759140934417,1
2022-09-09,17546.44921875,17925.94921875,17484.30078125,17833.349609375,1000000,17029.567466844244,16726.845502276232,15790.878032781984,60.58418877731729,2.826341743973096,221.8816659595432,34.97084829839123,186.91081766115195,0.8804169870593023,18.36279955064489,18.394454841723995,14.14171670674347,18.078834816803504,28.38101396689733,24.790438127357977,0
2022-09-16,17890.849609375,18096.150390625,17497.25,17530.849609375,1000000,17077.308623275745,16758.375075103635,15825.332915486795,56.40128812459372,-4.182900652723568,231.9193149565399,74.36054163002096,157.55877332651892,0.7684107279134419,18.761643396413685,18.377766990311937,-14.293048855172811,17.55843546593611,28.38397720016624,22.85376293603065,0
2022-09-23,17540.650390625,17919.30078125,17291.650390625,17327.349609375,1000000,17101.122050523292,16780.687801937805,15855.075820316266,53.7144994807532,-2.686788643840515,220.90699647890145,103.66983259979706,117.23716387910436,0.6866316549590031,18.9272547224041,18.36260238827212,-14.181403584529848,16.652923258788707,26.084140459408765,23.656183643999,0
2022-09-30,17156.30078125,17196.400390625,16747.69921875,17094.349609375,1000000,17100.477056128217,16792.98826497456,15879.615895347131,50.73444900463467,-2.980050476118535,191.17475839552208,121.17081775894206,70.00394063658001,0.5957360563427158,18.189360870118044,18.342348333719336,-14.453092701643534,16.10342562485249,24.138896050454147,28.890287793494306,1
2022-10-07,17102.099609375,17428.80078125,16855.55078125,17314.650390625,986200,17120.874516556483,16813.445603235363,15908.0324200061,53.368684250417104,2.6342352457824347,183.2754916390768,133.591752534969,49.68373910410779,0.6511778988057759,18.07148237145472,18.352957434088047,13.801615466764751,15.147648931715889,25.34577303204043,26.76450233505441,0
2022-10-14,17094.349609375,17348.55078125,16950.30078125,17185.69921875,1000000,17127.04829771777,16828.04378423594,15933.332752654493,51.62850222950586,-1.7401820209112415,164.71129466734055,139.8156609614433,24.89563370589724,0.5958947638825467,17.889155017752227,18.33931775926324,-14.051373671575362,14.260142002374751,24.023271690724112,25.367973999026628,1
2022-10-21,17144.80078125,17670.150390625,17098.55078125,17576.30078125,1000000,17169.834248530362,16857.38719588355,15965.86677302272,56.27892444921336,4.650422219707494,179.44874311207968,147.7422773915706,31.706465720509076,0.7058791935394797,18.08246481578521,18.35213849591941,13.98904444941416,13.6644700701964,26.42939799471773,23.474708140356217,1
2022-10-28,17736.349609375,17838.900390625,17637.0,17786.80078125,871000,17228.592965932232,16893.83478746655,16001.92487219554,58.58947963194057,2.3105551827272137,205.74219994927623,159.34226190311176,46.39993804616449,0.7484040323907314,18.020688946903626,18.36142319788691,13.677398403939607,13.416359104097165,27.776573268088477,22.63878607197773,1
2022-11-04,17910.19921875,18178.75,17899.900390625,18117.150390625,1000000,17313.21748256964,16941.807948374724,16043.810526025823,61.984860357302814,3.3953807253622443,250.35052158156032,177.54391383880147,72.80660774275884,0.8439161955284474,16.11319682813127,18.37542498690093,14.099862842821386,13.760874220196502,30.967059499516296,21.413136586214893,1
2022-11-11,18211.75,18362.30078125,17969.400390625,18349.69921875,1000000,17411.93002887253,16997.019370742382,16089.471688257983,64.20955269165081,2.224692334347999,300.99796759310266,202.2347245896617,98.76324300344096,0.9040456864260784,15.041308179560408,18.38849118460187,14.044239283117015,14.370118389156591,31.836735474833283,20.230742330142235,0
2022-11-18,18376.400390625,18442.150390625,18209.80078125,18307.650390625,1000000,17497.236729991815,17048.41666563974,16133.396018997924,63.48608961516885,-0.7234630764819698,333.89451629766336,228.56668293126205,105.32783336640132,0.8789503251579017,13.348059326566652,18.376325441729083,-13.973284095880349,15.061758710201657,31.9226636633933,19.543471512462567,1
2022-11-25,18246.400390625,18534.900390625,18133.349609375,18512.75,980200,17593.952279516405,17105.841502281317,16180.511939413807,65.5264121723769,2.04032255720805,372.2243222551151,257.29821079603266,114.92611145908243,0.9354496753432618,12.724999579526704,18.386519858652623,13.795512931657022,15.853682213693345,31.397887498215194,18.381286674690784,1
2022-12-02,18430.55078125,18887.599609375,18365.599609375,18696.099609375,1000000,17698.91869188389,17168.204565304597,16230.32555664076,67.28624233519835,1.7598301628214583,412.6391040550552,288.3663894478372,124.272714607218,1.0121341761603566,11.302120670734285,18.400155545864777,14.098281339747846,17.124601967618563,34.177574250798784,16.96863492315097,0
2022-12-09,18719.55078125,18728.599609375,18410.099609375,18496.599609375,1000000,17774.88830307352,17220.29848860148,16275.20227055629,63.48848814215039,-3.797754193047965,423.6861370429833,315.43033896686643,108.25579807611687,0.8830262755393421,10.797676702531067,18.388602711413224,-13.933561113389608,18.30474173912055,32.53460887520437,16.152928125317366,0
2022-12-16,18402.150390625,18696.099609375,18255.150390625,18269.0,1000000,17821.94655992366,17261.42403806809,16314.683413713592,59.37139115917872,-4.117096982971674,409.3567936270556,334.2156298989043,75.1411637281513,0.7398496131264379,10.564162541539348,18.37769809397969,-13.864587347719334,18.93105953014815,30.358730543802157,17.422757194798415,0
2022-12-23,18288.099609375,18473.349609375,17779.5,17806.80078125,928600,17820.504104811884,17282.811361330125,16344.23029227867,51.997139674969695,-7.374251484209019,356.5944724336405,338.69139840585154,17.903074027788932,0.4830665665861329,10.329670272866014,18.367956963749776,-13.74143443145732,18.243206983201887,27.26836681001431,22.627491244881835,1
2022-12-30,17830.400390625,18265.25,17774.25,18105.30078125,1000000,17847.62759780599,17315.065848385806,16379.102975228596,55.814153317171154,3.8170136422014593,335.0046826389844,337.95405525247816,-2.9493726134937788,0.6333339368913339,10.370760656398213,18.379048014625443,13.871891836579518,17.591529436195515,25.30528645768419,21.075488988560405,0
2023-01-06,18131.69921875,18251.94921875,17795.55078125,17859.44921875,1000000,17848.753466467322,17336.41421585107,16408.41676222902,52.13696665054216,-3.677186666628991,294.65979752762723,329.295203707508,-34.63540617988076,0.4978588042969574,10.35513692203906,18.36637344886668,-14.00456026325336,16.98640028540388,23.604239503133968,19.65877329875397,1
2023-01-13,17952.55078125,18141.400390625,17761.650390625,17956.599609375,1000000,17859.024527696623,17360.735211675536,16439.073848311116,53.44229322070443,1.305326570162265,267.4424993560242,316.92466283721126,-49.48216348118706,0.5400618234237188,10.231834233205335,18.379848343127964,14.066192230541953,16.328809573082903,22.263230936900587,19.04907936048979,1
2023-01-20,18033.150390625,18183.75,17853.650390625,18027.650390625,1000000,17875.0841336898,17386.888748104928,16470.530809545053,54.42130923378998,0.9790160130855484,248.73849616623195,303.2874295030154,-54.54893333678348,0.5664246768039684,10.083568499251664,18.391819238842658,13.960563694640117,15.825213513398408,21.786843481629194,18.087149137069854,0
2023-01-27,18118.44921875,18201.25,17493.55078125,17604.349609375,1000000,17849.29989327887,17395.41662501748,16492.982666967426,47.9518434798038,-6.469465753986178,197.48215218658152,282.12637403972866,-84.64422185314714,0.3399835034251026,10.193308530975523,18.379881676252623,-13.957791932598584,15.043002885590983,19.51196136946259,21.511556215698807,1
2023-02-03,17541.94921875,17972.19921875,17353.400390625,17854.05078125,1000000,17849.752358799928,17413.40227820307,16519.934510814604,51.60646943280295,3.6546259529991474,174.99272087419013,260.69964340662096,-85.70692253243084,0.4674658271318081,10.015048430213678,18.40312759488186,14.629901888718512,14.666508783479582,17.765249236635558,21.613360645738343,1
2023-02-10,17818.55078125,17916.900390625,17652.55078125,17856.5,1000000,17850.394991295172,17430.778659450007,16546.40115416481,51.64233639294849,0.0358669601455474,155.5739562889903,239.67450598309483,-84.10054969410453,0.4519239326566048,9.551211816908417,18.417483648685412,14.166731355048624,14.31690711723328,17.0625364199958,20.75843396646064,1
2023-02-17,17859.099609375,18134.75,17719.75,17944.19921875,1000000,17859.32872724325,17450.9127990304,16574.080323760558,52.98599020536967,1.3436538124211737,145.58285098675333,220.8561749838265,-75.27332399707319,0.4756843360671686,8.500313295514642,18.42888897407044,13.949517712396196,13.326310540185627,19.2834669649241,19.457240359604427,0
2023-02-24,17965.55078125,18004.349609375,17421.80078125,17465.80078125,1000000,17821.849875243894,17451.496641470385,16591.73815460193,45.55073059041336,-7.435259614956308,97.93315978429746,196.27157194392072,-98.33841215962326,0.1466967597080823,8.230951206465143,18.41865069479621,-13.842153462620056,13.197125616608998,17.614363678040966,22.20008052156533,1
2023-03-03,17428.599609375,17644.75,17255.19921875,17594.349609375,1000000,17800.18318325638,17457.098718643116,16611.591846775656,47.675459646883326,2.124729056469967,69.73934060391548,170.9651256759197,-101.2257850720042,0.1901640031807966,7.437445323831376,18.434626064395385,14.289942492775785,13.473784570102104,16.58083860656139,23.406883033659227,0
2023-03-10,17680.349609375,17799.94921875,17324.349609375,17412.900390625,1000000,17763.299107767678,17455.3654508777,16627.459342693466,45.00582464324131,-2.6696350036420142,32.38083415941219,143.2482673726182,-110.867433213206,0.0762797169619784,7.712713150776366,18.423438946611743,-13.936046246038856,13.235413216250214,17.730464891134265,21.73045480061917,0
2023-03-17,17421.900390625,17529.900390625,16850.150390625,17100.05078125,1000000,17700.13260048028,17441.431542264847,16636.817589001515,40.76712819418185,-4.238696449059461,-22.21432729749722,110.15574843859513,-132.37007573609233,-0.0458574659042405,8.838247321255333,18.40784472359932,-14.254797859043746,14.060972754212992,15.969958597633168,26.49952162062357,0
2023-03-24,17066.599609375,17207.25,16828.349609375,16945.05078125,935700,17628.22004626787,17421.965630068185,16642.92121657079,38.81655887456999,-1.9505693196118583,-77.09983183156874,72.70463238456234,-149.80446421613107,-0.0315235688291305,10.11899263697171,18.398321641857372,-13.74905125998204,14.87059500291638,15.07162418715814,25.33253750999423,1
2023-03-31,16984.30078125,17381.599609375,16913.75,17359.75,1000000,17602.651470432837,17419.525801438063,16657.115845945627,46.229364937933774,7.412806063363782,-86.14124577613984,40.93545675242191,-127.07670252856175,0.2265275928470601,10.217198796694932,18.409173802309,13.880362467490574,15.044331645398271,16.616233904419666,23.569541682344784,1
2023-04-07,17427.94921875,17638.69921875,17312.75,17599.150390625,721200,17602.31803426066,17426.569902974807,16675.769995345217,49.99580854240399,3.7664436044702185,-73.14584097315674,18.119197207306183,-91.26503818046292,0.3747247833483089,10.039756788914463,18.416442786483,13.488673156888265,14.426750318158868,19.70590333237048,22.399914872301903,1
2023-04-14,17634.900390625,17842.150390625,17597.94921875,17828.0,1000000,17623.811554807264,17442.312259720893,16698.586431080956,53.3590907925792,3.363282250175203,-43.8748758813781,5.720382589569329,-49.59525847094743,0.5232450186698674,9.411528786193069,18.42720740886279,13.890340626486504,13.497138730510269,22.154596459717244,21.537580736617716,0
2023-04-21,17863.0,17863.0,17553.94921875,17624.05078125,1000000,17623.834338278,17449.43926056517,16716.912457816976,50.12349119524488,-3.235599597334314,-36.71123833504316,-2.765941595353169,-33.945296739689994,0.4234826292892552,8.211013783115884,18.41377395691733,-14.110491677443088,12.553949709488618,21.05013423798108,21.173635570953746,1
2023-04-28,17707.55078125,18089.150390625,17612.5,18065.0,1000000,17665.850115584857,17473.578897405754,16743.60726063248,56.29421977347546,6.17072857823058,4.495096148097218,-1.3137340466630916,5.80883019476031,0.7664227987221417,7.439521586864204,18.426956023137407,14.09147499630206,12.246143955282452,23.068615008459005,19.554481702868777,1
2023-05-05,18124.80078125,18267.44921875,18042.400390625,18069.0,957700,17704.245342672013,17496.928744566314,16769.852661412035,56.346980502063474,0.0527607285880122,37.04712349360125,6.3584374613897765,30.68868603221147,0.7895937565580509,7.121204432152191,18.436428110763764,13.772290899677486,12.402076282451748,25.170457983201505,18.822611522200773,1
2023-05-12,18120.599609375,18389.69921875,18100.30078125,18314.80078125,1000000,17762.393479679442,17529.002157769595,16800.445693488033,59.576333774507134,3.22935327244366,81.73669871023594,21.43408971115901,60.30260899907693,0.928251050418048,7.71147231080749,18.44802448310154,13.985169784757552,12.836647671490963,25.873834250007537,17.800216208352985,0
2023-05-19,18339.30078125,18458.900390625,18060.400390625,18203.400390625,1000000,17804.394137864732,17555.449147293337,16828.226974619458,57.50018418667579,-2.0761495878313454,106.93178546873604,38.53362886267442,68.39815660606163,0.8372504715445862,7.844933742799492,18.436294226669133,-13.996582167232532,13.40372646877063,25.297293230740586,16.594051772172726,1
2023-05-26,18201.099609375,18508.55078125,18178.849609375,18499.349609375,1000000,17870.580373246663,17592.464851688695,16861.31851194135,61.3533031313467,3.853118944670911,149.06141464740358,60.639186019620254,88.42222862778333,0.9757333191293232,8.674298657518616,18.448041024418917,13.99799960073167,14.050509762518065,24.714362128421644,15.649227597194642,1
2023-06-02,18619.150390625,18662.44921875,18464.55078125,18534.099609375,1000000,17933.77268144936,17629.3917049313,16894.442890108356,61.79133880696693,0.4380356756202275,183.14233306775716,85.13981542924765,98.00251763850947,0.9413079272784644,9.410598167877517,18.46475983796046,14.365192020632724,15.017835115736911,26.5976206597935,15.093705935033556,1
2023-06-09,18612.0,18777.900390625,18531.599609375,18563.400390625,1000000,17993.737225180375,17666.019496527133,16927.491553484924,62.18058199245062,0.3892431854836928,210.0941994732493,110.130692238048,99.96350723520132,0.913123048673206,10.071652057667665,18.4766054064785,14.034887825728273,16.178683025852575,27.518538809005488,14.408177837877863,1
2023-06-16,18595.05078125,18864.69921875,18559.75,18826.0,1000000,18073.00034659177,17711.508928035873,16965.085780148587,65.56624083491717,3.3856588424665475,249.764215217172,138.05739683387282,111.7068183832992,0.9756505021610667,11.086894563720652,18.48798139377287,14.006049096043816,17.450475762687773,27.572489362240827,13.585461378012267,0
2023-06-23,18873.30078125,18886.599609375,18647.099609375,18665.5,1000000,18129.4288850116,17748.920342622703,16998.75734885852,61.91778249657872,-3.6484583383384495,265.1949772362896,163.4849129143562,101.71006432193336,0.8539732016567951,11.69499194378243,18.4775288413158,-13.92185149285406,18.681485359498858,26.72349476953031,12.959576289752222,1
2023-06-30,18682.349609375,19201.69921875,18646.69921875,19189.05078125,1000000,18230.34525608192,17805.39604609828,17042.129496034588,68.14477379452245,6.226991297943734,316.0271753027009,193.99336539202517,122.0338099106758,1.0066074611626052,13.15463268918055,18.48731083560554,13.85521288589177,20.48357773179333,29.822271810288548,11.62322950141009,1
2023-07-07,19246.5,19523.599609375,19234.400390625,19331.80078125,1000000,18335.245782288406,17865.25505531992,17087.469521484396,69.60416619118698,1.4593923966645264,363.6389866048448,227.9224896345891,135.71649697025572,0.9821915572822926,14.610168600650743,18.498315641329704,13.983395912411574,22.69581601224765,33.987974973740926,10.893995710227218,1
2023-07-14,19400.349609375,19595.349609375,19327.099609375,19564.5,1000000,18452.317612546653,17931.892111974044,17136.519629969855,71.86679874161051,2.2626325504235325,415.3605543731392,265.41010258229915,149.95045179084002,0.9855049710068562,15.87538208636957,18.511634183294284,14.186384911433706,24.85848795950036,33.615872391144,10.33413620739304,1
2023-07-21,19612.150390625,19991.849609375,19562.94921875,19745.0,1000000,18575.430220875543,18002.99438209271,17188.172706604117,73.51377378263624,1.6469750410257262,465.5485569907687,305.4377934639931,160.1107635267756,0.9688859877665696,17.19300178457068,18.52435404606558,14.15341105984318,27.393798114654583,38.398499401935766,9.494012841731204,0
2023-07-28,19748.44921875,19867.55078125,19563.099609375,19646.05078125,1000000,18677.394083768348,18067.427966373387,17236.843559567402,71.05793259321185,-2.4558411894243903,491.6708600303282,342.68440677726016,148.98645325306802,0.8879342082863867,17.701388190163943,18.51098021838646,-14.203219623093156,29.748014687297797,36.151801315912685,8.938517684044895,0
2023-08-04,19666.349609375,19795.599609375,19296.44921875,19517.0,1000000,18757.356551980887,18124.273928476392,17281.995172249233,67.87327098234171,-3.184661610870137,496.2393159299172,373.3953886077916,122.84392732212564,0.819139705729933,17.14501435273849,18.497363051801536,-14.207756003440098,30.6850797304638,32.766771037050326,13.10356734976154,0
2023-08-11,19576.849609375,19645.5,19412.75,19428.30078125,1000000,18821.25600238747,18175.4122364283,17324.496273417564,65.69395611756542,-2.179314864776288,487.087720441792,396.13385497459166,90.9538654672004,0.773376158469739,15.701911971268448,18.48533301799483,-14.071005900695852,31.555211556260804,31.295290373576307,12.515116142411836,0
2023-08-18,19383.94921875,19482.75,19253.599609375,19310.150390625,768700,18867.817372695805,18219.911771886997,17363.81615692662,62.80134406915813,-2.892612048407287,464.9417073976256,409.89542545919846,55.04628193842712,0.7134175665634396,14.612053728084252,18.47810118845928,-13.552457356233996,31.646970780874582,29.87291535236172,15.10292200901166,0
2023-08-25,19320.650390625,19584.44921875,19229.69921875,19265.80078125,1000000,18905.720554462878,18260.927027156133,17401.479218794408,61.70306965679361,-1.0982744123645247,438.7545009040732,415.6672405481734,23.087260355899787,0.677705308785953,13.650893784593018,18.464494747545995,-14.174094378837612,31.95319808245665,29.78803465213874,14.039118412884108,1
2023-09-01,19298.349609375,19458.55078125,19223.650390625,19435.30078125,1000000,18956.15676653784,18306.98089986569,17441.75291310046,64.27455559480127,2.571485938007662,426.7587750085149,417.88554744024174,8.873227568273194,0.722073444325608,13.00192419719663,18.48048621623977,14.336801825331564,32.20898192195259,28.36339600629247,13.490839899230403,1
2023-09-08,19525.05078125,19867.150390625,19432.849609375,19819.94921875,1000000,19038.422714367567,18366.312990802337,17488.845909251937,69.3105799701767,5.036024375375433,443.1812722412433,422.9446924004421,20.2365798408012,0.8580163188339124,12.059000341439804,18.49390519234246,14.176118457683192,33.25836465339562,34.07739613613852,12.31786217098646,1
2023-09-15,19890.0,20222.44921875,19865.349609375,20192.349609375,1000000,19148.32051389209,18437.92226996205,17542.380635987047,73.24314637710987,3.9325664069331614,480.7045559664148,434.4966651136366,46.20789085277818,0.962887114389268,12.28309323330569,18.508131033772333,14.248332044758785,34.77027231287952,38.40486423559215,11.334292452514992,0
2023-09-22,20155.94921875,20195.349609375,19657.5,19674.25,1000000,19198.409036378554,18486.4057103557,17584.595870917998,61.44618566691302,-11.79696071019685,463.2951421147227,440.2563605138538,23.0387816008689,0.7226611304667406,11.421869298086238,18.497403803069314,-13.96780322704382,35.27013987719752,34.446673205153225,14.149020587971078,0
2023-09-29,19678.19921875,19766.650390625,19492.099609375,19638.30078125,1000000,19240.30348827107,18531.578066077047,17625.263294884968,60.71544513132946,-0.730740535583557,441.5078272922874,440.50665386954057,1.001173422746831,0.6863173435101274,10.755937082166929,18.48629151190281,-13.992150169704846,35.06972743986668,32.59965961365122,16.620610951872663,1
2023-10-06,19622.400390625,19675.75,19333.599609375,19653.5,892800,19279.65553700716,18575.57500466226,17665.426397956555,60.92701865180703,0.2115735204775717,420.6190388012983,436.52913085589216,-15.91009205459386,0.6768103475431405,9.614604702567844,18.494617782212007,13.70211899068024,34.283451782839045,30.411214727970755,18.61467075809488,1
2023-10-13,19539.44921875,19843.30078125,19480.5,19751.05078125,1000000,19324.55032217314,18621.67209394021,17706.725890695037,62.32930678206151,1.402288130254476,407.241628216605,430.6716303280348,-23.43000211142976,0.7102265702448785,8.918117275579041,18.5044905104189,13.881580094000189,33.91864928468681,31.534137816478346,17.28930444793799,0
2023-10-20,19737.25,19849.75,19512.349609375,19542.650390625,994300,19345.321757263795,18657.788889888638,17743.08083128771,57.575405354744966,-4.753901427316542,375.4952881563222,419.63636189369225,-44.14107373737005,0.5677625592774251,7.945459768689222,18.495304806479965,-13.809795256700337,33.59398778578234,29.562384712204164,16.138489479399023,0
2023-10-27,19521.599609375,19556.849609375,18837.849609375,19047.25,906900,19316.93397085772,18673.061874598883,17768.905963341418,48.1700089914394,-9.405396363305565,306.8245314420674,397.07399580336727,-90.24946436129989,0.1978682529861675,7.056591413658336,18.48685231531228,-13.717788572092456,31.3022423723892,25.64498081212996,26.431096274414877,1
2023-11-03,19053.400390625,19276.25,18940.0,19230.599609375,1000000,19308.71165071651,18694.926099492062,17797.850391975746,51.33837286337887,3.1683638719394693,264.15226033184445,370.4896487090627,-106.33738837721825,0.3008398108712247,6.489954787878144,18.49631035282951,13.830695678219392,29.17419305995271,24.04054868942584,24.777482251007296,1
2023-11-10,19345.849609375,19464.400390625,19309.69921875,19425.349609375,935000,19319.820027731606,18723.57015870316,17830.07809925098,54.51868052408943,3.180307660710561,243.24489965766043,345.04069889878224,-101.7957992411218,0.4069790119584146,5.235170923746779,18.504941935145503,13.74830287778897,27.50229914722159,26.56603821098388,23.66866229974118,1
2023-11-17,19486.75,19875.25,19414.75,19731.80078125,1000000,19359.056289971453,18763.108614489312,17867.735974142048,59.05357327241637,4.534892748326939,248.53871455358603,325.740302029743,-77.20158747615699,0.6860799169020599,5.065506138689145,18.514094590489144,13.815811512672862,26.920856571553788,31.99759507174609,21.616733503195334,1
2023-11-24,19731.150390625,19875.150390625,19670.5,19794.69921875,869200,19400.54609271227,18803.56314798973,17905.893662154085,59.93654265274438,0.8829693803280065,254.8714794771331,311.5665375192211,-56.695058042087965,0.725875543565152,5.06740126984584,18.52198023379589,13.675329677846952,26.380945608433684,30.72286589855605,20.755560006755623,1
2023-12-01,19844.650390625,20291.55078125,19800.0,20267.900390625,1000000,19483.15126394205,18860.988137897,17952.666072618857,65.8950524644025,5.958509811658118,294.6767707835934,308.18858417209555,-13.511813388502162,1.06924830328537,5.931916327624927,18.5329284970483,14.012885738267457,26.714706697769262,35.73057187552986,18.79760841298628,1
2023-12-08,20601.94921875,21006.099609375,20507.75,20969.400390625,1000000,19624.698799816622,18943.670971337317,18012.4033858467,72.43913325837431,6.544080793971816,378.46522669852857,322.2439126773821,56.22131402114644,1.283263253960292,8.454136161406598,18.54826185244661,14.36288081738008,28.065318027264787,43.73893886931804,16.332422359940487,1
2023-12-15,20965.30078125,21492.30078125,20769.5,21456.650390625,1000000,19799.17037989361,19042.2191838584,18080.60629683241,75.89841355182499,3.459280293450675,478.66740467519776,353.52861107694525,125.1387935982525,1.2454308697246264,11.536157396008468,18.56191118147358,14.261030006021304,29.84025216498164,46.59717680293899,14.34826461457161,0
2023-12-22,21434.80078125,21593.0,20976.80078125,21349.400390625,1000000,19946.81133329661,19132.6968782414,18145.33489274909,73.70549311920266,-2.19292043262233,543.1629298173175,391.4554748250197,151.70745499229776,1.0653377147397969,13.368667472708363,18.54945560092569,-14.17010403715747,31.586070197907357,43.56126374203164,12.908508675438837,1
2023-12-29,21365.19921875,21801.44921875,21329.44921875,21731.400390625,1000000,20116.77219589931,19234.606819903503,18216.346090726835,76.32886578541388,2.6233726662112247,617.97665544357,436.7597109487298,181.21694449484025,1.072643918085317,15.456068086982503,18.559428267630988,13.946539697563276,33.40573143902554,43.60726203543782,11.921699433468287,0
2024-01-05,21727.75,21834.349609375,21500.349609375,21710.80078125,1000000,20268.584442123185,19331.712465446504,18285.54321331145,75.88916721751903,-0.439698567894851,667.9056550530986,482.9888997696036,184.91675528349504,0.9819328897229852,16.80259312461884,18.547360098640908,-14.13621702249972,35.12678848685403,41.74895659692316,11.265413028537624,1
2024-01-12,21747.599609375,21928.25,21448.650390625,21894.55078125,1000000,20423.43837918288,19432.21592881135,18357.00870970627,77.15343811732124,1.264270899802213,714.0704763420144,529.2052150840858,184.86526125792864,0.962091306938928,17.970134429386842,18.557739915391416,13.984663285089876,36.81744217779511,40.00972320621978,10.38164469134655,0
2024-01-19,22053.150390625,22124.150390625,21285.55078125,21622.400390625,1000000,20537.625237415465,19518.10551554914,18421.6699311106,71.19865412158163,-5.954783995739618,720.3919379134713,567.442559649963,152.94937826350838,0.8454405379101445,18.475424263570407,18.541705639099195,-14.416707457931617,38.57596938226119,37.86678159908541,9.045417100003018,0
2024-01-26,21716.69921875,21750.25,21137.19921875,21352.599609375,1000000,20615.24184426876,19590.046460405058,18479.708142561383,65.7784771388265,-5.420176982755123,695.6124857923787,593.0765448784462,102.53594091393256,0.7484198329437112,18.759127178900243,18.53034200712326,-14.058692787143908,39.636093964404914,34.38275527419712,10.439650799485204,1
2024-02-02,21433.099609375,22126.80078125,21429.599609375,21853.80078125,1000000,20733.19983826697,19678.82113965388,18546.52185817898,70.3015087986305,4.523031659803991,708.2530371770808,616.1118433381731,92.14119383890772,0.840222137510753,19.64126877846718,18.54755742678153,14.4770127767643,41.01827059845537,35.96807277834448,9.278608740717962,0
2024-02-09,21921.05078125,22053.30078125,21629.900390625,21782.5,1000000,20833.13318700345,19761.318349863534,18610.600633264545,68.90624673901107,-1.3952620596194265,704.397531784165,633.7689810273715,70.62855075679352,0.7905832289635726,19.92527073782812,18.529797903579077,-14.507857918753643,42.30172033007365,33.75697658831115,8.708216866740115,1
2024-02-16,21800.80078125,22068.650390625,21530.19921875,22040.69921875,1000000,20948.139475741213,19850.705834917902,18678.523377531583,71.13998847117776,2.233741732166692,713.9466030514341,649.8045054321841,64.14209761924997,0.8174567099282465,20.232935557150817,18.54493966351371,14.347080130550172,43.09136558928914,31.135610876867307,9.469853275266546,1
2024-02-23,22103.44921875,22297.5,21875.25,22212.69921875,1000000,21068.573736980143,19943.33302644073,18748.50705755571,72.55444632973507,1.4144578585573129,727.0127232403029,665.2461489938079,61.766574246495,0.8220623367252318,20.477341289813037,18.555741225674065,14.02228160836668,44.09276311560031,32.5549423502552,8.887040269059113,1
2024-03-01,22169.19921875,22353.30078125,21860.650390625,22338.75,1000000,21189.5429048868,20037.27094697247,18819.600977208072,73.57652703388214,1.022080704147072,739.0199996903793,680.0009191331222,59.0190805572571,0.8162235235584336,20.676461868105115,18.56767992120709,14.133746810890688,45.08603910290755,31.03121679400224,8.249145821045616,1
2024-03-08,22403.5,22525.650390625,22224.349609375,22493.55078125,1000000,21313.734131207104,20133.5956463559,18892.352458476227,74.81685204070563,1.2403250068234826,752.3543099468188,694.4715972958617,57.88271265095716,0.8188382781878132,20.471377316580856,18.578730962115944,14.067980651540058,46.20160504291574,32.21260037970751,7.876766336696843,0
2024-03-15,22517.5,22526.599609375,21905.650390625,22023.349609375,1000000,21381.316557699283,20207.70364490567,18954.35240205838,64.85809708663811,-9.958754954067516,716.7186554403634,698.9210089247621,17.797646515601286,0.6924129382071378,18.555667006534687,18.56012873270141,-14.5849708846365,45.93251965358336,29.27916845310868,11.833324710480394,1
2024-03-22,21990.099609375,22180.69921875,21710.19921875,22096.75,1000000,21449.45307601364,20281.78389412505,19016.57809706713,65.62726135080291,0.7691642641648002,686.4865509573501,696.4341173312797,-9.94756637392959,0.695069461395415,16.506399064057714,18.575277332918795,14.377866018139546,44.97211541302986,27.25396721254224,13.88817647437593,1
2024-03-29,21947.900390625,22516.0,21947.55078125,22326.900390625,1000000,21533.019486929006,20361.98454104662,19082.12903357322,67.99284812290006,2.3655867720971457,673.3367959739953,691.8146530598228,-18.47785708582751,0.7488549016567155,14.437904965143108,18.5850648913492,13.95353272694141,44.631420998043886,29.873885010819084,12.741485872737185,1
2024-04-05,22455.0,22619.0,22303.80078125,22513.69921875,1000000,21626.41755662624,20446.36550879969,19150.080918428204,69.8089889384641,1.81614081556404,670.2622586041434,687.504174168687,-17.241915564543547,0.8009754308759797,12.591800729123626,18.595549606616807,14.03247586315999,44.47066004533631,30.00563010546406,12.142801313430065,1
2024-04-12,22578.349609375,22775.69921875,22503.75,22519.400390625,1000000,21711.4635408166,20527.66099436147,19216.800115897448,69.86519014170457,0.0562012032404766,660.6699110297086,682.1373215408913,-21.46741051118272,0.8145669939618168,10.07147636384398,18.60469254647585,13.905352176040427,44.55318857565976,31.160822278030693,11.634845463674583,0
2024-04-19,22339.05078125,22427.44921875,21777.650390625,22147.0,1000000,21752.943203595973,20591.16448477867,19274.823875978687,61.77577973454393,-8.089410407160642,615.918383495271,668.8935339317673,-52.97515043649628,0.6339444668138121,7.668985301449783,18.59220084954297,-14.21576276917078,42.34768555115479,27.75094130951155,21.07362255761844,1
2024-04-26,22336.900390625,22625.94921875,22198.150390625,22419.94921875,1000000,21816.467585991595,20662.881533169704,19337.10358573653,64.9766638254598,3.200884090915864,595.6113593330119,654.2370990120163,-58.62573967900437,0.7859681051985464,6.766745027974936,18.605186588452067,14.254797859043746,40.673828280010646,28.719276677868343,19.583451437099733,1
2024-05-03,22475.55078125,22794.69921875,22348.05078125,22475.849609375,1000000,21879.265873932876,20733.978320471877,19399.25697234324,65.61178790722165,0.6351240817618589,577.3729942491009,638.8642780594332,-61.491283810332334,0.7951668988543089,6.616631112182299,18.617893384501382,14.24592905766514,39.42432598524365,29.32016189343903,18.284923978803967,0
2024-05-10,22561.599609375,22588.80078125,21932.400390625,22055.19921875,1000000,21896.021430582125,20785.79090471808,19451.84988811367,57.20506576006475,-8.406722147156906,522.9477711363543,615.6809766748174,-92.73320553846315,0.4806401085927429,5.940251728711512,18.60556319385863,-14.21603079365106,37.18631453009873,26.535474461962465,22.562393660902437,1
2024-05-17,22027.94921875,22502.150390625,21821.05078125,22466.099609375,1000000,21950.31459046716,20851.68536372423,19511.53800140597,62.28810145084765,5.0830356907829,507.12578679718354,593.9699386992907,-86.84415190210711,0.7659239197444304,5.929960078468862,18.616737547219696,14.117022308051904,34.8446276200938,23.98948024363767,21.96619092471525,1
2024-05-24,22404.55078125,23026.400390625,22404.55078125,22957.099609375,1000000,22046.198877982195,20934.25062825956,19579.76694413803,67.28806313732997,4.999961686482322,528.1185251434508,580.7996559881227,-52.68113084467189,1.0377794090254633,6.518051622629255,18.627119145988463,14.05421323584368,33.67760010522095,29.189044151395063,20.072570354863963,0
2024-05-31,23038.94921875,23110.80078125,22417.0,22530.69921875,1000000,22092.341767579128,20996.856455337613,19638.2012466056,59.86501677190609,-7.423046365423879,504.5325365598328,565.5462321024647,-61.01369554263192,0.7199171593322591,6.535729729866276,18.613248800608403,-14.342190436216065,32.73910969016771,27.59120408079357,18.1886097562895,1
2024-06-07,23337.900390625,23338.69921875,21281.44921875,23290.150390625,1000000,22206.418779297783,21086.78955083908,19710.517071239647,66.87433392960227,7.009317157696181,540.8868266047502,560.6143510029219,-19.72752439817168,1.111483723796101,7.300800898794425,18.639044096298587,14.968611347572969,31.21901085358608,21.228687347269563,26.722842205723087,1
2024-06-14,23319.150390625,23490.400390625,23206.650390625,23465.599609375,1000000,22326.340763114666,21180.076219801274,19784.87514130173,68.25370751230804,1.3793735827057674,577.2015291145253,563.9317866252426,13.269742489282748,1.130131457081806,7.545825798749157,18.65020788473461,14.149551985418446,29.51463867918222,22.2962249655026,25.837832871298367,1
2024-06-21,23570.80078125,23667.099609375,23398.19921875,23501.099609375,1000000,22438.2225579966,21271.0967448826,19858.46374462992,68.53917000798631,0.2854624956782743,601.9073327433907,571.5268958488723,30.380436894518425,1.045950745777478,8.29561186741522,18.661991868943755,14.215092393514098,27.59377816311854,23.71565697410201,24.99308836690753,1
2024-06-28,23382.30078125,24174.0,23350.0,24010.599609375,1000000,22587.97275336597,21378.52822976465,19940.684256803088,72.37809938044168,3.838929372455368,655.0482634185028,588.2311693627985,66.81709405570427,1.1495344076628713,9.650904557561338,18.675222189806707,14.343370864151971,26.314517441552965,27.39694619736803,22.559135291617046,1
2024-07-05,23992.94921875,24401.0,23992.69921875,24323.849609375,549600,22753.294358700165,21494.031028965062,20027.47961031936,74.4429218691717,2.064822488730016,714.2065622275659,613.426247935752,100.78031429181384,1.1243607684842891,11.39375895277508,18.67947403237526,13.216947839393717,25.4793325530952,28.78999523607565,21.444712007921083,1
2024-07-12,24329.44921875,24592.19921875,24141.80078125,24502.150390625,1000000,22919.852076026345,21611.9964941282,20116.086952503632,75.56269322488139,1.1197713557096876,766.6399747591386,644.0689933004294,122.57098145870918,1.0640933109855035,13.043591996164936,18.690539172278392,14.181056735889037,24.991949397183667,29.54726205898954,20.255984191161883,1
2024-07-19,24587.599609375,24854.80078125,24504.44921875,24530.900390625,1000000,23073.285248845263,21726.463313598662,20203.509000783262,75.74721560397775,0.1845223790963643,801.2770931270788,675.5106132657594,125.76647986131944,0.9860151034110528,14.341213904999222,18.700289320768384,14.064946222473267,24.91891259738725,31.553001058685822,19.351484006193484,1
2024-07-26,24445.75,24861.150390625,24074.19921875,24834.849609375,1000000,23241.053283181427,21848.36081539381,20295.21871580488,77.66715541522825,1.9199398112505008,843.5297350178917,709.1144376161859,134.41529740170574,0.9888371102104172,15.844623767241528,18.714573497634422,14.458837569081432,23.93598379053557,28.49516252262759,22.77453605608147,0
2024-08-02,24943.30078125,25078.30078125,24686.849609375,24717.69921875,1000000,23381.686229426054,21960.88389003523,20382.792587150325,75.19628600863375,-2.4708694065945025,857.6754519478127,738.8266404825114,118.84881146530132,0.9036546075690268,16.385443706468926,18.700689206927866,-14.430642682109095,23.36075907484386,29.82659113045169,21.650558901775188,0
2024-08-09,24302.849609375,24419.75,23893.69921875,24367.5,1000000,23475.573255195,22055.260992386797,20461.69768443448,68.21043487846198,-6.985851130171767,831.048079363587,757.2709282587266,73.77715110486042,0.7818983216982796,16.28727131654644,18.68818715719021,-14.312582633806924,21.98966802175094,26.82543234907804,29.15738795729594,1
2024-08-16,24320.05078125,24563.900390625,24099.69921875,24541.150390625,1000000,23577.05679190262,22152.746851141237,20542.478926141222,69.71297087643049,1.5025359979685078,814.5679971965837,768.730342046298,45.83765515028574,0.7955591330758738,16.370688961950197,18.69652832170357,13.905809109603842,20.47282222296817,27.068680839415915,27.479882550424065,1
2024-08-23,24636.349609375,24867.349609375,24522.94921875,24823.150390625,1000000,23695.732372733324,22257.46855857197,20627.24469771516,72.02536941469616,2.3123985382656684,814.869152225896,777.9581040822177,36.91104814367827,0.8307077421122595,16.699519075846467,18.70533925755345,13.969176263067444,19.45405458360868,29.751298460332823,26.272197209280424,1
2024-08-30,24906.099609375,25268.349609375,24874.69921875,25235.900390625,1000000,23842.41504110396,22374.269806887776,20718.50520648565,75.03034661825643,3.004977203560273,838.7447676793381,790.1154368016417,48.62933087769636,0.8859706703281274,17.258824520641582,18.71764709133289,14.3139807669801,19.108007617251044,33.22899487813616,24.757515359423724,0
2024-09-06,25333.599609375,25333.650390625,24801.30078125,24852.150390625,1000000,23938.58031248692,22471.441594485317,20800.35956656762,67.7442450851162,-7.286101533140226,817.2798536593327,795.54832017318,21.731533486152784,0.7668827289537673,16.64543969666664,18.708520811422275,-14.016491114505431,18.64467196547324,30.93249115958861,23.999371333709497,1
2024-09-13,24823.400390625,25433.349609375,24753.150390625,25356.5,1000000,24073.62028272626,22584.58113979961,20890.580169209843,71.64189995228773,3.897654867171525,831.3819000763142,802.7150361538069,28.66686392250733,0.8560974590361629,16.592161239179827,18.719081671174077,14.163206006636427,18.368885988518155,29.519155762862585,21.915262047815425,1
2024-09-20,25406.650390625,25849.25,25285.55078125,25790.94921875,1000000,24237.175419490428,22710.321064464337,20987.617180091827,74.50030145230195,2.8584015000142244,867.6129920688145,815.6946273368085,51.91836473200601,0.91620731621938,16.776162992182286,18.729768577112644,14.185694542535296,18.721798966451075,32.70279142787797,20.338940081538453,1
2024-09-27,25872.55078125,26277.349609375,25847.349609375,26178.94921875,1000000,24422.10625751515,22846.34569796573,21090.41583432268,76.75388598223574,2.2535845299337893,917.0634146604424,835.9683848015353,81.0950298589072,0.9701309221432428,16.31656751413456,18.74241056464259,14.36536514573162,19.59639032168453,36.16810373857015,19.064677616029872,0
2024-10-04,26061.30078125,26134.69921875,24966.80078125,25014.599609375,1000000,24478.53419578752,22931.375263119044,21168.12244372966,59.702255744290014,-17.05163023794573,852.4731681976336,839.269341480755,13.203826716878666,0.658160081169613,14.831259374994014,18.73229221831113,-14.143951342934049,18.71440210898505,30.96206837768965,26.776832213390545,0
2024-10-11,25084.099609375,25234.05078125,24694.349609375,24964.25,1000000,24524.79284380776,23011.09584103594,21243.29328642808,59.09091458975372,-0.6113411545362979,788.1369872501637,829.0428706346368,-40.9058833844731,0.6249723591925724,13.779313762318996,18.721469554124216,-14.200773639026796,17.459452433517438,28.963088236137523,28.307281423291265,0
2024-10-18,25023.44921875,25212.05078125,24567.650390625,24854.05078125,1000000,24556.15074261178,23083.368583789437,21314.7934348404,57.69832485249854,-1.3925897372551788,719.9587085192397,807.2260382115575,-87.26732969231773,0.5691137010330822,11.51562391139552,18.712292343191063,-14.025853327748052,16.3307562832921,26.742973943108467,27.64455952839369,0
2024-10-25,24956.150390625,24978.30078125,24073.900390625,24180.80078125,1000000,24520.40312724399,23126.4051405526,21371.54605556138,49.952892748237865,-7.745432104260672,604.6314678210001,766.7071241334461,-162.07565631244597,0.2987640390255958,10.491538473938103,18.701813171732518,-14.148692387127406,16.014493723849206,23.96632176348609,30.442667531947333,1
2024-11-01,24251.099609375,24498.19921875,24134.900390625,24304.349609375,1000000,24499.826601732657,23172.59904129073,21429.62137345868,51.24630489590186,1.293412147663993,517.2407274341094,716.8138447935788,-199.5731173594694,0.3139597119382927,9.556411217390163,18.7109931116427,14.015672851484783,15.720821347223662,22.93612594353219,29.13408504903,0
2024-11-08,24315.75,24537.599609375,23816.150390625,24148.19921875,1000000,24466.338279543837,23210.85787177933,21483.454598117914,49.5049173926421,-1.7413875032597588,430.4212759992588,659.5353310347149,-229.1140550354561,0.2077156440276849,8.677765686445975,18.69935361262693,-14.251828775967406,15.903442164751068,21.00517534560642,30.40093345844937,0
2024-11-15,24087.25,24336.80078125,23484.150390625,23532.69921875,1000000,24377.420273753945,23223.4791010723,21524.033699516567,43.26424151353047,-6.240675879111628,308.3955373993158,589.3073723076351,-280.9118349083193,-0.0258930164143114,9.372406129117328,18.69105897219751,-13.903064371142124,16.511222385134925,18.972256690002297,31.22710925862909,1
2024-11-22,23605.30078125,23956.099609375,23263.150390625,23907.25,1000000,24332.642152444045,23250.293646128288,21571.226101506338,47.59370496727225,4.329463453741781,239.1555419873985,519.2770062435878,-280.12146425618937,0.157576909125985,9.73756525962846,18.701298178007644,14.11465246495941,17.351304395071473,17.49070721946625,31.279083019813186,1
2024-11-29,24253.55078125,24354.55078125,23873.349609375,24131.099609375,1000000,24313.447624532702,23284.835056451688,21621.916666018587,50.04710406121762,2.4533990939453645,200.0392119482931,455.4294473845289,-255.3902354362358,0.2631028273984825,9.945307603650294,18.715261969918657,14.437001143903316,17.304863712159438,21.094464421218124,29.55319897553352,1
2024-12-06,24140.849609375,24857.75,24008.650390625,24677.80078125,1000000,24348.14792517245,23339.461163306525,21682.429222755844,55.52348713968319,5.476383078465574,210.7243549794948,406.4884289035221,-195.76407392402723,0.4825095020888394,9.92053567709634,18.72634394018135,14.21837294860662,16.350810727669543,24.71666320049036,26.748573496490486,1
2024-12-13,24633.900390625,24792.30078125,24180.80078125,24768.30078125,1000000,24388.16248289412,23395.494089500386,21743.535590250776,56.376078851488735,0.8525917118055446,223.91386185602823,369.9735154940233,-146.0596536379951,0.5207837344031616,9.91461886105142,18.73567468598796,14.056573395573386,15.464904384928928,23.02217251851187,24.91478192930513,0
2024-12-20,24753.400390625,24781.25,23537.349609375,23587.5,1000000,24311.90891309468,23403.02373304939,21780.049736978483,44.41321141721416,-11.962867434274573,137.50086205153275,323.4789848055252,-185.9781227539925,0.0936055323859535,10.7099746282247,18.72539322966336,-14.15312571263433,15.59909881164594,20.016080861488657,28.415951611690453,1
2024-12-27,23738.19921875,23938.849609375,23647.19921875,23813.400390625,722000,24264.43191095471,23419.11693530726,21820.31410635762,46.741590300585216,2.328378883371052,86.25195191779494,276.03357822797915,-189.7816263101842,0.2000524368919881,11.094742561123477,18.73070267074523,13.489781802915555,15.72370792216888,19.25143968486288,27.330424088812112,1
2025-01-03,23796.900390625,24226.69921875,23460.44921875,24004.75,1000000,24239.7003003876,23442.08293784423,21863.57026266737,48.70169975836375,1.960109457778529,60.38109997491483,232.90308257736632,-172.5219826024515,0.284139539794941,11.325965152434776,18.740256761435536,14.084698411779824,15.273873891605245,20.759351362167923,25.08020210921708,0
2025-01-10,24045.80078125,24089.94921875,23344.349609375,23431.5,1000000,24162.728843207828,23441.667920673863,21894.61837627792,43.53267458533302,-5.169025173030725,-6.305534452974825,185.0613591712981,-191.36689362427293,0.1264842146950452,12.059645041336346,18.73049655542926,-14.105939604026958,15.040381055133071,19.11053704059958,24.32495686994845,0
2025-01-17,23195.400390625,23391.650390625,23047.25,23203.19921875,1000000,24071.34506944994,23432.316206872933,21920.530868208058,41.63729978091645,-1.8953748044165688,-76.69306780015177,132.71047377700813,-209.4035415771599,0.1028620921589862,12.694782608776,18.719965748780652,-14.171786122161532,15.280882912804534,18.303693024030515,26.562372301430315,0
2025-01-24,23290.400390625,23426.30078125,22976.849609375,23092.19921875,1000000,23978.093083668995,23418.97828577007,21943.73222168414,40.70924614315837,-0.928053637758083,-139.82070141631266,78.20423873834397,-218.02494015465663,0.1181761868855445,13.499100959406883,18.709305629316344,-14.173395469596771,15.610443514051484,17.379409863433253,26.01201782176912,1
2025-01-31,22940.150390625,23546.80078125,22786.900390625,23508.400390625,1000000,23933.360446236235,23422.48503498007,21974.71574978197,45.60494756319774,4.895701420039373,-154.48504223192504,31.666382544290173,-186.1514247762152,0.2687237585277537,13.304338353847186,18.72057421041348,14.229209012199435,16.204283766620385,15.916021280604811,25.92651670271614,1
2025-02-07,23528.599609375,23807.30078125,23222.0,23559.94921875,1000000,23897.797472189926,23427.87578728477,22006.10651154372,46.19750512832572,0.5925575651279757,-160.10152761045174,-6.6871994866582085,-153.41432812379352,0.3024097310604394,12.225527998929223,18.73476860213845,14.472771978228655,16.14357059090463,17.782575546561834,24.23391294816532,0
2025-02-14,23543.80078125,23568.599609375,22774.849609375,22929.25,1000000,23805.554855790888,23408.32183484223,22024.386580622056,40.39883774664724,-5.798667381678477,-212.9895774499273,-47.94767507931204,-165.04190237061528,0.0761274814202843,10.343859184694857,18.725211828717963,-14.079489671706694,16.772495723423024,16.234671775104044,27.02809214172402,0
2025-02-21,22809.900390625,23049.94921875,22720.30078125,22795.900390625,1000000,23709.39728767985,23384.30530761803,22039.66408181023,39.276316513106295,-1.1225212335409438,-262.63642775920016,-90.88542561528968,-171.75100214391048,0.0695625368880989,10.451596280141771,18.717002642881845,-13.918609418006042,17.435153884568244,15.6263156899233,26.63535951265453,0
2025-02-28,22609.349609375,22668.05078125,22104.849609375,22124.69921875,1000000,23558.473662067485,23334.90899040752,22041.347945908048,34.13503187671263,-5.141284636393664,-352.08363840453967,-143.12506817313968,-208.9585702314,-0.090131255530533,11.448428588674922,18.707251206294497,-14.081790990380137,18.849686559389,14.407477850893123,31.5044376012024,1
2025-03-07,22194.55078125,22633.80078125,21964.599609375,22552.5,1000000,23462.66664663249,23304.226284901342,22051.46976876135,39.56506532506236,5.430033448349732,-384.0244546405738,-191.3049454666265,-192.7195091739473,0.1064579234325348,11.40895977184241,18.71847675515994,14.223306946525232,20.323680149628064,13.323687716028498,30.7110776174396,0
2025-03-14,22521.849609375,22676.75,22314.69921875,22397.19921875,1000000,23361.193558262727,23268.656596032662,22058.3158964839,38.32968682126429,-1.2353785037980742,-417.06162991507153,-236.45628235631557,-180.605347558756,0.1031248986530125,12.064276467163488,18.70878548456737,-14.07710606547538,21.57612364453875,13.26234625958365,29.42157954496774,1
2025-03-21,22353.150390625,23402.69921875,22353.150390625,23350.400390625,1000000,23360.165637535323,23271.86223503628,22083.90172805105,48.88018641186145,10.550499590597164,-362.1537776880832,-261.5957814226691,-100.55799626541408,0.4543700270561032,11.707375471739557,18.72146733341949,14.347550165535305,21.01392281465908,19.741272933660404,26.011886147601704,1
2025-03-28,23515.400390625,23869.599609375,23412.19921875,23519.349609375,1000000,23375.326015805767,23281.56762226525,22112.32643857232,50.496728713617216,1.6165423017557643,-301.5302660123707,-269.58267834060945,-31.94758767176125,0.527987559115435,11.427593680440069,18.734224265151514,14.366172666795563,19.6129646857039,23.822551459888505,24.499303390522886,0
2025-04-04,23341.099609375,23565.150390625,22857.44921875,22904.44921875,1000000,23330.48060656236,23266.778665264657,22128.0120381798,44.92809010850803,-5.568638605109186,-299.64885337029045,-275.5959133465457,-24.05294002374478,0.3129292582820034,11.610039526969034,18.723900486687217,-14.155762072680414,19.16867328645712,21.949011999667352,28.73738258595052,0
2025-04-11,21758.400390625,22923.900390625,21743.650390625,22828.55078125,1000000,23282.677766056426,23249.5932580484,22141.884092498018,44.27901273788624,-0.6490773706217965,-300.81458658951306,-280.6396479951392,-20.174938594373884,0.3052601979284644,11.66140243500366,18.709760346903323,-14.458101540835193,20.044228159610626,19.232459102337973,36.86047095994728,1
2025-04-18,23368.349609375,23872.349609375,23207.0,23851.650390625,1000000,23336.865635062957,23273.20334167885,22175.74085087677,53.939093527653554,9.66008078976732,-216.68504022606064,-267.8487264413235,51.16368621526283,0.6896676847003465,11.441411168120368,18.71901934091317,14.032234346628217,19.352089248370174,26.785949090868304,32.973624723590824,1
2025-04-25,23949.150390625,24365.44921875,23847.849609375,24039.349609375,1000000,23403.76887071172,23303.24829335321,22212.643994609407,55.4645405261748,1.5254469985212469,-133.32907573645207,-240.9447963003492,107.61572056389711,0.7944597959157395,10.578997702996352,18.733813441630332,14.512899230665344,18.06007027775619,30.436632564325667,31.215810729502053,1
2025-05-02,24070.25,24589.150390625,24054.05078125,24346.69921875,1000000,23493.57176100108,23344.16793748642,22254.90251389932,57.92193718602393,2.457396659849131,-41.98435892708221,-201.1527088256958,159.1683498986136,0.9608998099463004,9.82417342371656,18.744892418976907,14.236652801754405,16.959629354423154,31.025832146450448,29.421618845764403,0
2025-05-09,24419.5,24526.400390625,23935.75,24008.0,1000000,23542.564926620023,23370.200567388914,22289.61731560429,54.362087469226026,-3.559849716797906,3.041727777435881,-160.31382150506948,163.35554928250536,0.7944709876448088,10.122765889309344,18.732735873063916,-14.328933406021395,15.77971551288775,29.09133644829763,28.83597226504966,1
2025-05-16,24420.099609375,25116.25,24378.849609375,25019.80078125,1000000,23683.2540556324,23434.89077185405,22343.680354527965,61.89605908636816,7.533971617142129,118.99736540601587,-104.45158412285242,223.4489495288683,1.0956068565927723,11.826516748324794,18.74777846968998,14.543397755256478,15.42188198548854,31.791550797223504,25.60943784209529,0
2025-05-23,25005.349609375,25062.94921875,24462.400390625,24853.150390625,1000000,23794.67275420313,23490.508796119582,22393.372830490283,60.135206405073816,-1.760852681294338,195.1956558582569,-44.52213612663056,239.7177919848875,0.9779151599453104,12.843981790897503,18.73561630081995,-14.332279087630903,15.089607995760703,29.84288325721696,24.03970377787768,0
2025-05-30,24919.349609375,25079.19921875,24677.30078125,24750.69921875,1000000,23885.722893683786,23539.9280283796,22440.05256095087,59.02352473908216,-1.1116816659916535,244.4979761956747,13.2818863378305,231.21608985784425,0.8934607858237823,13.734257203023256,18.7156231537539,-14.813271040340286,14.802125648277144,28.751398050600653,23.022672183752068,1
2025-06-06,24669.69921875,25029.5,24502.150390625,25003.05078125,1000000,23992.135073451995,23597.305391237263,22490.805000956792,60.93896720030484,1.9154424612226748,300.4694575005342,70.71940057037125,229.7500569301629,0.9121362728511756,14.73310388106026,18.727946309398043,14.325516445838586,14.242171366634713,27.12953324825067,23.597526900888106,0
2025-06-13,25160.099609375,25222.400390625,24473.0,24718.599609375,1000000,24061.32217211133,23641.27771351718,22534.919745677944,57.66671950010957,-3.272247700195265,318.2063427322537,120.21678900274772,197.989553729506,0.7975527415623143,15.139403299973578,18.716595095518585,-14.243846131756118,14.001110953493429,27.019159450440217,21.72226965582279,1
2025-06-20,24732.349609375,25136.19921875,24703.599609375,25112.400390625,1000000,24161.42485958882,23698.968798893955,22585.958966369966,60.80462215442424,3.137902654314665,359.8907870137228,168.15158860494273,191.73919840878,0.8633395856335078,15.993035201128324,18.72868443400156,14.30721513410588,13.77726914129081,25.747177690534468,20.69964973174108,1
2025-06-27,24939.75,25654.19921875,24824.849609375,25637.80078125,1000000,24302.03209022322,23775.001425653016,22646.39147755571,64.57720565790521,3.772583503480973,430.36050201898615,220.59337128775144,209.76713073123472,0.9352825249662006,17.353914245977776,18.742929454111074,14.484468011965468,14.305355613545943,28.99926581857611,18.865966501577347,0
2025-07-04,25661.650390625,25669.349609375,25331.650390625,25461.0,1000000,24412.409986392435,23841.11901680388,22702.12629978233,62.4006412149172,-2.176564442988017,466.56365798300976,269.78742862680315,196.7762293562066,0.8499428002598737,17.85412728036172,18.73325834255251,-14.099486521269752,14.81614814895126,28.082660454366525,18.16051592349921,0
2025-07-11,25450.44921875,25548.69921875,25129.0,25149.849609375,1000000,24482.642331438397,23892.44178514,22750.596068289116,58.65384864874788,-3.746792566169312,464.78987542082905,308.7879179856084,156.00195743522067,0.7509975901595727,17.675727875221263,18.72506653675014,-13.924545215688138,14.85961869174368,26.744187114847417,19.596290845138498,0
2025-07-18,25149.5,25255.30078125,24918.650390625,24968.400390625,1000000,24528.90500374188,23934.63624025706,22794.51298556309,56.52246737959402,-2.131381269153863,443.6288274684557,335.75609988217786,107.87272758627785,0.6900210684378387,16.179771900382693,18.715506248729547,-14.070153551531352,14.466367266425143,25.6866290175074,21.29218442270536,0
2025-07-25,24999.0,25246.25,24806.349609375,24837.0,1000000,24558.24738433789,23970.023054364625,22834.95827297768,54.96479722847028,-1.5576701511237374,411.5119772283506,350.9072753514124,60.60470187693818,0.6372813206759769,14.9389351110657,18.702938136899714,-14.332636890510384,13.871944136974502,24.332613921592365,21.5155023429407,0
2025-08-01,24782.44921875,24956.5,24535.05078125,24565.349609375,1000000,24558.92378672238,23993.3691937768,22869.223447955846,51.78736317451276,-3.1774340539575263,359.9894910105686,352.72371848324366,7.265772527324941,0.5375422282646605,12.974096409541309,18.692321852821344,-14.152269182144083,12.980080827559968,23.07750659285469,23.72613856234253,0
2025-08-08,24596.05078125,24736.25,24337.5,24363.30078125,1000000,24540.29302429644,24007.87631485418,22898.80913772405,49.49550186425405,-2.291861310258703,299.4025711774266,342.05948902208024,-42.65691784465366,0.4556151936232698,12.289419954430198,18.67954736803164,-14.325636537035985,12.523139940755376,21.92518048019506,25.01522433771917,1
2025-08-15,24371.5,24702.599609375,24347.44921875,24631.30078125,984300,24548.960429720588,24032.324333144214,22933.115902942387,52.49836952395136,3.0028676596973014,269.9011089585547,327.6278130093752,-57.7267040508205,0.5274050645149413,11.708270106267763,18.68711671545096,13.799687023567207,12.098837688722538,20.923086277547533,23.87189914094831,1
2025-08-22,24938.19921875,25153.650390625,24852.849609375,24870.099609375,1000000,24579.5451134972,24065.178265545423,22971.472015941054,55.06225984058928,2.563890316637924,262.761110786123,314.6544725647248,-51.89336177860173,0.5894011824334555,9.950807135603618,18.697324121072167,14.107583725431526,11.696735359024776,25.339845635534296,22.26039335926649,0
2025-08-29,24949.150390625,25021.55078125,24404.69921875,24426.849609375,1000000,24565.00268453318,24079.36145549952,23000.291374226872,49.69999224897783,-5.362267591611449,218.81369215204177,295.48631648218816,-76.67262433014639,0.3326867035504924,7.343747717931981,18.684996955976256,-14.295217581636294,11.280211302657438,23.33637759623868,26.244493288019,1
2025-09-05,24432.69921875,24980.75,24432.69921875,24741.0,1000000,24581.76433362526,24105.30806508778,23034.76085196495,53.18014315169787,3.480150902720041,206.94878059796247,277.77880930534303,-70.83002870738056,0.478995062086879,6.56898120546508,18.6954249900018,14.126958716352163,10.893438964602051,21.67888683020011,24.380450545958468,1
2025-09-12,24802.599609375,25139.44921875,24751.55078125,25114.0,1000000,24632.453444708568,24144.864611554924,23075.93390440129,56.985543670343,3.805400518645129,225.04950481516065,267.2329484073066,-42.18344359214598,0.6895853298754606,6.056307591201454,18.70400760371859,13.941703464647215,10.190840913603491,22.625486585730325,23.108929664834104,1
2025-09-19,25118.900390625,25448.94921875,25048.75,25327.05078125,1000000,24698.60557199823,24191.22485350375,23120.510476220075,59.03366817014969,2.04812449980669,253.66182109854708,264.5187229455547,-10.856901847007634,0.8004001088471578,6.009574832720397,18.71410306709585,14.113391197782724,10.016027339187522,25.54702164470373,21.874926395750173,0
2025-09-26,25238.099609375,25331.69921875,24629.44921875,24654.69921875,1000000,24694.424014546017,24209.40031880753,23150.89045131968,50.8112466705018,-8.222421499647886,219.55326253312523,255.5256308630688,-35.97236832994358,0.3012134035899567,5.161142675543664,18.70336636239089,-14.17465315474181,9.615072129844004,23.205355875870275,25.342761715177183,1
2025-10-03,24728.55078125,24904.80078125,24587.69921875,24894.25,1000000,24713.45506077973,24236.25716905037,23185.41242258067,53.306650576835565,2.495403906333763,209.43746543733505,246.30799777792208,-36.87053234058703,0.4923990071378575,5.146768024120397,18.713656288725524,14.131926577995404,9.324313549305629,22.21515065528444,24.82316763561567,1
2025-10-10,24916.55078125,25330.75,24881.650390625,25285.349609375,1000000,24767.921208264997,24277.3980490631,23226.99533717065,57.13047692116732,3.823826344331757,230.32406087724303,243.1112103977863,-12.787149520543268,0.7719671823611113,5.306829056998465,18.723333206342208,14.080487560104306,9.136812042535544,26.65326686894792,23.306327531001106,1
2025-10-17,25177.30078125,25781.5,25060.55078125,25709.849609375,1000000,24857.628675037377,24333.57262005572,23276.160768303413,60.87559783013278,3.745120908965461,277.92667484438425,250.0743032871059,27.85237155727836,0.9986262048090848,5.912798534829377,18.73516735097506,14.292490421601654,9.740872678738189,30.08037930602423,21.07948605266154,1
2025-10-24,25824.599609375,26104.19921875,25718.19921875,25795.150390625,1000000,24946.916457474294,24390.889395372164,23326.041750923643,61.60152190602222,0.7259240758894379,318.8595352904995,263.8313496877846,55.02818560271487,0.976371501060777,6.562724863697518,18.74299972988505,13.889598029907868,10.787924654350949,32.8378443892836,19.95628726426168,0
2025-10-31,25843.19921875,26097.849609375,25711.19921875,25722.099609375,1000000,25020.74342432198,24443.093717489923,23373.48844119001,60.56513312856067,-1.0363887774615534,341.4683005512379,279.3587398604753,62.10956069076264,0.8811588463295236,6.895757612288857,18.731522310466225,-14.269893441146872,11.743076568655775,31.08871818523256,18.98973751933152,0
2025-11-07,25696.849609375,25803.099609375,25318.44921875,25492.30078125,1000000,25065.65364879132,24484.239092539337,23415.445121191195,57.29934116292959,-3.265791965631074,336.9588135341364,290.8787545952075,46.080058938928914,0.7318540281866771,7.049607477192837,18.724123469742,-13.82139421525654,11.705666505917028,29.00331988439212,23.151855660174945,1
2025-11-14,25503.5,26010.69921875,25449.25,25910.05078125,1000000,25146.072423311198,24540.153276410347,23464.843253073548,61.376611816823456,4.077270653893862,362.9105395061088,305.2851115773878,57.62542792872097,0.9399051057916076,7.374233295281707,18.737018791316807,14.379687926055311,12.026094016499052,29.61897244368897,21.36398893441904,1
2025-11-21,25948.19921875,26246.650390625,25856.19921875,26068.150390625,1000000,25233.88937257917,24600.074731869743,23516.393889460705,62.82339584084187,1.446784024018413,391.719290351597,322.5719473322297,69.14734301936733,0.9674511683264806,8.018898243850778,18.74636139603717,14.06852431933826,12.707680665609448,31.30352305024332,20.195957029629987,1
2025-11-28,26122.80078125,26310.44921875,25842.94921875,26202.94921875,1000000,25326.18078650021,24662.932554884657,23569.593004892173,64.05956159757764,1.2361657567357724,420.579394364715,342.1734367387268,78.40595762598821,0.9606139161336048,8.829182942057603,18.75672861197053,14.182443409212064,13.443319231805685,30.140746421585536,18.865959520644683,0
2025-12-05,26325.80078125,26325.80078125,25891.0,26186.44921875,1000000,25408.111113381143,24722.678306408787,23621.411939820053,63.780002240675785,-0.2795593569018564,437.08142008023424,361.1550334070282,75.92638667320597,0.8979021739604105,9.42534183767215,18.747888057703257,-14.023906698815257,14.152422940653324,28.494160647494088,17.698564550825978,0
2025-12-12,26159.80078125,26178.69921875,25693.25,26046.94921875,1000000,25468.952837701985,24774.610499049617,23669.442380986984,61.34260004924838,-2.4374021914274024,433.9011676342161,375.7042602524659,58.19690738175024,0.8049950278334606,9.675251821079666,18.73900283731612,-14.020083538688642,14.268298895195954,26.49169354729097,19.272530728250757,0
2025-12-19,25930.05078125,26047.150390625,25726.30078125,25966.400390625,1000000,25516.328795123227,24821.34735754277,23714.92669800952,59.91871522309024,-1.4238848261581438,420.03922666358267,384.5712535346893,35.46797312889339,0.746700491502615,9.52225686559143,18.72999392542005,-14.02496159317616,14.375897995842688,25.24858136943048,18.36817489295048,1
2025-12-26,26055.849609375,26236.400390625,26008.599609375,26042.30078125,800600,25566.421365230537,24869.227883962663,23761.01331351923,60.84110105189363,0.9223858288033924,410.44669180296114,389.7463411883437,20.700350614617435,0.7560315111428009,9.021444761521838,18.73585273969951,13.593117974603032,14.860644138151414,27.077798982718065,17.618924589026335,1
2026-01-02,26063.349609375,26340.0,25878.0,26328.55078125,1000000,25639.005119137157,24926.45623287589,23811.85563961291,64.1883039959844,3.347202944090768,421.0884756950327,396.0147680896815,25.07370760535116,0.845233149370141,8.95233002110278,18.74789670887705,14.322690143001864,14.91801432811678,25.18475158394637,18.363438513555167,0
2026-01-09,26333.69921875,26373.19921875,25623.0,25683.30078125,1000000,25643.22375362409,24956.136411243504,23848.913959249287,53.158001575492925,-11.030302420491472,373.1543921267694,391.4426928970992,-18.288300770329784,0.5469132502888596,8.617721587199572,18.735292931235428,-14.367843317487653,14.25159263493246,22.44119780617537,20.06585658404321,1
2026-01-16,25669.05078125,25899.80078125,25473.400390625,25694.349609375,1000000,25648.092882743225,24985.08594842513,23885.457239449795,53.30596888438646,0.1479673088935342,332.2281147413596,379.5997772659513,-47.37166252459167,0.5264106441248201,7.543620881922027,18.74576842893158,14.181819644159969,13.239337758332336,21.03834214393249,21.004697469493312,0
2026-01-23,25653.099609375,25653.30078125,24919.80078125,25048.650390625,1000000,25591.00312158911,24987.57867164866,23908.49076719584,44.46589109459031,-8.840077789796155,244.8685225335139,352.6535263194638,-107.78500378594993,0.1677074380458211,7.154346589609888,18.73026911912862,-14.571069468393722,13.518300943998222,18.7459434663846,26.503958832549102,1
2026-01-30,25063.349609375,25458.150390625,24932.55078125,25320.650390625,1000000,25565.255242449668,25000.640307686943,23936.454324095423,48.35151829713622,3.885627202545912,195.3318788090401,321.18919681737907,-125.857318008339,0.3059524791354915,6.993066421219574,18.74689195153016,14.641614403524455,13.77733818783083,17.363324726619467,24.549142835927864,1
2026-02-06,24796.5,26341.19921875,24679.400390625,25693.69921875,1000000,25577.48800209732,25027.81908851295,23971.251252702445,53.189114747489576,4.83759645035336,184.05399461539852,293.76215637698294,-109.7081617615844,0.5036163964813481,6.8805270524629325,18.7628964623026,14.62002065368479,13.58937729182546,24.544196116251843,19.621534309291395,0
2026-02-13,25888.69921875,26009.400390625,25444.30078125,25471.099609375,1000000,25567.355774219,25045.20263835068,24000.951220161307,50.16947564310739,-3.019639104382186,155.36333024442138,266.08239115047064,-110.71906090604926,0.329834815707307,5.870856020998725,18.74841348072573,-14.520883202071392,13.41484217410619,22.86355542577644,18.277968245299636,1
2026-02-20,25423.599609375,25885.30078125,25372.69921875,25571.25,1000000,25567.72665286481,25065.83194665065,24032.046245504647,51.50347563371752,1.333999990610124,139.103572166081,240.68662735359277,-101.58305518751176,0.3548484596092746,5.100497732792894,18.759341305870823,14.237440047883595,13.076478653603289,21.43008246334778,18.00776363495577,0
2026-02-27,25678.400390625,25771.44921875,25141.30078125,25178.650390625,1000000,25530.67177074673,25070.25619935553,24054.751278081287,46.273770998966974,-5.22970463475054,93.46073221535336,211.24144832594487,-117.78071611059153,0.0711616403022968,5.232859698325184,18.74490398846461,-14.514192891262889,12.205380963298785,19.78764979014574,19.441993095600484,0
2026-03-06,24659.25,24989.349609375,24305.400390625,24450.44921875,1000000,25427.793432461327,25045.950043253357,24062.58688086681,38.47082924639622,-7.802941752570753,-1.4545291174435988,168.7022528372672,-170.1567819547108,-0.2042535769909119,6.870588026138147,18.72992639965981,-14.536224752646888,12.842897915966857,17.75666970868762,27.271373686850648,0
2026-03-13,23868.05078125,24303.80078125,23112.0,23151.099609375,1000000,25210.96544931025,24971.64218310126,24044.537627965976,29.05589879475424,-9.41493045164198,-179.45358271445002,99.07108572692376,-278.5246684413738,-0.3521855749900235,11.065315023153046,18.71215786359429,-14.690729680833735,14.850036677000569,15.184194518365112,36.23783344583338,0
2026-03-20,23116.099609375,23862.25,22930.349609375,23114.5,1000000,25011.302073185463,24898.813077881605,24026.121041273575,28.84178589634054,-0.2141128984137026,-319.7861025743405,15.299648066670926,-335.0857506410114,-0.1552915465911416,13.90111523918694,18.692575609157537,-14.769251590582256,16.880640384468478,13.696383208730598,34.59705209023023,0
2026-03-27,22824.349609375,23465.349609375,22471.25,22819.599609375,1000000,24802.56850520351,24817.275294802912,24002.229527770636,27.10839728405587,-1.733388612284671,-449.61376493522766,-77.68303453370879,-371.9307304015189,-0.0895504439776361,16.614150918331507,18.67562137516075,-14.606873239248047,19.159941065663634,12.310642689311116,35.76921284575558,0
2026-04-03,22549.650390625,22941.30078125,22182.55078125,22713.099609375,1000000,24603.57146750556,24734.75860125672,23976.702202653887,26.48923826493582,-0.6191590191200476,-554.7025173269758,-173.0869310923622,-381.6155862346136,-0.0134304432687712,18.78529555251688,18.66226757553968,-14.35299817089811,21.502300978688275,11.365458471852556,35.94427451845231,1
2026-04-10,22780.30078125,24074.05078125,22542.94921875,24050.599609375,1000000,24550.907481016933,24707.9288368692,23978.165517638463,43.838040002182005,17.348801737246184,-524.020457037579,-243.2736362814056,-280.74682075617346,0.2915891252284501,18.898890607612586,18.68163941334146,14.72803460477878,21.43140315447617,20.319200166862984,30.804542487129904,1
2026-04-17,23589.599609375,24400.94921875,23555.599609375,24353.55078125,1000000,24532.11160484865,24694.031658217467,23985.598889195127,46.89518468808116,3.0571446858991536,-469.8430176636903,-288.5875125578625,-181.25550510582772,0.3727143565302881,18.604742929654364,18.69659206967399,14.486259254906477,20.845444861813935,21.75716877642607,28.390725777477165,0
2026-04-24,24391.5,24601.69921875,23813.650390625,23897.94921875,1000000,24471.715187124973,24662.812739022665,23983.86325215661,43.09585894901134,-3.799325739069822,-458.3862537079294,-322.5472607878759,-135.8389929200535,0.2964959102380315,18.44232591531465,18.679847602160173,-14.598544602336142,19.99056347246993,22.028258307281547,26.320202102447748,1
2026-05-01,23945.44921875,24334.69921875,23796.849609375,23997.55078125,1000000,24426.556672279738,24636.724034796287,23984.13429233668,44.16093843531259,1.0650794863012507,-436.2409578313855,-345.28600019657785,-90.9549576348076,0.3374982548326762,18.162535409904407,18.69532317611978,14.519103491190188,19.219208677680545,20.907533658392637,25.1400408324465,1
2026-05-08,24063.55078125,24482.099609375,23882.05078125,24176.150390625,1000000,24402.708454979285,24618.66232326016,23987.93659131268,46.10878680001453,1.94784836470194,-399.67198558102245,-356.1631972734668,-43.50878830755568,0.3942363175712619,17.718317530200746,18.71031666390038,14.502690469737107,18.25665325049175,21.118207510600303,23.69184257900555,0
2026-05-15,23970.099609375,23997.44921875,23262.55078125,23643.5,1000000,24330.4028878384,24580.42066352447,23981.11606475204,41.46333754925208,-4.645449250762454,-408.9570443454904,-366.7219666878715,-42.23507765761895,0.2941257347359624,17.323307095547477,18.69454403280184,-14.552962142412207,18.20480824937813,19.295672205230243,27.499198223005187,1
2026-05-22,23482.19921875,23859.900390625,23317.099609375,23719.30078125,1000000,24272.20268721093,24546.65125637645,23975.931603692592,42.35342696029588,0.8900894110438031,-405.5243979291008,-374.4824529361174,-31.041944992983417,0.3311312959136759,16.22399868151815,18.70860704407814,14.437377073460691,18.15666646262977,18.285941715390965,26.060182334023825,0
2026-05-29,23940.25,24089.80078125,23484.75,23547.75,1000000,24203.207193190843,24507.47865808718,23967.45276005512,40.839886934427184,-1.5135400258686929,-411.8986045352976,-381.9656832559535,-29.93292127934416,0.3087941461824303,15.786873772695223,18.6899228479166,-14.719202659333328,17.68318824626142,19.450952762776332,24.519900122438266,0
2026-06-05,23654.5,23733.69921875,23151.5,23366.69921875,1000000,24123.53976705362,24462.74220948572,23955.556650326303,39.245874336612125,-1.594012597815059,-426.64143722350855,-390.9008340494645,-35.740603174044054,0.2832912465707263,15.23104150912437,18.673265040054176,-14.586729736393398,17.710171892266555,18.32838753745361,26.408254187206797,1
2026-06-12,23080.69921875,23645.349609375,23070.150390625,23622.900390625,1000000,24075.85982644137,24429.807236197063,23948.969397658948,42.656668648337664,3.410794311725539,-412.8923786134401,-395.2991429622597,-17.593235651180407,0.3699835731383716,15.007314870829813,18.687711036329773,14.443159290137206,17.84668038859658,17.268047195636697,25.698672166461705,1
2026-06-19,23984.849609375,24189.25,23817.80078125,24013.099609375,1000000,24069.88266291124,24413.465760635416,23950.239302841444,47.49168353858206,4.835014890244395,-366.2879946897301,-389.49691330775374,23.20891861802363,0.4957723124175667,14.299181240516626,18.70190300417175,14.439736828733675,16.9431662516316,21.82071829338757,24.213329877817632,1
2026-06-26,24106.599609375,24261.599609375,23784.94921875,24056.0,1000000,24068.560504538746,24399.44749551246,23952.333574072305,48.0107086004914,0.5190250619093391,-322.1781129367955,-376.0331532335621,53.85504029676662,0.535816239525407,12.85612159933352,18.712694179990965,14.178277607288054,15.976600005016806,21.490092240504904,23.008029431828668,1
2026-07-03,24061.75,24378.150390625,23829.19921875,24270.849609375,1000000,24087.826133570765,24394.40444115413,23958.64082229612,50.642039387889405,2.6313307873980065,-266.80854314675526,-354.18823121620073,87.37968806944548,0.6393079041421437,11.5740215597572,18.728174274543687,14.552244387862054,14.86771058810459,21.47505764477028,21.67013785591269,0
