Date,Open,High,Low,Close,Volume,ema_20,ema_50,ema_100,rsi_14,rsi_change,macd,macd_signal,macd_hist,bb_percent,bb_width,obv,obv_slope,adx,plus_di,minus_di
2009-11-27,17067.140625,17290.48046875,16210.4404296875,16632.009765625,109600,15944.188341413128,14594.111348278091,14835.654034608471,59.13665750369685,-3.5965738406428898,907.7076474315527,1045.3358118696806,-137.6281644381279,0.6586564162335607,18.038733795221752,14.369281296834123,-11.604601777542019,30.63262508067286,26.589723527388266,20.685815899499623
2009-12-04,16655.75,17361.26953125,16655.75,17101.5390625,101800,16054.412219611879,14692.441846875028,14880.523045061767,61.96502363711106,2.8283661334142067,892.5393671989495,1014.7765229355344,-122.2371557365849,0.8002633131068769,16.654133696932664,14.426145859955689,11.530775206233024,29.423411443024126,25.506069443829936,19.358054088715036
2009-12-11,17106.740234375,17351.7109375,16943.009765625,17119.029296875,99800,16155.804322208365,14787.60213903189,14924.849901533316,62.07034059366735,0.10531695655629392,871.8792305315383,986.1970644547353,-114.31783392319699,0.7789763850363681,16.307913084348748,14.478920435352332,11.510933482289435,28.300570208064585,24.554823859072002,18.636097947179874
2009-12-18,17118.140625,17275.189453125,16693.060546875,16719.830078125,95800,16209.521060867093,14863.37578370221,14960.394063446021,58.11501498879615,-3.9553256048712058,813.9116161991587,951.7399748036199,-137.8283586044612,0.6125815593568212,15.858058985509786,14.42831552767075,-11.470028402317833,26.820901413887555,23.226132875009796,19.951053846710046
2009-12-25,16724.83984375,17413.689453125,16577.779296875,17360.609375,80600,16319.14851935594,14961.306512772711,15007.923079516397,62.271025052857496,4.156010064061348,810.3363452769372,923.4592488982835,-113.12290362134627,0.8362089421426452,14.821330126803275,14.471060227265655,11.297266335365645,25.652292463721768,22.712072149453476,18.410496773386274
2010-01-01,17388.669921875,17530.939453125,17322.80078125,17464.810546875,44800,16428.25918864347,15059.483141561037,15056.574316493796,62.915432075397256,0.6444070225397596,806.6129490597905,900.0899889305849,-93.47703987079444,0.8515336947533207,14.114117361214515,14.4940520934914,10.709985739582528,24.74356020045939,23.394087680083857,18.037027581908045
2010-01-08,17473.44921875,17790.330078125,17378.380859375,17540.2890625,111800,16534.166795677425,15156.769648264526,15105.756786711741,63.403034399699195,0.48760232430193895,800.5246661012316,880.1769243647143,-79.65225826348274,0.8752190392331205,12.504193297702356,14.549224180393677,11.624475784206961,24.283222952107472,25.034207860775474,17.28946687838417
2010-01-15,17724.58984375,17776.5703125,17276.4609375,17554.30078125,104200,16631.322413351005,15250.790477009055,15154.24280640557,63.49898115111384,0.09594675141464393,787.7495995684421,861.6914594054599,-73.94185983701777,0.8488921132974441,12.231941054898437,14.598041756906172,11.554077005184336,23.640902476153922,23.747428520666144,17.448298534434294
2010-01-22,17538.720703125,17712.599609375,16608.08984375,16859.6796875,86200,16653.07072517472,15313.884171538113,15188.013833753974,55.702460777641654,-7.796520373472184,713.3520715918294,832.0235818427338,-118.67151025090448,0.48042388049575546,10.479783308790806,14.557829258539694,-11.364437057512568,22.113774431376687,21.16049485329643,22.139556581017807
2010-01-29,16847.69921875,16877.76953125,15982.080078125,16357.9599609375,89000,16624.96493810451,15354.82832014201,15211.181083797212,50.846317837138706,-4.856142940502949,606.9108156838938,787.0010286109659,-180.09021292707212,0.19003053094635108,10.329197722983668,14.514540898749555,-11.39640288460621,21.625069705472946,19.322266906813947,26.28779349227211
2010-02-05,16339.3203125,16552.990234375,15725.4296875,15790.9296875,95800,16545.533009475508,15371.930334548206,15222.661254167562,45.968686954968184,-4.877630882170521,471.3671225395392,723.8742473966806,-252.50712485714143,-0.032075492082084975,11.828480993724137,14.465750759433474,-11.470028402317833,21.5072253249528,17.78498326331099,26.663722675475217
2010-02-12,15931.33984375,16202.8701171875,15651.990234375,16152.58984375,82000,16508.109850834982,15402.544432948278,15241.075681684046,49.30879951808313,3.3401125631149426,388.65059909265983,656.8295177358765,-268.17891864321666,0.17718915210443004,12.371157722299596,14.50765773869101,11.314486721293981,21.49393332374473,16.825357187364965,25.94434387768177
2010-02-19,16186.900390625,16480.890625,16011.8203125,16191.6298828125,90600,16477.96890149951,15433.488960393934,15259.898537151936,49.67048624974573,0.36168673166260135,322.5294445327927,589.9695030952597,-267.440058562467,0.22511653154920142,12.700148224524671,14.55200502181709,11.41422052949775,20.925528350847618,18.826459373017705,24.72118309385365
2010-02-26,16191.3203125,16669.25,16167.1298828125,16429.55078125,83000,16473.357651951937,15472.550208270643,15283.059967728135,51.9218951170626,2.2514088673168686,286.02901682383526,529.1814058409748,-243.1523890171395,0.3431614222015577,12.82030175416004,14.590975241503289,11.326607934898927,20.035025295328484,19.78970084481577,23.446859023816145
2010-03-05,16438.44921875,17097.7109375,16438.44921875,16994.490234375,81000,16522.989326468418,15532.234130862971,15316.949675978569,56.85699581089163,4.935100693829035,299.23862081312654,483.19284883540513,-183.95422802227858,0.6162939127591174,12.537529726144625,14.627596106527092,11.302216779257382,18.76472429972767,22.83949788624049,21.833982124625834
2010-03-12,17034.919921875,17244.5390625,17027.919921875,17166.619140625,124000,16584.28740400714,15596.32766065756,15353.576794090379,58.26274908997587,1.4057532790842373,319.9089797555862,450.5360750194414,-130.6270952638552,0.687035147894045,12.708429699810504,14.68118187360714,11.728044909070785,17.830641864970808,23.807385938964398,21.2449998637444
2010-03-19,17166.970703125,17600.869140625,17061.140625,17578.23046875,70800,16678.948648268364,15674.049339406283,15397.62934210344,61.49382591868154,3.2310768287056675,365.29311074605357,433.48748216476383,-68.19437141871026,0.8483305706351377,12.369041591170399,14.7105372031305,11.167628403875849,17.530205370601884,26.298171708177136,19.99143052777517
2010-03-26,17481.9609375,17682.939453125,17337.380859375,17644.759765625,51600,16770.930659445185,15751.332101218783,15442.126974252382,62.005803573383304,0.5119776547017665,401.9947742557233,427.18894058295575,-25.194166327232438,0.8434457645931736,12.355797921913538,14.731401609977073,10.851296331126829,17.377380546751493,26.19855658616749,19.209896883686728
2010-04-02,17639.1796875,17793.009765625,17488.55078125,17692.619140625,54000,16858.710514795643,15827.461004724908,15486.691175566692,62.3931736716893,0.38737009830599334,429.98634368061175,427.74842120248695,2.2379224781248013,0.8300859777626155,12.925146861098929,14.752780087919588,10.896757843893464,17.40883242130695,26.554584518920137,18.522824034163364
2010-04-09,17693.66015625,18047.859375,17679.33984375,17933.140625,62400,16961.037191957963,15910.036676108244,15535.135719119826,64.35979420475294,1.9666205330636473,466.20383023223985,435.43950300843755,30.764327223802297,0.8911521009198068,13.807494486096259,14.776927989805158,11.041336579870135,17.829875716019632,28.452241807351363,17.69771498633606
2010-04-16,17874.16015625,17995.25,17529.55078125,17591.1796875,46800,17021.050762961968,15975.963853025569,15575.849461067948,59.58862767182221,-4.771166532930735,461.9875545364266,440.7491133140354,21.238441222391202,0.7229122576007787,13.908459399042794,14.758871950678154,-10.753659849198824,17.863808536027047,26.82598365463708,18.524590453138778
2010-04-23,17584.859375,17778.33984375,17276.80078125,17694.19921875,70600,17085.160139703683,16043.345632073586,15617.796981022047,60.53774431421835,0.9491166423961417,461.63747146094465,444.92678494341726,16.710686517527392,0.7472455234641932,14.25448296689491,14.785986777799135,11.16479958768697,17.315533057956795,25.158211575952077,20.505967048201885
2010-04-30,17692.259765625,17826.48046875,17344.580078125,17558.7109375,67000,17130.260215684284,16102.771722482466,15656.230920754284,58.58880864418606,-1.9489356700322915,445.294181983445,445.00026435142286,0.2939176320221577,0.6801089775420197,14.433937291445886,14.760272510586304,-11.112462823634855,16.895449676355458,24.241393210970106,19.2665373189202
2010-05-07,17536.859375,17536.859375,16684.130859375,16769.109375,86000,17095.864897523876,16128.902610816487,15678.26811786806,48.740678316025274,-9.848130328160785,364.4268740511252,428.8855862913633,-64.45871224023813,0.35912243717030046,14.397265245191429,14.726266400559927,-11.362114203075018,16.226236905111726,21.680254948925448,25.209390455531643
2010-05-14,16799.490234375,17389.150390625,16799.490234375,16994.599609375,91800,17086.22058436684,16162.851512720743,15704.334087996911,51.26025066689183,2.5195723508665537,314.90410876595706,406.0892907862821,-91.18518202032504,0.45790914904932933,14.363609001347871,14.762524850378789,11.427378469795439,15.60482504609969,20.061971545459095,23.32768111762038
2010-05-21,16961.919921875,17000.33984375,16187.0302734375,16445.609375,105200,17025.20999299857,16173.94005633954,15719.012806551427,45.40817908052466,-5.852071586367167,228.72147785147172,370.6157281993201,-141.89425034784836,0.2589112364126211,14.633175937379232,14.720862074199832,-11.56362808494399,16.049565706626677,18.148384133531493,28.285443195666588
2010-05-28,16494.609375,16891.169921875,15960.150390625,16863.060546875,100000,17009.76718860585,16200.964389301715,15741.667217250904,50.07550701544342,4.6673279349187595,191.89390918939534,334.8713643973351,-142.97745520793978,0.4389133610259896,14.44158072332068,14.7605057466483,11.51293546492023,16.787076004708542,16.238888822340314,27.87336878865951
2010-06-04,16872.169921875,17150.419921875,16318.3896484375,17117.689453125,109400,17020.045499512435,16236.91439180459,15768.915182317718,52.73018206881716,2.6546750533737367,181.16585322406536,304.13026216268116,-122.9644089386158,0.5524569789127666,14.178134192163366,14.802148284087183,11.602775309696066,16.869353945481688,17.610778046983103,25.31039279582953
2010-06-11,17069.76953125,17131.560546875,16560.640625,17064.94921875,139400,17024.322044201726,16269.38634580245,15794.57922264311,52.11208710213032,-0.61809496668684,166.48891485979038,276.601992702103,-110.11307784231263,0.5263295145898168,14.15588241409083,14.748776787311577,-11.845109950883979,16.945754890485322,16.490297500668085,23.700026537640433
2010-06-18,17118.740234375,17721.990234375,17118.740234375,17570.8203125,116600,17076.36949832537,16320.422971947453,15829.752313531364,57.284189124136596,5.172102022006278,193.44696874977672,259.97098791163774,-66.52401916186102,0.7137541594190523,13.945133372830771,14.793611467429338,11.666513129191083,15.75403203875855,21.853113685705512,21.96776442538845
2010-06-25,17654.810546875,17919.619140625,17546.73046875,17574.529296875,93800,17123.81328866343,16369.60361214069,15864.302352805495,57.320585609543514,0.03639648540691809,212.65930067925365,250.50865046516094,-37.84934978590729,0.7005563530145972,12.300776473055475,14.828274792719995,11.448930795918299,14.977152610985412,23.18498725983673,21.028382841644977
2010-07-02,17577.66015625,17794.80078125,17373.779296875,17460.94921875,90000,17155.9214724812,16412.401479066546,15895.919122428159,55.75391391744331,-1.5666716921002006,216.22771062338143,243.65246249680504,-27.424751873423617,0.6275871703340367,11.113622503013804,14.795039340731016,-11.407576060361786,13.910543506342512,22.03905511648402,22.019393969260864
2010-07-09,17473.830078125,17857.580078125,17395.580078125,17833.5390625,78800,17220.45648105442,16468.132364691388,15934.287834112749,59.64996650338017,3.8960525859368573,246.2816066836167,244.1782913341674,2.1033153494493035,0.807804664975806,10.040425472040267,14.824198503801632,11.274680966120778,13.046461648242055,21.57271615531762,20.804253254458445
2010-07-16,17875.970703125,18167.220703125,17855.849609375,17955.8203125,75000,17290.491131668285,16526.473068527022,15974.318180219427,60.867826760016534,1.2178602566363637,276.77610807914243,250.69785468316243,26.07825339598,0.8557034943380709,9.393990681812008,14.851183401846022,11.225256725762893,12.846662170248276,24.50402104232845,19.94801256169434
2010-07-23,17914.119140625,18237.560546875,17848.0703125,18130.98046875,69800,17370.537735199876,16589.394927359295,16017.024364150724,62.608765540822326,1.7409387808057915,311.48655772715574,262.8555952919611,48.63096243519465,0.906691467711102,9.858633584643515,14.875659526584519,11.153403615295403,12.793106184559079,24.187006560501516,18.96674921231797
2010-07-30,18056.240234375,18194.08984375,17838.919921875,17868.2890625,73600,17417.942623514173,16639.547638541284,16053.68307104873,58.411710351805745,-4.197055189016581,314.17621028355643,273.11971829028016,41.05649199327627,0.730468317917247,9.964914351160845,14.84983353888302,-11.206413891581187,12.720350083936106,23.072445505411228,18.211463108579178
2010-08-06,17911.310546875,18295.4296875,17911.310546875,18143.990234375,56000,17487.09001502473,16698.54538739751,16095.075292104695,61.34084493886202,2.929134587056275,334.69638813077836,285.4350522583798,49.26133587239855,0.8531133792974521,10.498165992052831,14.869544151763563,10.933124826700707,12.861763735309093,23.109207263937098,17.1857863106669
2010-08-13,18141.109375,18309.25,17914.779296875,18167.029296875,87200,17551.846137105706,16756.132991690745,16136.104084278364,61.58433848647204,0.24349354761002218,348.7971206249749,298.10746593169887,50.689654693276054,0.8353220489049784,10.986368345315766,14.899483208142033,11.375971077721223,13.022605944794137,22.06927024746836,16.274207740157717
2010-08-20,18169.80078125,18475.26953125,17997.4609375,18401.8203125,72400,17632.79605857183,16820.66974936954,16180.969752163941,64.06813607264903,2.4837975861769834,374.59957473011673,313.4058876913825,61.193687038734254,0.9082667656845502,11.786085544769527,14.923677389600902,11.189975390433117,13.529695097322335,22.889625034760037,15.221050512222053
2010-08-27,18400.330078125,18454.380859375,17944.16015625,17998.41015625,68000,17667.61644882689,16866.855647678578,16216.958671056735,57.22234595670552,-6.845790115943508,358.36536448793413,322.39778305069285,35.96758143724128,0.7106945269695804,11.842256101322766,14.900970397800581,-11.127277689932466,13.829035630836804,21.304194292507844,14.890353075106605
2010-09-03,18063.48046875,18355.83984375,17819.990234375,18221.4296875,65200,17720.36056679576,16919.97619825981,16256.65116643185,59.78089998957465,2.5585540328691323,359.35304995929255,329.78883643241284,29.564213526879712,0.7917590560417671,12.267813868479847,14.92275250379965,11.08523008522044,13.705408057263018,19.75649025263026,15.492035612823743
2010-09-10,18124.2890625,18823.169921875,18124.2890625,18799.66015625,66200,17823.15100388664,16993.689294651584,16307.007780091613,65.53637692614053,5.755476936565884,402.1583332350383,344.2627357929379,57.89559744210038,0.9799452195432601,13.608765606810602,14.944393693044926,11.10045084755119,14.608891526862312,24.11864260162659,14.057606485789176
2010-09-17,18845.310546875,19639.1796875,18845.310546875,19594.75,87000,17991.8747178022,17095.69167525348,16372.111586426432,71.5625263763533,6.02614945021277,494.53820557945437,374.31782975024123,120.22037582921314,1.1283441844898168,16.551596644946013,14.972140465324179,11.373674891823535,16.677187436126328,31.935905463233365,12.553904508409389
2010-09-24,19445.419921875,20105.5390625,19445.419921875,20045.1796875,79000,18187.427572059132,17211.357871812168,16444.84560822987,74.30374848043778,2.7412221040844713,597.2115483783055,418.8965734758541,178.31497490245135,1.1247463714282842,19.05593669649333,14.996685760532088,11.277215789596893,19.10464676195441,35.151146217523106,11.511230948843409
2010-10-01,20082.259765625,20475.470703125,19864.4609375,20445.0390625,84600,18402.438190196357,17338.168898897966,16524.057359799575,76.47197040275628,2.1682219223185086,702.7454104186763,475.66634086441854,227.07906955425779,1.096881657057641,21.861279213285986,15.022319636259786,11.345701365855424,21.70056243985521,37.092713496460256,10.63107948732928
2010-10-08,20501.2109375,20706.740234375,20145.740234375,20250.259765625,83600,18578.421197380037,17452.368540730396,16597.843546053544,73.23047076861972,-3.2414996341365594,761.8821913500942,532.9095109615537,228.97268038854054,0.9839524722704629,22.328743158567253,14.996992631278392,-11.33381076072374,24.30614129261823,37.383131011159456,9.883838507597096
2010-10-15,20250.259765625,20854.55078125,20090.1796875,20125.05078125,64000,18725.719252986702,17557.179608986065,16667.689233879217,71.1428465947067,-2.087624173913028,789.543827897789,584.2363743488007,205.3074535489883,0.9046967616050318,22.601720387560633,14.977160554613093,-11.06665398721974,26.846548491610747,35.69598919758655,8.959765979183283
2010-10-22,20160.55078125,20351.740234375,19822.66015625,20165.859375,61200,18862.87545508321,17659.48077628073,16736.959929742996,71.42873124474792,0.28588465004122554,805.473786199851,628.4838567190109,176.98992948084015,0.8713506226213956,22.812845985496004,14.996133155769494,11.021918808236205,28.370285261811652,33.37034660083997,11.670283167035839
2010-10-29,20199.73046875,20452.30078125,19768.9609375,20032.33984375,60400,18974.253015908616,17752.53407304423,16802.214977545114,69.0194543065671,-2.409276938180824,798.1242036165677,662.4119260985223,135.71227751804543,0.8096818276375696,22.28165165528934,14.977410898759366,-11.008760940077243,29.891626656189242,31.820355072062455,10.700596225624702
2010-11-05,20272.490234375,20917.029296875,20267.099609375,20893.5703125,41400,19157.04513939351,17875.711964787595,16883.231914870954,74.90031979532272,5.880865488755617,851.9726967793358,700.3240802346851,151.64861654465074,0.9489271619530755,23.425336763052158,14.9902814053718,10.63106031411106,31.75440216285724,33.970457900086245,9.589653068904937
2010-11-12,21041.970703125,21075.7109375,20108.400390625,20156.890625,68000,19252.26851897508,17965.169951462594,16948.056839824003,63.752424499172385,-11.147895296150331,825.6861257897144,725.396489345691,100.28963644402347,0.7562585547803904,23.009470139227435,14.969053169007928,-11.127277689932466,32.99374723592222,30.269995662980943,10.332195173967367
2010-11-19,20167.619140625,20380.099609375,19504.869140625,19585.439453125,67600,19283.999084132218,18028.709931919944,17000.28223810719,56.70232578668593,-7.050098712486452,750.0958570210423,730.3363628807613,19.75949414028105,0.607022640203083,21.70725192303534,14.947493468500886,-11.121378054821049,32.5178690863794,27.36532816827954,15.957735863051223
2010-11-26,19713.83984375,19989.01953125,18954.8203125,19136.609375,76400,19269.961968976768,18072.156968903477,17042.585745768432,51.852198093998474,-4.850127692687458,646.5205022433511,713.5731907532793,-67.0526885099282,0.48257849864914676,20.714990085813582,14.922554202644987,-11.243751064074187,30.899600443632966,24.387388936514945,20.0089718487637
2010-12-03,19230.33984375,20084.25,19167.189453125,19966.9296875,76600,19336.33984693136,18146.46178139746,17100.493546594796,58.862525733745315,7.010327639746841,624.2403432039246,695.7066212434084,-71.46627803948388,0.6712155668229572,19.980017402721074,14.947557945091232,11.246365410473757,29.549704910125524,22.997004606003944,18.068685299517597
2010-12-10,20038.25,20217.859375,19074.5703125,19508.890625,73200,19352.773254366468,18199.890363499522,17148.184577850345,54.17640402280226,-4.6861217109430555,563.1317994470664,669.19165688414,-106.05985743707356,0.5360319413486481,19.12513675054471,14.923677389600902,-11.200964361058276,28.513796314679844,21.731426147211646,16.046923676907703
2010-12-17,19600.279296875,19897.220703125,19321.41015625,19864.849609375,58200,19401.542431033948,18265.18288294562,17201.979925009247,57.03882154628892,2.8624175234866627,537.232867343293,642.7998989759706,-105.56703163267753,0.6127342185088636,17.747479013527123,14.942710627423343,10.971657815702502,27.551881190337433,20.488023714517528,15.128770224761439
2010-12-24,19770.01953125,20151.25,19711.119140625,20073.66015625,61400,19465.553642959287,18336.103560330106,17258.84488008332,58.669800914356735,1.6309793680678126,527.4766209461122,619.7352433699989,-92.25862242388666,0.6537010990870177,16.687007239503743,14.96240526287203,11.02518140064756,27.088968524772064,22.16258500400655,14.448273070534837
2010-12-31,20062.599609375,20552.029296875,19981.759765625,20509.08984375,53600,19564.938043034592,18421.318708699513,17323.206166492564,61.91661976433664,3.2468188499799027,548.5568403392463,605.4995627638484,-56.94272242460215,0.7651467738192289,15.71336598624122,14.979286484843557,10.889323003601277,27.26533254064123,25.004177249806496,13.595005747633254
2011-01-07,20621.609375,20664.80078125,19629.220703125,19691.810546875,74000,19577.02113863844,18471.141918039728,17370.10922352984,53.43205474700315,-8.484565017333487,493.6252524738775,583.1247007058543,-89.49944823197677,0.47850542131863943,14.47881469036524,14.955904700340382,-11.211833885608513,26.57361314315034,22.415350918574863,15.7120696118007
2011-01-14,19714.419921875,19720.4296875,18811.9609375,18860.439453125,89200,19508.775263827636,18486.40848804307,17399.62071322479,46.457907754546895,-6.974146992456255,378.6421234201116,542.2281852487057,-163.5860618285941,0.12782304767631383,12.703291905322844,14.926973587688417,-11.398647529267592,24.99454905902825,20.418166880534724,22.327494146146847
2011-01-21,18911.4296875,19167.060546875,18779.380859375,19007.529296875,72200,19461.03755268929,18506.844598193344,17431.46048715846,47.757145325094896,1.2992375705480015,295.9742790939963,492.9774040177639,-197.0031249237676,0.12250428431490007,11.060034381715857,14.950455097319773,11.187209175200515,23.58276966031125,19.6149950212964,21.77979233436868
2011-01-28,19095.689453125,19340.990234375,18235.44921875,18395.970703125,57400,19359.602614635547,18502.496602308314,17450.559699355817,43.076811282106476,-4.68033404298842,179.04779780893296,430.19148277599777,-251.14368496706481,-0.0995461007046784,11.94865409376082,14.931832107895419,-10.957817003758691,23.1217534635383,17.50083871348749,24.735268450716976
2011-02-04,18226.2109375,18542.19921875,17926.98046875,18008.150390625,107400,19230.892879015497,18483.11047635995,17461.601099182928,40.374573271329055,-2.702238010777421,54.461067624804855,355.04539974575925,-300.5843321209544,-0.10793703536402716,14.40220559482409,14.896027101783188,-11.58432477200052,23.115243132955367,16.438988245668927,26.27666273436567
2011-02-11,18135.01953125,18180.939453125,17295.619140625,17728.609375,108000,19087.81825958545,18453.522197875245,17466.888391773366,38.49984346253327,-1.8747298087957844,-66.06982556218281,270.8223546841709,-336.8921802463537,-0.07005177226908621,16.913769910723985,14.8586809587185,-11.58989576532275,23.855154983373975,15.02610442465578,30.147531345529295
2011-02-18,17940.16015625,18690.970703125,17857.119140625,18211.51953125,102800,19004.361237839214,18444.031897223274,17481.63356285211,43.39006858422021,4.890225121686939,-121.22718154273389,192.41244743878994,-313.63962898152386,0.12329136399225962,17.650547951700172,14.894260557556475,11.540550359582348,23.535657802920067,18.497309376195567,27.391583906402815
2011-02-25,18238.5390625,18457.900390625,17469.970703125,17700.91015625,106000,18880.223039592624,18414.889868165497,17485.975673612462,39.78754446924928,-3.602524114970926,-203.79249968655495,113.17145801372095,-316.9639577002759,0.04721010659230561,19.14732993533627,14.857552847877614,-11.571203807011969,23.69647732933591,16.7995029809944,28.47432417719785
2011-03-04,17811.080078125,18736.970703125,17718.880859375,18486.44921875,103200,18842.720770940945,18417.696117208026,17505.787030941916,47.06858942891699,7.281044959667703,-203.49392060052924,49.83838229087092,-253.33230289140016,0.2816829112882954,19.29164200409823,14.893308047262835,11.544433821905134,23.32386860911591,17.75155923886662,25.799837948145615
2011-03-11,18361.650390625,18583.30078125,18058.7109375,18174.08984375,90800,18779.041635018,18408.142930013593,17519.020750007425,44.751278733297205,-2.3173106956197813,-225.85852905904903,-5.300999979113072,-220.55752907993596,0.22701835265529427,19.568132043071582,14.861917206359305,-11.416425577744599,22.97787479748305,16.886689153987174,24.54284932332478
2011-03-18,18167.099609375,18463.83984375,17849.529296875,17878.810546875,88600,18693.30534090914,18387.384797341492,17526.145300440447,42.61537097895273,-2.1359077543444727,-264.3618154475298,-57.113163072796425,-207.24865237473338,0.18433220680033252,20.130316020300164,14.830306723015646,-11.391898423211194,22.936514166169307,15.909192492538116,25.093260599605046
2011-03-25,17984.720703125,18858.30078125,17792.169921875,18815.640625,64000,18704.956320346366,18404.17914352418,17551.679861322813,50.66131687587623,8.045945896923499,-216.782653930557,-89.04706124434854,-127.73559268620845,0.45034069627244294,18.2911384052721,14.853240212366932,11.06665398721974,22.1205068477816,17.968131222142354,22.64351063434018
2011-04-01,18799.7109375,19575.16015625,18799.5703125,19420.390625,70800,18773.09292078957,18444.03057417029,17588.684034860977,55.043345860759544,4.382028984883313,-128.79291024710983,-96.99623104490081,-31.79667920220902,0.6408154857236826,17.578318754770443,14.878012305210234,11.167628403875849,20.89908424104832,23.25847017245745,21.034691947781646
2011-04-08,19473.9296875,19811.140625,19388.419921875,19451.44921875,57600,18837.69828250009,18483.53718768322,17625.570474145905,55.26310357976361,0.2197577190040647,-55.909742785752314,-88.77893339307111,32.8691906073188,0.6529951838419011,17.48736725800214,14.89772276410976,10.961295207644392,20.103679938553302,24.562196098060426,20.192595984029435
2011-04-15,19382.91015625,19737.330078125,19101.630859375,19386.8203125,44200,18889.995618690555,18518.960055323096,17660.44670856876,54.66430100727334,-0.5988025724902712,-3.3259802557913645,-71.68834276561518,68.36236250982381,0.6289814671120206,17.57462895152266,14.882632523538202,-10.69650269224425,18.884123708309566,23.06667265624738,21.70998788055927
2011-04-22,19389.740234375,19695.98046875,18976.189453125,19602.23046875,55800,18957.827509172406,18561.441248006504,17698.897872136706,56.361535690014925,1.6972346827415876,55.093743367462594,-46.33192553899963,101.42566890646222,0.7036389947787866,17.200362923221128,14.901645662639778,10.929547069355774,17.544992339084985,21.47245655737154,21.414008935510235
2011-04-29,19538.51953125,19697.490234375,19015.05078125,19135.9609375,61000,18974.792597584557,18583.971431908212,17727.354566500337,51.83773805432567,-4.523797635689256,63.04104293420096,-24.45733184435951,87.49837477856047,0.5669720871312226,17.02607313533207,14.88084213667735,-11.0186455364637,16.304108891991984,20.071661615626386,20.002483990542835
2011-05-06,19224.05078125,19253.869140625,18160.650390625,18518.810546875,80800,18931.365735612217,18581.41610308338,17743.026962151318,46.51591342104256,-5.321824633283107,19.317773052764096,-15.70231086493479,35.020083917698884,0.39283414884834367,16.536744082945592,14.852602344468297,-11.299744620670225,16.42598916654703,18.022258375524626,25.940062629151928
2011-05-13,18628.630859375,18724.5390625,18280.69921875,18531.279296875,55200,18893.26226525629,18579.449953820305,17758.63591927456,46.635116281362876,0.11920286032031413,-14.163837515912746,-15.394616195130382,1.2307786792176358,0.4162057855328118,15.541743161031704,14.871980884115324,10.918736348043124,16.539163707205287,17.252083170089893,24.831522697689795
2011-05-20,18492.6796875,18492.6796875,18020.7890625,18326.08984375,66400,18839.245844160454,18569.514263229314,17769.872630650312,44.86309817405911,-1.772018107303765,-56.60284675757066,-23.636262307618438,-32.96658444995222,0.36191899305932035,13.212684391385125,14.848624220296841,-11.103467395592086,16.99672403392656,16.38478789481443,26.142730516011042
2011-05-27,18269.060546875,18298.640625,17786.130859375,18266.099609375,58600,18784.6604884666,18557.615649352672,17779.698907456743,44.332715132249895,-0.5303830418092161,-93.99328184852857,-37.707666215800465,-56.2856156327281,0.35683188823174483,12.367782538577037,14.827548101577882,-10.978507040265917,17.725874144267674,15.497344345303995,27.080599779437065
2011-06-03,18319.740234375,18672.650390625,18199.51953125,18376.48046875,68600,18745.786200874543,18550.512308936883,17791.516364116014,45.606927611161694,1.2742124789117995,-113.41132304544954,-52.84839758173028,-60.56292546371925,0.415129699501732,12.351951158886697,14.852176873048416,11.136062390867204,17.615484828823547,18.587571576050628,25.763813631967615
2011-06-10,18344.26953125,18545.94921875,18182.900390625,18268.5390625,49200,18700.33409245792,18539.45453456681,17800.96235814342,44.533415849999024,-1.0735117611626706,-135.94316182599505,-69.46735043058324,-66.47581139541181,0.3830548282953173,12.257327561663395,14.834574822138501,-10.803669227477098,17.537708053178992,17.8695475539285,24.945408319945543
2011-06-17,18242.25,18380.189453125,17844.08984375,17870.529296875,68200,18621.30506430717,18513.222172304384,17802.339921286617,40.72673934624549,-3.806676503753536,-183.79716881985587,-92.33331410843778,-91.4638547114181,0.22788716525700298,12.656516662213106,14.809651195077048,-11.130214506480655,17.961189394293502,16.835349778855807,27.159340344030348
2011-06-24,17925.169921875,18268.94921875,17314.380859375,18240.6796875,60000,18585.05502842077,18502.53423172382,17811.019916657177,45.401008849267676,4.674269503022188,-189.66740332279733,-111.8001319513097,-77.86727137148763,0.37933824529931237,12.480501154747559,14.831610787061908,11.002116507732017,19.025685332133452,15.153632380194376,29.989546519291743
2011-07-01,18132.69921875,19031.380859375,18132.69921875,18762.80078125,64000,18601.98319535689,18512.74076307779,17829.8670624907,51.241903619542995,5.84089477027532,-150.45445246815143,-119.53099605467804,-30.92345641347339,0.5869985468869636,11.853984362092879,14.854514728833973,11.06665398721974,18.49664818709788,21.562163272551963,27.231590138222188
2011-07-08,18896.240234375,19131.69921875,18682.599609375,18858.0390625,56400,18626.36946841814,18526.281872859054,17850.22690407504,52.24544335855124,1.0035397390082466,-110.42011865077075,-117.70882057389659,7.288701923125842,0.6162314952544993,11.766691072811144,14.874272948917335,10.94024216782542,17.82875779809662,21.59873467177208,25.947390132690312
2011-07-15,18823.189453125,18936.4296875,18326.419921875,18561.919921875,48200,18620.231416366412,18527.679443408702,17864.319835120583,48.876980114711074,-3.368463243840168,-101.4178783747484,-114.45063213406695,13.032753759318553,0.4582116633678824,10.874507712435836,14.857411744498341,-10.783135046711445,17.715395975408274,20.20494833286355,28.040888726114844
2011-07-22,18592.189453125,18765.599609375,18415.359375,18722.30078125,50000,18629.952308260086,18535.311652735814,17881.309556826116,50.72982160740201,1.852841492690935,-80.41516711576332,-107.64353913040624,27.228372014642915,0.5315595793153649,10.843582218787045,14.874897146800002,10.819798284210286,17.610131425769094,19.42968784879933,26.964964521347635
2011-07-29,18753.349609375,18944.599609375,18131.859375,18197.19921875,81000,18588.737728306744,18522.052341599116,17887.56479765629,44.98161617435752,-5.74820543304449,-104.93208302834319,-107.10124790999363,2.1691648816504454,0.2709638436137453,10.819704572839276,14.846415220292506,-11.302216779257382,17.914695977359383,17.729643270048584,27.657682963023163
2011-08-05,18352.23046875,18440.0703125,16990.91015625,17305.869140625,65400,18466.559767575152,18474.358882737386,17876.046071774483,37.26318768839824,-7.718428485959279,-194.04793981280818,-124.49058629055655,-69.55735352225163,-0.09016759101499833,12.051302449050217,14.822811693385145,-11.088292827848269,19.456866225031792,15.179315587734793,35.00445339127333
2011-08-12,16907.5703125,17256.4609375,16432.0,16839.630859375,82200,18311.614157270375,18410.25190142906,17855.52299826162,33.9787896475173,-3.2843980408809372,-298.8494803583235,-159.36236510410995,-139.48711525421353,-0.12114224335401497,14.70341125925163,14.792332166084416,-11.316922746420394,21.348590392802517,13.882499592561206,37.4780537551934
2011-08-19,17015.990234375,17035.490234375,15987.76953125,16141.669921875,58600,18104.952801518433,18321.28790223086,17821.585313580694,29.751239941863446,-4.227549705653857,-433.23105294687775,-214.13610267266353,-219.09495027421423,-0.17331540803263984,18.00308072184842,14.770021887658437,-10.978507040265917,23.42747122279857,12.503278532194622,37.967017760197855
2011-08-26,16155.990234375,16549.2109375,15765.5302734375,15848.830078125,63000,17890.08397071906,18224.328771873767,17782.52085347266,28.167745172008722,-1.583494769854724,-556.9390981749857,-282.696701773128,-274.2423964018577,-0.11315297947036462,20.97598555260136,14.745467875172872,-11.050905878263567,25.510152843267328,11.57680460273592,37.25503341828815
2011-09-02,16080.740234375,16989.859375,16068.73046875,16821.4609375,39200,17788.310348507723,18169.314346996365,17763.489964047458,39.655870193703436,11.488125021694714,-569.9256850197962,-340.14249842246164,-229.78318659733458,0.17631130973707415,21.18390252054993,14.760816643467649,10.576457535657255,26.52689902308174,14.391615790401824,33.377100831516685
2011-09-09,16678.33984375,17211.80078125,16488.30078125,16866.970703125,68200,17700.56371561413,18118.242047236705,17745.737107395526,40.138284358508365,0.48241416480492916,-569.9750730675005,-386.10901335146946,-183.86605971603103,0.21333687836146864,20.554924491536756,14.786971439501619,11.130214506480655,27.035287456737098,15.472286905333696,31.162125977593046
2011-09-16,16668.25,17122.5390625,16374.6796875,16933.830078125,79800,17627.54146442469,18071.794519036248,17729.659740479277,40.88596820871154,0.747683850203174,-558.1848135827349,-420.52417339772256,-137.66064018501237,0.2560287471801369,20.228994881182107,14.81673086805459,11.287291314687705,27.61875095480391,14.407928659703668,30.0635786776516
2011-09-23,16865.9296875,17191.119140625,16052.4697265625,16162.0595703125,79600,17487.97176022353,17996.90295241963,17698.61815295122,35.39092289728137,-5.495045311430168,-604.1520888138184,-457.24975648094176,-146.90233233287665,0.09800896167344114,21.552011809230915,14.787047142565472,-11.284781934567633,28.470476196520025,12.947519159424603,29.88457198828281
2011-09-30,16209.1904296875,16756.080078125,15801.009765625,16453.759765625,93800,17389.475379785574,17936.387533329646,17673.96749181605,38.74206298470671,3.3511400874253425,-610.0118804506928,-487.802181274892,-122.20969917580084,0.20674138092529057,22.049354705230645,14.821934821161209,11.448930795918299,29.491458721271755,11.861488022811221,29.586328063493827
2011-10-07,16255.9697265625,16347.48046875,15745.4296875,16232.5400390625,72200,17279.291061621472,17869.569984534857,17645.424373939743,37.167589830946525,-1.574473153760188,-625.298340627578,-515.3014131454293,-109.99692748214875,0.18565151040396277,22.81333792358138,14.795189524650281,-11.187209175200515,30.4907161095068,11.11672581583004,28.22133055962535
2011-10-14,16270.0703125,17112.44921875,16230.76953125,17082.689453125,91800,17260.567098907522,17838.71192447957,17634.281108181036,46.214028201909194,9.046438370962669,-562.3308180987588,-524.7072941360952,-37.62352396266351,0.4124532917289589,22.59278286828784,14.829073543516284,11.427378469795439,29.81397117820023,16.989292723457396,26.03044411463127
2011-10-21,17176.05078125,17188.55078125,16669.0390625,16785.640625,69600,17215.336006154426,17797.41501077449,17617.47634613785,43.83898420411662,-2.3750439977925737,-530.2851634539729,-525.8228679996707,-4.462295454302193,0.35488807503432035,22.333037178923394,14.803489565457685,-11.150534214035387,29.042960640534083,16.879402542919866,24.808337108691976
2011-10-28,17011.060546875,17908.130859375,16898.599609375,17804.80078125,54000,17271.47550854448,17797.704648832354,17621.185740892546,52.801419761958435,8.962435557841815,-417.83450802339576,-504.2251960044158,86.39068798102005,0.6261321322897564,21.97238371070861,14.823395847989504,10.896757843893464,27.10426772267716,21.53050664650756,22.365075703551383
2011-11-04,17806.2109375,17813.109375,17278.029296875,17562.609375,84200,17299.202543445008,17788.485226329125,17620.025812855067,50.72959296975102,-2.0718267922074176,-344.29060802196545,-472.23827840792575,127.9476703859603,0.5670100227534868,21.842020272381436,14.792181552389806,-11.340962076644454,25.304052870381447,20.494345672607764,21.288750886731826
2011-11-11,17593.669921875,17658.33984375,17096.83984375,17192.8203125,44200,17289.070902402626,17765.12581794367,17611.566297996553,47.65494210885549,-3.074650860895531,-312.2460462485142,-440.2398319760435,127.99378572752931,0.4826101242124581,21.34383688933411,14.775397416892359,-10.69650269224425,23.914872444739405,19.43722883288137,21.85511302257174
2011-11-18,17348.51953125,17391.990234375,16164.990234375,16371.509765625,91200,17201.684127471424,17710.47420804882,17587.01072309811,41.62119630574644,-6.033745803109049,-349.09919906847426,-422.01170539452966,72.9125063260554,0.2803079240217086,20.340288358941525,14.739849218211557,-11.420821140914589,23.85221754386862,17.333219524097938,27.710185850359686
2011-11-25,16297.0302734375,16297.0302734375,15478.6904296875,15695.4296875,96000,17058.231323664622,17631.452854301806,17549.553672888243,37.42099751164128,-4.200198794105155,-427.92672732122446,-423.1947097798686,-4.7320175413558445,0.11372558006030335,19.573431873581985,14.701012543525682,-11.472113887062386,24.4891794698911,15.977914322037886,31.55395937259839
2011-12-02,15890.7998046875,16888.83984375,15849.5703125,16846.830078125,100200,17038.09787170847,17600.683333667424,17535.63835418006,47.19444560083541,9.773448089194126,-392.95992510675205,-417.14775284524535,24.187827738493297,0.48441481568973366,17.69645369039278,14.741514364825878,11.514933447623022,24.084030319907225,19.378388926781952,28.361681622128753
2011-12-09,16812.30078125,17003.7109375,16142.3203125,16213.4599609375,61800,16959.56092782552,17546.28241708978,17509.456603818824,43.19779120049088,-3.996654400344525,-411.61135807496976,-416.04047389119023,4.429115816220474,0.2804563485275513,15.063157138107522,14.716728666415706,-11.031674824544641,23.5253957544788,18.937826743473767,26.293934255862084
2011-12-16,16354.9599609375,16360.3203125,15425.2001953125,15491.349609375,104000,16819.731278449282,17465.69681678724,17469.49408907736,39.12925681361716,-4.068534386873722,-479.1378209744289,-428.659943307838,-50.47787766659093,0.02429499035635565,14.424948550093683,14.673579204618244,-11.552155793461898,23.761873067605908,17.45044026233932,30.251869341335347
2011-12-23,15440.099609375,15911.23046875,15135.8603515625,15738.7001953125,96600,16716.77593719816,17397.97145908235,17435.220942666176,41.17309498615471,2.043838172537548,-506.85123865877176,-444.29820237802477,-62.553036280746994,0.16520297605994064,14.716335578927584,14.713719189586374,11.478344372113902,24.253261163243057,16.306801620029386,30.71484995722493
2011-12-30,15782.169921875,16049.1201171875,15406.9296875,15454.919921875,60000,16596.59917383405,17321.773359584025,17396.00706106635,39.53306303300215,-1.6400319531525582,-545.4256904103604,-464.52369998449194,-80.90199042586846,0.10378422394141691,15.772024499519716,14.688977710149084,-11.002116507732017,24.46694280930359,16.59204599920762,29.018568661670486
2012-01-06,15640.5595703125,16004.6904296875,15640.5595703125,15867.73046875,72400,16527.183106683187,17264.752069747396,17365.744158248206,43.08464243899745,3.551579405995298,-536.501405958923,-478.9192411793782,-57.58216477954477,0.2713076999148061,16.025632143080166,14.718756981569605,11.189975390433117,24.66536148064551,15.788179687905673,27.61265104605916
2012-01-13,15840.2197265625,16257.33984375,15678.2998046875,16154.6201171875,83400,16491.700917207407,17221.2174833725,17341.761503969778,45.4812568796676,2.396614440670149,-500.50968514914894,-483.2373299733324,-17.27235517581653,0.3720376582356747,15.740170958043961,14.751996389127008,11.331415578682627,24.37376256746715,17.238615077558013,26.174281453712478
2012-01-20,16086.740234375,16788.48046875,16037.599609375,16739.009765625,83200,16515.254140866225,17202.307376794168,17329.825825982753,50.091419456384116,4.610162576716519,-419.9892517601638,-470.58771433069876,50.598462570534934,0.5991091675138852,15.698454913710929,14.784090468168907,11.329014645967838,23.190268166350528,20.866407877187243,24.39932644685898
2012-01-27,16667.01953125,17258.970703125,16659.3203125,17233.98046875,64400,16583.704267331348,17203.54945883165,17327.92789811676,53.665287717729754,3.5738682613456376,-312.63239741112557,-438.99665094678414,126.36425353565858,0.776612995388128,16.060625813779914,14.808244048541269,11.072884439922198,21.683291679090058,24.040261136502572,23.054752139207086
2012-02-03,17138.0390625,17630.529296875,16828.330078125,17604.9609375,124000,16680.96680734741,17219.291085446097,17333.413700876823,56.19704994854194,2.531762230812184,-195.36425592785235,-390.2701719429978,194.90591601514546,0.8825501231907177,16.924035163702996,14.853169358245266,11.728044909070785,20.7904593224892,25.678804482814677,21.35902058272393
2012-02-10,17741.91015625,17890.109375,17579.58984375,17748.689453125,96200,16782.654678373845,17240.051805747233,17341.636983099557,57.17340234727358,0.9763523987316418,-89.79561100160936,-330.1752597547202,240.3796487531108,0.8826073843149166,17.85378071298436,14.886683473480094,11.474195031610165,20.296610333785363,27.401764616825176,20.72361144480141
2012-02-17,17761.69921875,18423.060546875,17665.890625,18289.349609375,107600,16926.149433707287,17281.20073922283,17360.403569758477,60.7202164878183,3.5468141405447184,37.06776271270428,-256.7266552612353,293.7944179739396,0.9799517368150092,19.75296386356991,14.92288468272649,11.586185220346932,20.46883270947359,30.516464140823928,19.221992815540307
2012-02-24,18303.73046875,18523.779296875,17848.9296875,17923.5703125,81400,17021.141898354213,17306.39170288076,17371.555386446427,57.26486270341753,-3.4553537844007707,106.86074393232047,-184.00917542252415,290.8699193548446,0.8302026549290442,20.443845273214574,14.89561971462634,-11.307142836927456,20.74161388114275,29.50257799949903,17.97204997087415
2012-03-02,17975.189453125,18001.349609375,17381.640625,17636.80078125,91000,17079.77607767762,17319.348921640336,17376.807770501942,54.63964313868451,-2.6252195647330154,137.4478663957525,-119.71776705886882,257.16563345462134,0.7337495474812922,20.832558190117396,14.864232427404282,-11.418625774449598,20.172180774295352,27.719992661217052,21.442201506465995
2012-03-09,17598.419921875,17691.9609375,17008.76953125,17503.240234375,63800,17120.105997363084,17326.560345669146,17379.311383647942,53.41151917743457,-1.228123961249942,149.19137608054007,-65.93593843098704,215.12731451152712,0.6827679642975862,21.086158499647894,14.841624194213328,-11.063524143191238,19.049265060990187,25.86460167223964,23.66007943695165
2012-03-16,17772.099609375,18040.689453125,17426.580078125,17466.19921875,77800,17153.067256542792,17332.03637990761,17381.031934838084,53.05535278453751,-0.35616639289705887,153.73710605630913,-22.001329533527805,175.73843558983694,0.6801894085064966,20.74651960765285,14.813344778468942,-11.261909563554315,18.478537993356078,27.746191625266707,22.22034888229272
2012-03-23,17531.470703125,17687.009765625,17136.5,17361.740234375,72400,17172.940873479194,17333.201236945548,17380.649920967528,52.00220964894179,-1.0531431355957181,147.21367516346436,11.841671405870628,135.37200375759375,0.6544475414543423,20.585827746478618,14.786289853910306,-11.189975390433117,17.48580787017585,26.206686563823585,23.911131968025153
2012-03-30,17377.58984375,17439.509765625,16920.609375,17404.19921875,85400,17194.965477790698,17335.985471526117,17381.116243695895,52.4156669517334,0.4134573027916062,143.8121178025358,38.23576068520366,105.57635711733214,0.662588462898609,20.707715955025638,14.818126131216408,11.355113089309977,16.24332479398454,24.80936292689154,24.854579365560827
2012-04-06,17429.9609375,17664.099609375,17382.380859375,17486.01953125,30600,17222.68491145349,17341.86916014274,17383.19353651875,53.25137480227319,0.8357078505397908,146.03517194650703,59.795642937464336,86.2395290090427,0.6692850612088086,20.735440436872736,14.829291273960322,10.328787967145063,15.41730206570512,26.469469069116403,24.103171863079368
2012-04-13,17407.66015625,17486.01953125,17027.30078125,17094.509765625,60200,17210.477754707917,17332.16879173028,17377.47702620402,48.83199700470324,-4.41937779756995,114.8811142949562,70.81273720896272,44.06837708599349,0.5395159862820157,19.620158099191375,14.807205935233638,-11.005444242454628,14.543025142360735,25.136880997982818,26.78671437022451
2012-04-20,17047.869140625,17530.30078125,17010.16015625,17373.83984375,55000,17226.036048902402,17333.802950633013,17377.405002789088,51.89919914811363,3.067202143410391,111.44621935519535,78.93943363820925,32.5067857169861,0.6149422070789308,19.68951190577867,14.82740269995836,10.915106645867503,13.657652944393531,24.17410948046907,25.23533257753275
2012-04-27,17347.759765625,17444.1796875,17019.240234375,17134.25,58600,17217.294520435506,17325.977344725838,17372.590052238807,49.17627855464355,-2.7229205934700786,88.3724398370905,80.8260348779855,7.54640495910499,0.5302367898204778,19.19373188177176,14.80586963263549,-10.978507040265917,12.835521617709698,23.002031774648803,24.01180164511173
2012-05-04,17195.509765625,17432.330078125,16776.720703125,16831.080078125,37400,17180.51219259641,17306.56960878071,17361.867082454373,45.895007156028264,-3.2812713986152886,45.10310382761236,73.68144866791087,-28.578344840298513,0.40826335046719425,17.291604280791894,14.791880256930046,-10.529452721013085,12.48873066518766,21.287179086988104,24.979464663498472
2012-05-11,16620.439453125,16944.130859375,16233.759765625,16292.98046875,58600,17095.985361753894,17266.821015054014,17340.70101089587,40.70364800861607,-5.191359147412193,-32.236693552495126,52.49782022382968,-84.7345137763248,0.19968275197260404,16.271952322481354,14.769559780619295,-10.978507040265917,12.992625143768711,19.58354349248054,29.09737964104285
2012-05-18,16318.3603515625,16390.330078125,15809.7099609375,16152.75,62000,17006.153422539235,17223.131955640132,17317.177228501892,39.45125440083411,-1.2523936077819613,-103.64965831123845,21.26832451681605,-124.9179828280545,0.09573396116732273,14.587035470492394,14.745388957948714,-11.034905792929415,14.009838811873355,18.294768802300744,31.988804247898322
2012-05-25,16187.66015625,16366.7197265625,15847.0302734375,16217.8203125,53800,16931.074078725975,17183.707969634637,17295.407784620667,40.36813148036371,0.9168770795295984,-153.2279999790735,-13.63094038236186,-139.59705959671163,0.09365433074556392,13.816335397898092,14.766396321001617,10.893047333337728,14.954394360827667,17.203482747981397,30.08066666237755
2012-06-01,16289.8203125,16544.380859375,15933.48046875,15965.16015625,58600,16839.082276585406,17135.921780874458,17269.06624742521,37.964217255529604,-2.4039142248341037,-210.48046816635906,-53.0008459391613,-157.47962222719775,0.005854882488823389,14.233482997183625,14.74349307377861,-10.978507040265917,15.428126917361721,18.037478527272217,27.96866344295839
2012-06-08,15808.8798828125,16767.76953125,15748.98046875,16718.869140625,59800,16827.63340649394,17119.56677537448,17258.171255211342,47.92630437012701,9.96208711459741,-192.81281949496042,-80.96324065032113,-111.8495788446393,0.3148397846997651,14.251334655739914,14.7668598918731,10.998777662206932,15.37566661604813,18.473003162819555,24.836809632479298
2012-06-15,16804.890625,16967.759765625,16553.470703125,16949.830078125,48000,16839.271184744517,17112.91043430587,17252.065489328445,50.54702092758722,2.620716557460206,-158.34911319121602,-96.4404151585001,-61.90869803271592,0.4152558895754886,14.30259684129542,14.78522868541126,10.778977123006351,14.902380327425378,19.86603253519533,23.675793665192685
2012-06-22,17039.5390625,17109.94921875,16636.08984375,16972.509765625,53000,16851.9605733998,17107.40452573015,17246.529732423427,50.80882240159402,0.261801474006802,-127.73387975447622,-102.69910807769534,-25.034771676780878,0.43659723631953623,14.151230357201317,14.805126469976123,10.87806606028079,14.166427961152989,20.418142183050854,22.38675983039696
2012-06-29,17038.76953125,17448.48046875,16815.869140625,17429.98046875,46600,16907.010087242677,17120.05456271132,17250.162420271477,55.88227536228426,5.07345296069024,-65.79853957891464,-95.3189943779392,29.520454799024563,0.6347158128175387,13.87170685558788,14.822300278035701,10.74937727911096,13.492004950280304,22.820658390071184,20.76161151666169
2012-07-06,17438.6796875,17562.890625,17351.5,17521.119140625,44400,16965.49666375528,17135.782585374604,17255.52789988244,56.83737431091415,0.9550989486298889,-9.25353810001252,-78.10590312235388,68.85236502234136,0.7087463780877064,12.60762857422025,14.838393406763961,10.70101727068921,13.079596432328415,23.61756439962854,20.23304879270137
2012-07-13,17449.9296875,17631.189453125,17181.169921875,17213.69921875,43200,16989.135002326206,17138.83813962462,17254.699609166946,52.693502397453386,-4.143871913460764,10.630028129609855,-60.358716871961136,70.98874500157099,0.5881552584175347,11.810119071181996,14.82273865006056,-10.673618922112436,12.327612459037695,22.315103482834488,21.204559663844
2012-07-20,17241.98046875,17318.9296875,17038.58984375,17158.439453125,48800,17005.259235735615,17139.60681858542,17252.793467463147,51.96016380313841,-0.7333385943149793,21.67899440632391,-43.95117461630413,65.63016902262804,0.5752828719126216,11.401788779567926,14.804754681434751,-10.795506083434564,11.568386568631658,21.5189641131957,22.262571603668697
2012-07-27,17047.73046875,17047.73046875,16598.48046875,16839.189453125,55400,16989.443065963176,17127.82574543011,17244.6032889614,47.8195957502245,-4.140568052913906,4.6213013820270135,-34.2366794166379,38.85798079866491,0.4259573686231742,11.13756424588975,14.783938607937735,-10.922352923113982,11.713622076510651,19.98521247726166,26.277754969916728
2012-08-03,16919.140625,17291.990234375,16919.140625,17197.9296875,50400,17009.29893468097,17130.57491962893,17243.67905922949,52.408920943606624,4.589325193382123,19.8218021663306,-23.4249831000442,43.2467852663748,0.6254903936075188,10.903196170655344,14.802893662496254,10.827766295132466,11.300848635517053,21.96980636032338,24.74205931628984
2012-08-10,17313.05078125,17726.640625,17313.05078125,17557.740234375,61200,17061.531439413735,17147.326500599363,17249.898092400686,56.537794985843355,4.128874042236731,60.2079725923104,-6.698391961573282,66.90636455388368,0.807880388692091,11.138422748100904,14.825437706045276,11.021918808236205,10.936286212169874,26.09361222601158,23.04830033335738
2012-08-17,17551.689453125,17801.390625,17522.099609375,17691.080078125,37600,17121.48845262433,17168.65017030625,17258.634369345724,57.992269246011816,1.4544742601684604,101.8002250190184,15.001331434545055,86.79889358447335,0.8580576179272493,11.525509425438852,14.839040399832433,10.534785924769006,10.736924159324445,26.118748521620105,22.18435564163502
2012-08-24,17705.140625,17972.5390625,17705.140625,17783.2109375,35400,17184.509641660108,17192.750592549142,17269.02202416066,59.0129061644813,1.020636918469485,140.57610131465844,40.116285410567734,100.4598159040907,0.8826852542797631,11.96178562509687,14.851680260820343,10.474495347310453,10.871438508883148,27.47475624602176,21.317155915425783
2012-08-31,17769.439453125,17820.0703125,17337.609375,17380.75,47200,17203.199199597242,17200.12311833153,17271.234459325795,52.95963247719215,-6.053273687289149,137.24890851135933,59.54281003072606,77.70609848063327,0.675610086293659,12.100084700186867,14.834791358204692,-10.762170357789895,10.181805607102945,25.625582245312927,25.009566227482434
2012-09-07,17465.599609375,17701.19921875,17250.80078125,17683.73046875,50200,17248.964082373695,17219.088112465586,17279.402697136175,56.57120752417899,3.611575046986836,157.24742552003954,79.08373312858876,78.16369239145078,0.8063512038791069,12.43873815340617,14.852744128056445,10.823790225800138,9.54916881223603,24.001522071728512,24.646049110571067
2012-09-14,17780.9296875,18498.5390625,17677.380859375,18464.26953125,52600,17364.707458457153,17267.918756339484,17302.865406722587,64.19736286094074,7.626155336761755,233.38901020752382,109.94478854437578,123.44422166314804,1.0543810991872462,14.378547735570546,14.871215693568159,10.87049040995193,10.21238698996739,32.09086959313564,21.91860461698838
2012-09-21,18619.900390625,18866.869140625,18291.9296875,18752.830078125,53600,17496.90961271123,17326.15057288009,17331.577578433524,66.53685525862969,2.339492397688943,313.4034690699955,150.63652464949973,162.76694442049575,1.04922368725472,16.470281604503803,14.889693874285868,10.889323003601277,11.350376159535061,34.5533331552174,20.230514962033673
2012-09-28,18756.310546875,18869.939453125,18552.6796875,18762.740234375,57800,17617.464910012543,17382.48742235048,17359.917433006623,66.61753291683729,0.08067765820760542,373.3118641865185,195.1715925569035,178.140271629615,0.978423687729488,17.40223377511752,14.90924463414471,10.96476135554887,12.411342066153448,33.08346740035329,19.34513060849269
2012-10-05,18784.640625,19137.2890625,18745.279296875,18938.4609375,67600,17743.274055487538,17443.50599157203,17391.175720224313,68.08674582976425,1.469212912926963,430.0119806759685,242.1396701807165,187.872310495252,0.97283227535024,17.908891577839384,14.931635599263636,11.121378054821049,13.767716420426828,35.01595741913217,18.28054494449699
2012-10-12,18969.189453125,18969.189453125,18581.490234375,18675.1796875,43200,17832.02697282206,17491.806920824107,17416.601541358486,63.57218869884567,-4.514557130918583,448.5322345560162,283.41818305577647,165.11405150023973,0.8547220745762385,17.51387269681224,14.91738452158269,-10.673618922112436,14.610501240064565,33.07721291713812,19.607474808206696
2012-10-19,18690.990234375,18806.560546875,18535.369140625,18682.310546875,36800,17913.0063608271,17538.493337531985,17441.665086022178,63.642504537061285,0.07031583821561327,458.49977000128274,318.4345004448777,140.06526955640504,0.8393947506932862,16.023879781769075,14.929537100919438,10.513280297700861,15.273936101969921,31.75286184295924,19.503350226328656
2012-10-26,18655.9296875,18812.9296875,18600.880859375,18758.630859375,21600,17993.542027355474,17586.34186780034,17467.743616187578,64.43380324761608,0.7912987105547984,467.17225409656385,348.18205117521495,118.9902029213489,0.8324428490311075,15.832083301455679,14.936601954316751,9.980494888896912,15.900701032079807,30.815203596461853,18.86724729331751
2012-11-02,18656.0,18793.75,18393.419921875,18755.44921875,41800,18066.104617012097,17632.189214896407,17493.242737030396,64.37090597876295,-0.06289726885313485,468.3892289464675,372.22348672946544,96.16574221700205,0.8000349386217893,15.714554322605743,14.92288468272649,-10.640675541671662,15.90948056302891,28.89889087958358,20.916641954397942
2012-11-09,18749.369140625,18973.4296875,18656.41015625,18683.6796875,41400,18124.921290391896,17673.424135390665,17516.815745950586,62.879819012841594,-1.4910869659213546,458.279725507542,389.43473448508075,68.84499102246127,0.749618151710396,15.296508888244768,14.90911063981716,-10.63106031411106,16.258972204110236,30.297919509049432,19.86321744499171
2012-11-16,18691.01953125,18750.919921875,18266.759765625,18309.369140625,32600,18142.48775231886,17698.363155203777,17532.5098725778,55.640746331673554,-7.2390726811680395,415.2770826008891,394.6032041082425,20.673878492646622,0.5990513708067222,15.046919150976585,14.89812929558547,-10.392098241730961,15.571281079026397,27.980253696654884,24.500124255055454
2012-11-23,18349.529296875,18567.6796875,18255.689453125,18506.5703125,32800,18177.16228185992,17730.05755352912,17551.798198120814,58.36055701753551,2.719810685861958,392.58419850620703,394.1994029878354,-1.615204481628382,0.6543957550357852,14.923376965582438,14.909177639225243,10.39821428171237,14.905471366655593,26.56978736717938,23.443955869512774
2012-11-30,18574.359375,19372.69921875,18508.7890625,19339.900390625,36000,18287.89924459945,17793.18864517994,17587.206162328817,67.44444545666956,9.083888439134043,436.8074528293946,402.72101295614726,34.08643987324734,0.9110522438246474,15.292756711459147,14.921164992415681,10.491301994830229,15.752363953144089,35.26289282375327,20.373499538483745
2012-12-07,19342.830078125,19561.869140625,19186.240234375,19424.099609375,44000,18396.108803149506,17857.14593789347,17623.580289993097,68.19932712297,0.7548816663004487,473.1941857426682,416.8156475134515,56.3785382292167,0.8970334005031889,15.334684894310637,14.93562370432132,10.691967639914864,16.813219479340024,36.1331884628364,19.199104625853423
2012-12-14,19442.189453125,19612.1796875,19193.109375,19317.25,42800,18483.836536182887,17914.40492072118,17657.118304052638,66.10456462620644,-2.0947624967635647,487.78616792408866,431.0097515955789,56.776416328509754,0.8409811379154257,14.064209278996426,14.921562106592217,-10.664316745782925,17.871680253079955,34.57040460183965,17.955563533303163
2012-12-21,19290.919921875,19520.509765625,19149.029296875,19242.0,56200,18556.042580355945,17966.467472849763,17688.50210001199,64.59967962673939,-1.504884999467052,487.65696686481533,442.3391946494262,45.31777221538914,0.7919599709148767,13.055948135212015,14.902792567421626,-10.936689829317784,18.72501180590412,32.557321923979394,17.600963014922648
2012-12-28,19278.0,19504.400390625,19237.259765625,19444.83984375,27400,18640.689938774427,18024.44285994389,17723.281065234525,66.7940940253927,2.194414398653308,498.17935280851816,453.50722628124464,44.67212652727352,0.8440818167280684,12.71449596979184,14.911987568547872,10.21833478806055,19.517391104955127,31.152446100162358,16.841466657289175
2013-01-04,19422.58984375,19797.439453125,19406.169921875,19784.080078125,25800,18749.5842377602,18093.44824104903,17764.08896647988,70.12911322240336,3.3350191970106664,527.8080288363926,468.36738679227426,59.44064204411836,0.9359658539762499,12.850947916200662,14.920569025307346,10.158168529848494,20.734488368186874,33.93992543163865,15.76823580998463
2013-01-11,19820.560546875,19856.4296875,19596.380859375,19663.640625,43600,18836.637227021132,18155.024412968676,17801.70385080701,67.53575294722438,-2.5933602751789806,535.398767026767,481.77366283917286,53.62510418759416,0.8522351827283715,12.592648894354157,14.906023804419767,-10.682835364853922,21.957052816803962,33.44893131108767,15.080392622855785
2013-01-18,19689.08984375,20126.55078125,19689.08984375,20039.0390625,53400,18951.15168754293,18228.907340401278,17846.007518365288,71.12052958737351,3.58477664014913,565.1908302297416,498.45709631728664,66.73373391245491,0.9901081539045342,11.596034537374079,14.923809446341913,10.885584751364705,23.497884004346368,35.370788417048765,13.916623813164792
2013-01-25,20132.830078125,20163.380859375,19884.19921875,20103.529296875,54200,19060.901936050745,18302.42192692966,17890.710919919933,71.69869147549642,0.5781618881229065,587.2357892679174,516.2128349074128,71.02295436050463,0.9902750700365147,10.914676361617113,14.941543766525635,10.900454637442037,24.982053321668722,34.312207959988875,13.25238690912309
2013-02-01,20129.0,20203.66015625,19736.44921875,19781.189453125,49800,19129.500747200673,18360.41281030987,17928.146138399243,64.72392313354106,-6.974768341955354,572.101615346055,527.3905909951413,44.7110243509137,0.8033508494402034,10.896708647052895,14.925260920684135,-10.815790343132422,25.8027118745084,31.594450198991648,14.707528950526982
2013-02-08,19860.970703125,19902.599609375,19414.80078125,19484.76953125,45000,19163.335869491086,18404.505230738894,17958.970364000248,59.036479683346315,-5.687443450194749,530.0786463933619,527.9282020747855,2.1504443185763193,0.644679416174816,10.805865458430567,14.910315942894206,-10.714439990727769,25.467588911293536,29.01079724116835,18.896989075941065
2013-02-15,19517.58984375,19723.009765625,19381.8203125,19468.150390625,39600,19192.365823884793,18446.216805636388,17988.85511700272,58.72490623015039,-0.3115734531959262,489.7881421624079,520.30019009231,-30.51204792990211,0.6210404599237678,10.662067084847772,14.896977026895355,-10.586609649448985,25.050207049776926,27.32749271475073,18.361394526949052
2013-02-22,19496.25,19742.419921875,19289.69921875,19317.009765625,38600,19204.236675479096,18480.36554916535,18015.155209054643,55.83866670907279,-2.8862395210775986,440.58307454941314,504.35676698373067,-63.773692434317525,0.5383330466109705,10.573066195810862,14.883801430341318,-10.5610334618531,24.358350951274133,25.23516985128956,18.51352360986603
2013-03-01,19365.330078125,19411.1796875,18793.970703125,18918.51953125,48600,19177.02551888585,18497.54805826671,18033.04361147435,49.00061030502248,-6.838056404050313,365.2228111469267,476.5299758163699,-111.30716466944324,0.3328898484973079,10.341140050233783,14.866961704885139,-10.791399385808587,22.930709019863336,22.685078347833358,24.759033114437802
2013-03-08,18920.900390625,19706.029296875,18760.41015625,19683.23046875,45200,19225.23551411101,18544.04540769743,18065.720578945155,59.30084903935786,10.30023873433538,363.0203683256441,453.82805431822476,-90.80768599258067,0.6956035913091667,10.117703640760482,14.882632523538202,10.718874489469398,21.716795195870652,23.899128614879498,21.220845108284887
2013-03-15,19679.880859375,19754.66015625,19179.330078125,19427.560546875,44600,19244.504564850435,18578.6930602142,18092.687707022975,55.280866439513524,-4.019982599844333,336.76250205312317,430.41494386520446,-93.65244181208129,0.5491302152141988,9.776289268814576,14.867171341093714,-10.70551155928146,20.70541457032392,22.576648327447426,19.403976681818662
2013-03-22,19282.630859375,19378.609375,18669.19921875,18735.599609375,57000,19196.03742623373,18584.846258220503,18105.418635782422,46.16035793468928,-9.120508504824244,257.1531872862979,395.7625925494232,-138.60940526312527,0.18440476460199942,9.80233712320963,14.847057045723052,-10.950824090522445,19.93891105199972,20.130116484235884,24.590737868859378
2013-03-29,18894.130859375,18950.220703125,18568.4296875,18835.76953125,38800,19161.72619814004,18594.6863865746,18119.881029752076,47.51043216733286,1.3500742326435784,199.8414593731286,356.5783659141643,-156.7369065410357,0.22786829970500036,9.60478044264178,14.860792742513386,10.566201298475118,19.44266071034979,19.013053929771665,24.69079902188423
2013-04-05,18890.810546875,19060.509765625,18389.2890625,18450.23046875,40800,19093.964700102893,18589.021448620697,18126.42260280154,43.037257950853274,-4.473174216479585,121.90646004658993,309.64398474064944,-187.73752469405952,0.0005452797396308775,9.29380570293947,14.84634388092074,-10.616461869895815,19.356563743520933,17.205381119945308,24.880757884782454
2013-04-12,18455.80078125,18599.140625,18173.310546875,18242.560546875,44000,19012.878590271666,18575.434746591454,18128.72236407032,40.80847832528647,-2.2287796255668013,42.8907664070357,256.29334107392674,-213.40257466689104,-0.0725089572166648,9.870214399379257,14.830524185153628,-10.691967639914864,19.70060478761002,16.15594505018936,26.45677740971123
2013-04-19,18196.08984375,19058.80078125,18144.220703125,19016.4609375,39600,19013.219766198174,18592.72989133297,18146.301345722393,50.9937022185727,10.185223893286228,42.23074395972799,213.480821651087,-171.25007769135902,0.34313436610226467,9.982417934318821,14.844773125767981,10.586609649448985,18.754775954609602,20.37234023123685,23.18575830605212
2013-04-26,18989.779296875,19434.849609375,18989.779296875,19286.720703125,36800,19039.26747447692,18619.945217285596,18168.883907255116,53.972296784099406,2.9785945655267057,62.79155389890366,183.34296810065035,-120.5514142017467,0.4868204481389563,9.97419669042657,14.85783499491971,10.513280297700861,17.8028194120165,24.274123806405978,21.774868026508674
2013-05-03,19306.669921875,19792.0,19284.400390625,19575.640625,43600,19090.350631669597,18657.423468568515,18196.740475923332,56.982432801559945,3.010136017460539,101.23262036664892,166.9208985538501,-65.68827818720118,0.6291887648418878,10.038289903949526,14.873092844368907,10.682835364853922,17.61122290101937,27.4790653395588,20.26060381807717
2013-05-10,19571.66015625,20119.140625,19554.310546875,20082.619140625,36000,19184.852394427253,18713.313494923674,18234.08460789762,61.713985929341895,4.73155312778195,170.63934753093054,167.66458834926618,2.9747591816643535,0.8496330343129966,10.567460430868495,14.885517932628096,10.491301994830229,17.98999945293485,29.8205964833438,18.702067371661137
2013-05-17,20073.41015625,20328.189453125,19652.689453125,20286.119140625,40600,19289.734941684183,18774.992147696274,18274.71895508034,63.45172398701328,1.7377380576713861,239.30684775900227,181.99304023121343,57.31380752778884,0.8989985634658304,11.324550416379218,14.899347899345166,10.611547975828369,18.66896433727167,29.922158031521974,17.01621421381685
2013-05-24,20277.759765625,20443.619140625,19568.490234375,19704.330078125,56600,19329.220192773784,18811.43677241897,18303.02808622974,55.67195890806321,-7.779765078950071,243.9685042310375,194.38813303117826,49.58037119985926,0.6367320180563257,11.27634436183885,14.880014721897819,-10.943781931879723,19.476211438770253,28.05291846877831,15.115238805152606
2013-05-31,19750.669921875,20254.029296875,19678.310546875,19760.30078125,43800,19370.275486914376,18848.647125706462,18331.884971279644,56.22799045914334,0.5560315510801317,249.30543072785804,205.37159257051422,43.933838157343814,0.6593205259824266,11.328825352126032,14.895008322538885,10.687411927154141,20.225798033018936,25.99544677727118,14.006649123598311
2013-06-07,19859.220703125,19860.189453125,19395.3203125,19429.23046875,32600,19375.890247089195,18871.415099943464,18353.614585090934,52.06761309943695,-4.160377359706395,224.2355284877267,209.14437975395674,15.091148733769955,0.5234433288897324,10.951196896243856,14.883870147033075,-10.392098241730961,20.1005332249165,24.436943463408447,16.816559053482194
2013-06-14,19530.349609375,19585.75,18765.529296875,19177.9296875,55000,19357.036860461652,18883.435279847643,18369.93765642577,49.09798467680903,-2.9696284226279204,181.99169058178813,203.71384191952302,-21.722151337734886,0.4231586708553005,10.451573675610415,14.864792886799483,-10.915106645867503,18.82572922443907,21.93781538179978,22.949245293940436
2013-06-21,19249.900390625,19383.609375,18615.140625,18774.240234375,54800,19301.532419881973,18879.153121201656,18377.94364806833,44.68867900485825,-4.409305671950776,114.61753994372339,185.8945815243631,-71.27704158063972,0.2497826717071983,10.541338619355484,14.845416005663374,-10.911463720944793,17.942557556603198,19.885867440746583,22.633160387499622
2013-06-28,18714.060546875,19432.939453125,18467.16015625,19395.810546875,55200,19310.511289119404,18899.41419671826,18398.099428242716,51.85771533567786,7.169036330819608,110.10929824787308,170.7375248690651,-60.62822662119203,0.5579204138888476,10.5147339655493,14.864932952581606,10.918736348043124,17.413971834474612,17.65133400683183,21.81166435316913
2013-07-05,19352.48046875,19640.26953125,19147.310546875,19495.8203125,47000,19328.159767536607,18922.802671846955,18419.83647545573,52.91517673802515,1.0574614023472932,113.30038023690577,159.25009594263324,-45.94971570572747,0.6064586483358767,10.525465049933214,14.881255587477945,10.757924157061597,16.435463024481496,19.071188842125977,20.542788066973337
2013-07-12,19418.98046875,19991.939453125,19185.919921875,19958.470703125,38800,19388.18938044979,18963.417104446096,18450.30447996403,57.55941407900678,4.6442373409816256,151.4159271415665,157.6832621824199,-6.267335040853396,0.8058738373707401,10.946560970545832,14.894532536795257,10.566201298475118,15.747221953254364,21.353169916953245,18.634006706898735
2013-07-19,19926.099609375,20256.599609375,19649.580078125,20149.849609375,46800,19460.72844987124,19009.94386934527,18483.958838962266,59.34575828151978,1.7863442025129999,194.81969086013123,165.11054791796215,29.70914294216908,0.852691153890202,11.36314346613804,14.910315942894206,10.753659849198824,15.613612188792718,22.912190496370542,17.328163261575405
2013-07-26,20096.7109375,20351.060546875,19699.759765625,19748.189453125,49000,19488.105688276362,19038.894676552318,18508.993108549646,54.19043635774664,-5.155321923773137,194.5640552024779,171.00124937486532,23.56280582761258,0.6681484549811957,11.402665123251689,14.893784415819134,-10.799595985047786,15.663990231697616,22.282299901732845,16.030130811166476
2013-08-02,19714.419921875,19751.029296875,19078.720703125,19164.01953125,52500,19457.240339988137,19043.801533599286,18521.96392880114,47.700319493195884,-6.490116864550757,145.54606705671176,165.91021291123462,-20.36414585452286,0.41000545274442307,11.446978174396502,14.875763442446017,-10.868587496017359,14.768730425466032,20.569420371262844,21.898826384025615
2013-08-09,19178.060546875,19306.509765625,18551.349609375,18789.33984375,50500,19393.63076891784,19033.822643801275,18527.258501374385,44.05581298920792,-3.6445065039879623,75.59403783074958,147.84697789513763,-72.25294006438804,0.23837200538706563,11.384900020857167,14.858117062377307,-10.829748417047593,14.855114580189397,18.819456916512227,25.977099316758277
2013-08-16,18898.939453125,19392.560546875,18559.650390625,18598.1796875,52600,19317.87352306852,19016.738606299266,18528.662881297663,42.28087447357543,-1.774938515632492,4.677603177009587,119.21310295151203,-114.53549977450244,0.16537208868599246,11.674895414608596,14.839399659631786,-10.87049040995193,14.746657369245813,18.040427810742486,23.59295251848229
2013-08-23,18587.380859375,18587.380859375,17759.58984375,18519.439453125,88900,19241.8321830739,18997.236678723802,18528.48023915563,41.53851363192121,-0.742360841654218,-57.21828430158712,83.92682550089219,-141.1451098024793,0.12543810030428296,11.562005775534434,14.806946238431902,-11.395278670032656,15.79543613728269,16.40765767551754,30.09242849038216
2013-08-30,18602.560546875,18728.189453125,17448.7109375,18619.720703125,93600,19182.583470697813,18982.432130661105,18530.28698101641,42.91323365013373,1.3747200182125212,-97.06050914320076,47.7293585720736,-144.78986771527437,0.1409698040350993,10.88002706402435,14.84108645397837,11.446796346169297,17.13275287621721,14.283524751460556,29.342193766487352
2013-09-06,18691.830078125,19293.9609375,18166.169921875,19270.060546875,74000,19190.914620809926,18993.711676394985,18544.935962518557,50.96603082044357,8.052797170309837,-75.29086290351916,23.125314276955052,-98.41617718047421,0.4428096967753903,10.753283654588971,14.867276142720051,11.211833885608513,17.184861823543617,18.210560435857598,26.13096748386658
2013-09-13,19448.390625,20055.529296875,19444.66015625,19732.759765625,56000,19242.51892031612,19022.693954404007,18568.457225946408,55.7488003455613,4.782769525117729,-20.466377739623567,14.406975873639327,-34.87335361326289,0.6526692987819285,10.83685481785865,14.886649212249859,10.933124826700707,15.962604369362833,24.184129388212614,24.148721966541803
2013-09-20,19977.380859375,20739.689453125,19596.150390625,20263.7109375,62200,19339.775302905062,19071.36128707444,18602.026606373212,60.50895957379152,4.760159228230222,65.07559303966264,24.54069930684399,40.534893732818645,0.866953941595067,11.459194133325534,14.90773616177663,11.038126355768453,15.743616839909055,27.9728508123226,21.58188594943108
2013-09-27,20060.8203125,20199.810546875,19658.740234375,19727.26953125,62400,19376.67951512839,19097.083179002893,18624.308644489585,54.16882810679879,-6.34013146699273,88.5610067637208,37.344760798219355,51.21624596550144,0.6379383334832109,11.15825566614491,14.886580686267692,-11.041336579870135,15.540271276844834,26.375595748422498,20.349556186100063
2013-10-04,19643.890625,20052.0,19264.720703125,19915.94921875,47800,19428.038534520925,19129.19557271847,18649.885685564048,55.918367737062844,1.749539630264053,121.00338852173081,54.07648634292165,66.92690217880917,0.7442443114734375,10.678094229532128,14.902826280010348,10.774801838762809,14.714812127648688,24.42131997115899,22.550054085448433
2013-10-11,19880.939453125,20559.689453125,19647.880859375,20528.58984375,55500,19532.852944923696,19184.073779425587,18687.08774810238,61.10960104632469,5.191233309261847,193.91386980197422,82.04396303473217,111.86990676724204,0.9725564243843976,11.724158598918592,14.921363569216409,10.92415631759022,14.625448162927793,27.065661471363377,20.642385254511932
2013-10-18,20534.609375,20932.23046875,20375.419921875,20882.890625,48500,19661.42796207382,19250.694047879486,18730.568993189463,63.76706508155161,2.6574640352269157,277.0909317616861,121.05335678012295,156.03757498156313,1.0309738982040542,13.282976559606988,14.93728616035983,10.789339695269716,14.989831621124855,29.16535523797125,19.554482258162015
2013-10-25,20915.759765625,21039.419921875,20589.720703125,20683.51953125,51900,19758.770016281076,19306.883282521467,18769.24128107185,61.231500569163806,-2.5355645123878006,323.1961673368314,161.48191889146466,161.71424844536676,0.8999778524662806,14.228478267975255,14.920237778933535,-10.857093336791094,15.453953985793536,28.93176473313407,18.69742194319596
2013-11-01,20696.509765625,21293.880859375,20493.66015625,21196.810546875,51700,19895.726257290018,19380.998077202,18817.3119596026,65.08117507664983,3.8496745074860215,396.58164754001336,208.50186462117443,188.07978291883893,0.9929190537309097,15.739130999088392,14.93722101804502,10.853232402669228,16.18270164972215,29.153917203005957,17.248673139525096
2013-11-08,21134.099609375,21158.560546875,20600.900390625,20666.150390625,45400,19969.0999842743,19431.396207140155,18853.922621603044,58.60233256000697,-6.478842516642857,407.22608084689637,248.24670786631884,158.97937298057752,0.7908637974401833,15.669159780041703,14.922322801586583,-10.723289410218579,16.859395909084434,27.44829654993569,16.239556836560535
2013-11-15,20596.400390625,20672.529296875,20161.640625,20399.419921875,42100,20010.082835474364,19469.357921443483,18884.52652853912,55.605905004762754,-2.9964275552442174,389.6473392828084,276.5268341496168,113.12050513319161,0.6868681230711403,15.769099821739344,14.908306296588709,-10.647826772357497,16.625308169156366,26.04165242283198,19.813525347652487
2013-11-22,20570.58984375,20934.400390625,20137.669921875,20217.390625,49900,20029.826434476807,19498.69253726923,18910.91987698389,53.591985654292166,-2.0139193504705872,356.9135398533035,292.60417529035414,64.30936456294938,0.6169082659612646,15.761884139068167,14.891434399360346,-10.817796321618971,16.766617842970323,26.58263596982514,18.243366271565044
2013-11-29,20326.66015625,20819.76953125,20326.66015625,20791.9296875,45900,20102.407696669492,19549.407719631225,18948.167596004012,58.67891630987354,5.0869306555813765,373.03218585750074,308.68977740378347,64.34240845371727,0.7778519815101357,16.25851598216603,14.906964285162042,10.734242182303689,16.897833968654712,24.971369836287653,17.137572313868
2013-12-06,20771.26953125,21165.599609375,20673.619140625,20996.529296875,55800,20187.5621347843,19606.15758540549,18988.72921384304,60.34586132224775,1.6669450123742067,397.7310119834947,326.49802431972574,71.23298766376894,0.8148658631438994,16.90185508985367,14.925524598911215,10.929547069355774,17.49481912565435,27.265322941447955,16.270163289201832
2013-12-13,21416.669921875,21483.740234375,20692.669921875,20715.580078125,59900,20237.849557959606,19649.664349825864,19022.924280462485,56.9485159879318,-3.3973453343159505,390.1374934983505,339.2259181554507,50.91157534289982,0.7132115366220119,17.170839341475414,14.905586851800997,-11.000448478455008,18.449039818648775,28.30895630998646,14.959076817382522
2013-12-20,20714.259765625,21117.990234375,20568.69921875,21079.720703125,46400,20318.027762261074,19705.744991131713,19063.652922495407,60.085075311891536,3.1365593239597374,408.79039931769876,353.1388143879003,55.651584929798446,0.7880616401808971,17.287987357676535,14.921065689226081,10.74507628970625,19.05027608568656,26.70007502857165,15.391583701554747
2013-12-27,21080.5390625,21235.140625,21010.650390625,21193.580078125,25300,20401.413697105258,19764.09146513145,19105.82969785441,61.04085789062795,0.9557825787364109,427.8287184147084,368.07679519326194,59.751923221446475,0.7932619052942597,16.77313222462918,14.92940579844134,10.138599199626192,19.765695609300735,27.321995216411228,15.015976962936756
2014-01-03,21260.150390625,21331.3203125,20731.330078125,20851.330078125,33700,20444.262876249995,19806.72827348414,19140.394061820163,56.64968402943459,-4.391173861193359,410.5672451327082,376.5748851811512,33.99235995155698,0.6742004851152075,15.224456599793909,14.9182811887312,-10.425282789490705,19.76904040307013,25.528860539462016,17.08581772531507
2014-01-10,20913.7890625,20971.23046875,20625.169921875,20758.490234375,43100,20474.18929130952,19844.05227195045,19172.435570187587,55.483677795477554,-1.1660062339570345,384.95844240313454,378.2515966255479,6.706845777586636,0.6266668996294377,12.90703592730211,14.903870806936347,-10.67130147767883,19.528165124084953,24.528925883027256,17.618158450097265
2014-01-17,20850.5390625,21379.2890625,20850.5390625,21063.619140625,48300,20530.325467434806,19891.87842366318,19209.884749800207,58.50652907075108,3.022851275273524,384.848342274232,379.5709457552847,5.277396518947285,0.7455259603327204,10.245356952933692,14.920005841168686,10.785207543360087,19.934836977392827,27.427376686463518,16.378776601686507
2014-01-24,21083.529296875,21409.66015625,21001.130859375,21133.560546875,46100,20587.77642738149,19940.571840259723,19247.977339841294,59.190588023850765,0.6840589530996866,385.95571683393064,380.84789997101393,5.107816862916707,0.7732243862098676,8.753168810032784,14.935166859952743,10.738589920723442,20.357272711723194,26.477967714556737,15.601001391509032
2014-01-31,20899.029296875,20899.029296875,20343.779296875,20513.849609375,44800,20580.73577804754,19963.0533214015,19273.044117455822,51.14502171938729,-8.045566304463478,332.9893318954164,371.2761863558944,-38.286854460478025,0.3974613874869953,7.788402167764671,14.92043653992443,-10.709985739582528,19.279190175136737,24.095750338634865,21.685758079784463
2014-02-07,20479.029296875,20480.349609375,19963.119140625,20376.560546875,48300,20561.290517935868,19979.269291027915,19294.89592793937,49.53852982360523,-1.6064918957820566,276.74486769122086,352.36992262295973,-75.62505493173887,0.30626073061266784,7.687638631681705,14.904308509864935,-10.785207543360087,18.222066978503165,22.570783685810312,24.68771164315483
2014-02-14,20429.16015625,20516.599609375,20149.009765625,20366.8203125,43600,20542.76954598959,19994.467370301332,19316.122153376215,49.419926892677964,-0.11860293092726693,228.74790561310874,327.64551922098957,-98.89761360788083,0.24350547483185778,6.582877391718402,14.889523071399157,-10.682835364853922,17.170275827075503,22.01777950783183,23.61350122363495
2014-02-21,20438.869140625,20750.51953125,20338.94921875,20700.75,32500,20557.81530351439,20022.16472832873,19343.540526576686,53.527789812673014,4.10786291999505,215.17490007483138,305.15139539175794,-89.97649531692656,0.4520834205626534,5.54065803490482,14.900565019916973,10.389026137075234,16.14750598496181,23.753468474184253,22.436366243687143
2014-02-28,20695.48046875,21140.509765625,20637.30078125,21120.119140625,41900,20611.36804990588,20065.221764105056,19378.720301112295,58.12712816460905,4.599338351936034,235.5425918531073,291.2296346840278,-55.68704283092052,0.7855932885432737,5.638105785194177,14.91462305484073,10.643064971973882,15.886201282676756,27.06402443030208,21.054398973569167
2014-03-07,21079.26953125,21960.890625,20920.98046875,21919.7890625,163700,20735.979574914843,20137.949893453875,19429.038494407097,65.19978970080543,7.072661536196378,312.60727186482836,295.50516212018795,17.102109744640416,1.2058278964709133,7.3602640047014125,14.967727118652927,12.00579687207606,16.79058970603134,33.31186574706662,18.516181740822624
2014-03-14,21819.189453125,22023.98046875,21573.48046875,21809.80078125,56200,20838.24826123248,20203.51267336745,19476.182302067355,63.608369993316046,-1.5914197074893792,360.649112436804,308.53395218351113,52.115160253292856,1.0255554972485459,8.343796959175172,14.94981201068767,-10.936689829317784,17.70678143625035,32.28377639817248,17.53022665798217
2014-03-21,21849.650390625,22040.720703125,21704.66015625,21753.75,87800,20925.43890301986,20264.30629401971,19521.282652521466,62.76756791555015,-0.8408020777658933,389.7074823300936,324.76865821282763,64.938824117266,0.9420511176641688,8.999588823776506,14.921164992415681,-11.382828169079987,18.578944511730732,31.163762640823784,16.811093876210172
2014-03-28,21827.5,22363.970703125,21827.5,22339.970703125,47000,21060.15621731559,20345.704898298347,19577.09825748391,67.59248065806878,4.824912742518627,454.79694523275975,350.7743156168141,104.02262961594568,1.0975166266351692,10.635422699180875,14.936601954316751,10.757924157061597,19.796133526379997,32.783323270056876,15.562676149023908
2014-04-04,22423.140625,22620.650390625,22253.779296875,22359.5,52400,21183.903244237918,20424.677255227823,19632.19532169215,67.74245243689325,0.14997177882446522,502.1679846339066,381.0530494202326,121.11493521367402,1.0124421923177958,11.61783111209801,14.953536169440362,10.866680954096502,21.225541172720302,34.48902822378839,14.84873149255762
2014-04-11,22355.560546875,22792.490234375,22197.509765625,22628.9609375,33600,21321.527786453356,20511.11975257183,19691.537215074484,69.81787913923186,2.0754267023386177,555.0547941688892,415.85339836996394,139.20139579892526,1.0306336057757324,12.477789351964217,14.964245773073145,10.422311107413181,22.745468351392017,34.073074171240805,13.747266925244872
2014-04-18,22698.08984375,22737.310546875,22247.390625,22628.83984375,23800,21446.033696672086,20594.167599284698,19749.70162356311,69.81570523815051,-0.0021739010813490722,590.1552580448042,450.71377030493204,139.44148773987217,0.9556109076223843,13.522836717167067,14.956671669326283,-10.077482875583607,24.15682930301575,31.970107693710265,12.898795156711124
2014-04-25,22644.75,22939.310546875,22636.75,22688.0703125,32800,21564.322898179507,20676.281431175496,19807.887142155916,70.30278156733517,0.48707632918466004,615.6551431123153,483.70204486640876,131.95309824590652,0.9152523209546103,14.493262111985636,14.967095047533999,10.39821428171237,25.703777292812937,33.3076611495092,12.377441847382467
2014-05-02,22717.58984375,22721.359375,22284.9609375,22403.890625,30600,21644.28172930527,20744.030811325476,19859.293151717182,64.89223350357449,-5.410548063760686,605.9480678163491,508.15124945639684,97.79681835995223,0.7916430600186815,14.6723344208911,14.957374207850297,-10.328787967145063,26.125376397641485,31.38729466225303,16.31152661924727
2014-05-09,22412.80078125,23048.490234375,22277.0390625,22994.23046875,46000,21772.848275919052,20832.273935146048,19921.3711183911,70.04896311269357,5.156729609119083,638.5300554156202,534.2270106482415,104.30304476737865,0.9172707964662384,15.702219865952932,14.97195172084872,10.736418414365374,26.951180020159374,32.476967310976875,14.698227538336099
2014-05-16,23031.109375,25375.630859375,23008.650390625,24121.740234375,92700,21996.552271962475,20961.272613547186,20004.54674445019,76.99818482261168,6.949221709918106,746.7243568561826,576.7264798898298,169.9978769663528,1.0952933362547193,18.51789522708424,15.000698323075618,11.437134538982278,29.521294922729908,48.62108360784094,11.061297095101324
2014-05-23,24340.3203125,24745.859375,24107.990234375,24693.349609375,96200,22253.390113620808,21107.628574167884,20097.39432593385,79.58432342609176,2.58613860348008,868.5807613254983,635.0973361769635,233.48342514853482,1.0912092114990364,21.411027420876945,15.029681484222811,11.474195031610165,31.907830189402546,45.38189309211392,10.324381214511757
2014-05-30,24913.890625,25175.220703125,24163.619140625,24217.33984375,80500,22440.432945061682,21229.578035720122,20178.977405494563,72.29481806622566,-7.289505359866098,916.1816580384875,691.3142005492683,224.8674574892192,0.9277338869728876,22.49474923711186,15.00548615687509,-11.296024885689746,34.33512047730222,45.081733912286204,9.269658768090364
2014-06-06,24368.9609375,25419.140625,24270.19921875,25396.4609375,85900,22721.959420532,21392.98520833894,20282.29391107883,77.7350708314962,5.440252765270543,1037.0959332205894,760.4705470835326,276.6253861370568,1.0473055484146307,25.292558497528393,15.031283762886689,11.360950749348124,36.70241517616115,42.21668560344868,8.198145719458093
2014-06-13,25543.599609375,25735.869140625,25171.609375,25228.169921875,67800,22960.64613494562,21543.38460886977,20380.232049906477,75.45762319977428,-2.2774476317219268,1106.5856583051936,829.6935693278648,276.89208897732885,0.9470708310056748,26.975513174964604,15.010977590558927,-11.124332223082254,39.04255380554486,42.98507069900092,7.745444810895655
2014-06-20,25239.5,25609.279296875,25056.1796875,25105.509765625,60500,23164.918861676986,21683.07579148762,20473.80190566328,73.76138160293308,-1.6962415968411904,1138.633656567432,891.4815867757783,247.15206979165362,0.8822108218125826,27.182386251809,14.992502942162789,-11.010415172807951,40.9320688148777,40.61742316129747,8.468332504273182
2014-06-27,25108.08984375,25427.80078125,24878.66015625,25099.919921875,48000,23349.20467693394,21817.069678953794,20565.408203014005,73.68009563027258,-0.08128597266050974,1150.3206915271076,943.2494077260442,207.07128380106337,0.8473377502215854,26.575099844584997,14.977598615749026,-10.778977123006351,42.24524696182865,38.358379805193934,9.795282455228175
2014-07-04,25179.55078125,25999.080078125,25179.55078125,25962.060546875,45600,23598.048093118803,21979.6183404409,20672.272605862738,77.7523415555937,4.072245925321127,1215.1428834011858,997.6281028610725,217.5147805401133,0.940296442263375,26.39911049248525,14.991762978122107,10.727684925086583,43.797573202126024,40.60698107843057,8.920427547352073
2014-07-11,26039.669921875,26190.439453125,24978.330078125,25024.349609375,67600,23733.886332762253,22099.01956667361,20758.452348506544,65.82331521913956,-11.929026336454143,1177.2785671099264,1033.5581957108434,143.72037139908298,0.7649192694111248,24.916824336359877,14.970692513120543,-11.121378054821049,44.75118188122899,35.946173490259255,9.801977076495028
2014-07-18,25093.16015625,25713.400390625,24892.0,25641.560546875,59300,23915.569591249183,22237.942742367784,20855.147560355425,69.17556214253277,3.35224692339321,1183.4327124132396,1063.5330990513226,119.89961336191709,0.8392982650312011,24.133038937707617,14.989199706405726,10.990381448250039,45.42474444279073,33.167892740954635,9.856708628976468
2014-07-25,25776.5390625,26300.169921875,25677.7109375,26126.75,43200,24126.158201606402,22390.444987765128,20959.5357274771,71.53887165673953,2.3633095142067617,1213.4724953085642,1093.520978302771,119.95151700579322,0.8789731002855844,24.449466864359422,15.002469748078747,10.673618922112436,46.44757253440414,36.66672756085011,9.240035812365702
2014-08-01,26173.470703125,26181.830078125,25459.130859375,25480.83984375,38500,24255.17550085817,22511.636942901787,21049.06650205676,64.45416504679909,-7.08470660994044,1171.6535948526653,1109.14750161275,62.506093239915344,0.7447324911591658,23.50568746771564,14.990652004396857,-10.55843949396453,46.867365963435645,34.142478025988666,10.686078849708807
2014-08-08,25631.6796875,25928.3203125,25232.8203125,25329.140625,37600,24357.457893633582,22622.127283376227,21133.82044508534,62.879158302386685,-1.5750067444124056,1113.435959155282,1110.0051931212563,3.430766034025737,0.6980807568451631,21.9546926680891,14.978974131354326,-10.534785924769006,46.721438067413644,31.868696830843255,12.14143162800762
2014-08-15,25476.869140625,26135.0,25437.05078125,26103.23046875,33000,24523.721948406575,22758.641133783043,21232.22460396979,67.27376652564831,4.394608223261628,1116.885879302281,1111.3813303574611,5.504548944819817,0.8129090898306526,21.445952822033654,14.989230628333736,10.404293143019792,46.767973842459305,31.391351487201348,11.209890935814425
2014-08-22,26123.689453125,26530.669921875,26075.279296875,26419.55078125,40700,24704.277075344045,22902.206217997435,21334.943934212963,68.89431672820773,1.6205502025594143,1132.0942931860882,1115.5239229231865,16.570370262901633,0.8415843597431549,20.828924446314414,15.001737125173676,10.614007941153417,47.13803253195822,33.86690518208126,10.709828804726422
2014-08-29,26490.310546875,26674.380859375,26314.890625,26638.109375,32800,24888.451580073182,23048.7122241544,21439.957111258253,69.99971145115003,1.1053947229423073,1148.5432312781159,1122.1277845941725,26.4154466839434,0.8507537242799563,20.328433975977685,15.011703477314361,10.39821428171237,47.59454867818728,34.090130732788964,10.31851299841342
2014-09-05,26733.1796875,27225.849609375,26732.390625,27026.69921875,41400,25092.09421232812,23204.71171413854,21550.58566784225,71.91098311835745,1.9112716672074157,1179.340384198902,1133.5703045151186,45.77007968378348,0.8921666873063077,19.73719496784022,15.0241427902764,10.63106031411106,48.41564640592094,37.700945269867894,9.694824383484079
2014-09-12,27145.119140625,27354.990234375,26904.5,27061.0390625,36400,25279.612769487347,23355.940237603696,21659.703556845372,72.0802608763969,0.16927775803945622,1192.7687920092176,1145.4100020139385,47.35878999527904,0.8723419980079479,18.65220939002323,15.034953382088652,10.502351525774941,49.263692336839675,37.27162339924907,9.234111398655436
2014-09-19,26998.0703125,27247.169921875,26464.029296875,27090.419921875,37300,25452.070593524266,23502.39042130061,21767.24249476675,72.23443826545852,0.1541773890616156,1192.0405898505269,1154.7361195812562,37.30447026927072,0.8740571587063989,16.250898196125906,15.045911346300985,10.526775414924009,48.938939467828966,34.22658269873809,13.074766430035245
2014-09-26,27008.119140625,27256.869140625,26220.490234375,26626.3203125,48300,25563.903900093384,23624.89747585745,21863.46185749414,66.03157276744729,-6.202865498011235,1140.8633618860185,1151.9615680422087,-11.098206156190145,0.7567911576875547,13.72824976586264,15.031698749727187,-10.785207543360087,48.07215302902449,30.65706998613369,14.161920429558265
2014-10-03,26694.41015625,26851.330078125,26481.310546875,26567.990234375,22600,25659.531170024966,23740.312878152257,21956.620835254158,65.27291292380517,-0.7586598436421212,1083.1128395917658,1138.1918223521202,-55.07898276035439,0.7213324634967415,12.693930435190884,15.024978536128184,-10.025749432069084,47.267279907277484,29.47513925260407,13.615931885673712
2014-10-10,26487.509765625,26688.69921875,26150.08984375,26297.380859375,35500,25720.278759486875,23840.590053886484,22042.576479296153,61.72948909323664,-3.5434238305685284,1003.9364649784111,1111.3407508773785,-107.40428589896737,0.6200595737738751,12.057021049387071,15.014330408599331,-10.477316144080852,45.74402060770337,27.795303778043497,16.34466713917318
2014-10-17,26275.0703125,26550.7890625,25910.76953125,26108.529296875,38400,25757.255001142887,23929.528847729172,22123.090396475935,59.30969599984849,-2.4197930933881437,915.3977395408474,1072.1521486100723,-156.75440906922495,0.5339219498304025,10.404969861504595,15.002683328694495,-10.555838779903407,43.80611610303938,25.905945451611284,17.77538351228588
2014-10-24,26434.16015625,26818.330078125,26368.939453125,26787.23046875,23700,25855.347902819754,24041.595577965283,22215.449605827896,64.66981210976081,5.360116109912319,889.7393132132274,1035.6695815307035,-145.93026831747602,0.7573788927948071,10.440653294432792,15.009887771509343,10.073272520325904,42.38721562409398,26.790968792843866,16.440663487597885
2014-10-31,26959.5703125,27894.3203125,26726.83984375,27865.830078125,40000,26046.822395705967,24191.565558363705,22327.338328051603,71.16961330493429,6.499801195173475,945.5392122717822,1017.6435076789191,-72.10429540713699,1.0466876801804466,11.49579764718814,15.021930665200014,10.596659732783579,42.26981029766757,34.465149535899876,14.510667439809128
2014-11-07,27943.0390625,28010.390625,27739.560546875,27868.630859375,28700,26220.32796367445,24335.764197619053,22437.066893028303,71.18443796815461,0.014824663220323941,978.7051304114211,1009.8558322254196,-31.150701813998467,0.9790216140662489,11.978808105126532,15.030482944466831,10.264687244346277,42.266695579500556,34.704253122480246,14.097236458309009
2014-11-14,27919.44921875,28126.48046875,27764.75,28046.66015625,40500,26394.26436296736,24481.28952933007,22548.14794774556,72.1642314695088,0.9797935013541945,1007.7382565631488,1009.4323170929655,-1.6940605298167384,0.9729718498131068,12.309428682791419,15.04242839998021,10.609081944147828,42.37210072892719,34.601449373200374,13.542253744704013
2014-11-21,28018.6796875,28360.66015625,27915.23046875,28334.630859375,39600,26579.06117214904,24632.400954037716,22662.731767777826,73.72077586645067,1.5565443969418595,1041.972833067346,1015.9404202878417,26.032412779504398,0.9774002348969268,13.473313923002173,15.05397203157861,10.586609649448985,42.68671186919109,35.493172796101256,12.870338944639178
2014-11-28,28413.009765625,28822.369140625,28217.5,28693.990234375,55700,26780.48298759913,24791.678965031337,22782.162628502523,75.55759969346803,1.8368238270173691,1085.587305165307,1029.869797263335,55.71750790197211,1.0098152030380216,13.817270135408588,15.069986629688604,10.92775337907558,43.36948091995479,38.255930724203694,11.999657922563106
2014-12-05,28748.220703125,28809.640625,28370.73046875,28458.099609375,47700,26940.25599919683,24935.460166770306,22894.557420202967,72.00002522910683,-3.5575744643612097,1088.569336807126,1041.6097051720933,46.95963163503279,0.8969376383263127,14.13174713205428,15.05628798597163,-10.77270764101727,44.003480752806794,36.33507796359823,11.397148047348033
2014-12-12,28433.0,28494.849609375,27320.05078125,27350.6796875,49700,26979.343969511418,25030.174657779316,22982.79746509994,58.15614608220672,-13.843879146900107,990.1591474674424,1031.3195936311631,-41.160446163720735,0.5915404409568927,13.870865272991484,15.04181250114881,-10.813780332606648,42.27228465095699,31.74109143342222,21.26376228791075
2014-12-19,27136.279296875,27497.119140625,26469.419921875,27371.83984375,63000,27016.72452896271,25122.004665072283,23069.709195370237,58.32105082000686,0.1649047378001427,903.4612720164951,1005.7479293082296,-102.28665729173451,0.5773851956779713,12.85164675927592,15.060126428803803,11.050905878263567,39.323110980024936,28.362780420416073,27.810121494861008
2014-12-26,27479.869140625,27851.099609375,27146.51953125,27208.609375,26600,27034.99927620436,25203.832300755723,23151.667614768845,56.472194502208495,-1.848856317798365,812.2184971957649,967.0420428857367,-154.82354568997175,0.504005565367963,11.323886251180184,15.052434752705615,-10.188704088048116,37.04903118652624,29.956690773534262,25.783949833975832
2015-01-02,27478.30078125,27937.470703125,27312.2890625,27887.900390625,20000,27116.227953768226,25309.089872907458,23245.454402409563,61.8870810168825,5.414886514674002,785.6643985433875,930.7665140172669,-145.1021154738794,0.7032530022665564,10.862034501235796,15.058223479206388,9.90353755128617,35.049477401559685,28.597388550166674,23.848286749490324
2015-01-09,27978.4296875,28064.490234375,26776.119140625,27458.380859375,54800,27148.813944778394,25393.3757939454,23328.878688686105,57.0540375588669,-4.833043458015595,721.6427985474402,888.9417709233016,-167.29897237586147,0.5423225484946678,10.452317899145495,15.04228179180408,-10.911463720944793,32.69251601607792,25.02156891187002,26.06997662522953
2015-01-16,27523.859375,28194.609375,27203.25,28121.890625,54300,27241.48791432331,25500.376375555385,23423.789816137865,61.99197003208494,4.937932473218041,716.1891297281363,854.3912426842686,-138.20211295613228,0.7483694803127503,10.432295578258541,15.05807916869147,10.902297921958713,30.399766944794727,23.904664036156003,23.622339841681807
2015-01-23,28249.83984375,29408.73046875,28197.359375,29278.83984375,60400,27435.521431411566,25648.551413523805,23539.731400843055,68.74110469887745,6.749134666792507,796.046858163405,842.722365780096,-46.67550761669099,1.0377692126508837,11.854018380912326,15.07536290872773,11.008760940077243,29.738386022483166,32.07752075563389,20.881709598528104
2015-01-30,29451.650390625,29844.16015625,29070.48046875,29182.94921875,51000,27601.9431254438,25787.15524902287,23651.47828832636,67.66858235733176,-1.0725223415456924,841.8923008615384,842.5563527963844,-0.664051934846043,0.9392374022265794,12.7931230363949,15.060788727967802,-10.839600519357369,29.54067006240511,33.76857949365781,19.422698859999745
2015-02-06,29143.630859375,29277.830078125,28647.140625,28717.91015625,74600,27708.225699806295,25902.08681401217,23751.8036718496,62.56995087769245,-5.098631479639309,831.1197475525369,840.269031747615,-9.149284195078167,0.7779823447557802,13.061761870922552,15.039080380214937,-11.219909190927746,28.705507850239766,31.816981050961346,22.17947761301864
2015-02-13,28566.5,29154.669921875,28044.490234375,29094.9296875,71500,27840.292746253315,26027.29633846268,23857.608147407034,64.88029415111697,2.3103432734245217,843.2838949166835,840.8720043814288,2.4118905352546562,0.8435554150142847,13.17364624018526,15.059895961019443,11.177466714598282,27.09484973756986,28.675391663476113,25.3494626513697
2015-02-20,29170.76953125,29522.859375,29083.400390625,29231.41015625,44900,27972.780118633953,26152.94786072885,23964.020068374222,65.70551787413336,0.8252237230163928,854.0914677670335,843.5158970585499,10.57557070848361,0.8445688225000616,13.106700892443223,15.07274949435314,10.712215345197256,26.00998544057055,30.9012691441505,24.325550078537905
2015-02-27,29316.580078125,29362.9609375,28693.8203125,29220.119140625,54200,28091.574311204527,26273.229087391446,24068.101238121762,65.5682523006825,-0.1372655734508612,851.9249954743755,845.197716741715,6.727278732660466,0.8176490467886091,12.38074573058333,15.057212867992273,-10.900454637442037,24.480908955803038,28.98170850761656,26.431104038819832
2015-03-06,29533.419921875,30024.740234375,29162.470703125,29448.94921875,57900,28220.848111923144,26397.76713175845,24174.65268328272,67.06973322480647,1.5014809241239675,858.7733211869745,847.912837630767,10.860483556207555,0.8715134852246225,11.111457734702995,15.0738013626391,10.96648993456911,23.78785815620515,32.7726775202799,24.333424787404283
2015-03-13,29316.5390625,29321.060546875,28448.48046875,28503.30078125,58100,28247.74836614475,26480.337078797333,24260.368487202864,56.16893659697103,-10.90079662783544,778.915885392722,834.1134471831581,-55.19756179043611,0.5480597555328214,9.977320132094954,15.05715508791997,-10.969938154395841,22.240313095434296,29.815910996389817,28.57668733035929
2015-03-20,28546.310546875,28978.740234375,28209.66015625,28261.080078125,57100,28249.018053000014,26550.170137594498,24339.590498904294,53.75876918618652,-2.41016741078451,688.1505347588427,804.9208646982951,-116.77032993945238,0.454934266886057,9.84613909155,15.04052081511074,-10.9525769086256,20.77879247252287,27.743752252090648,28.748767956468757
2015-03-27,28317.2890625,28455.3203125,27248.44921875,27458.640625,61200,28173.74401223811,26585.796431218245,24401.35386773787,46.621630124467785,-7.1371390617187345,545.1836451552772,752.9734207896915,-207.78977563441435,0.18448290944915335,10.143987530029454,15.022379464534707,-11.021918808236205,20.418330265694927,24.827759282126667,34.09817708336373
2015-04-03,27655.7890625,28298.33984375,27624.759765625,28260.140625,30300,28181.972261072573,26651.456987837137,24477.76548669356,53.29189427938496,6.670264154917177,490.8969522162406,700.5581270750014,-209.66117485876077,0.45912939635663585,10.094373401293169,15.03140234812931,10.318935994253193,20.083615359354695,23.01523344377074,31.608873626610585
2015-04-10,28351.939453125,28907.810546875,28221.990234375,28879.380859375,51100,28248.39212757757,26738.826551426857,24564.926187142697,57.6908753171488,4.398981037763839,492.1684570464422,658.8801930692896,-166.7117360228474,0.6639266349721717,10.1998215690722,15.046437123872385,10.841559345471941,18.99091035977654,26.9886105966296,29.701662724656575
2015-04-17,28955.130859375,29094.609375,28403.759765625,28442.099609375,41300,28266.84045917732,26805.621573307177,24641.701898474028,53.83509988846983,-3.8557754286789745,452.6730581863849,617.6387660927087,-164.96570790632381,0.5174127468986855,10.162641404230106,15.034303302475333,-10.628641991731053,17.749659539913164,26.99170626316421,27.87695665711792
2015-04-24,28525.650390625,28539.4609375,27344.69921875,27437.939453125,74800,28187.897506219957,26830.418352907876,24697.072939160185,46.19911482329486,-7.635985065174964,336.4667582027323,561.4043645147135,-224.9376063119812,0.19916609347804184,10.590216626435918,15.011945322521912,-11.222586532857163,17.69343609935724,24.220449197753013,34.11574432542942
2015-05-01,27565.490234375,27567.279296875,26897.5390625,27011.310546875,42800,28075.84160532996,26837.512164436,24742.89942644167,43.383604309562934,-2.8155105137319296,207.55448212490955,490.63438803675274,-283.0799059118432,0.07710315881213305,10.958104526248137,14.99892375455662,-10.664316745782925,18.034105864691213,22.806864513453018,36.021332229749596
2015-05-08,27204.630859375,27603.7109375,26423.990234375,27105.390625,55100,27983.41770244139,26848.017202105177,24789.681430373515,44.19131780932869,0.8077134997657538,111.6945058787569,414.8464116051536,-303.1519057263967,0.1206552896219939,11.221866795579917,15.015656348606171,10.916923143796645,18.739443492584684,20.533542234585536,36.43194463671724
2015-05-15,27249.419921875,27544.240234375,26750.009765625,27324.0,55500,27920.61601649459,26866.683194179484,24839.865956504735,46.11502345018101,1.9237056408523259,52.756588524887775,342.4284469891005,-289.67185846421273,0.18461472013076144,11.11160884615186,15.03223205131209,10.92415631759022,19.394399861342908,19.149632110003644,33.976521385095424
2015-05-22,27416.970703125,28071.16015625,27370.279296875,27957.5,61000,27924.12877682844,26909.460323819505,24901.601284098702,51.348557915820535,5.233534465639522,56.514555401201505,285.2456686715207,-228.7311132703192,0.38459302683344837,11.085510383553235,15.050138941492731,11.0186455364637,19.243280277242462,22.433221408085938,31.80487294808313
2015-05-29,27893.25,27903.2890625,27354.349609375,27828.439453125,45500,27915.015507904303,26945.49872104717,24959.55847556457,50.27721097544857,-1.071346940371967,48.51936268576537,237.90040747436967,-189.3810447886043,0.3341373044473122,10.847711468849093,15.036812639258033,-10.725489582719506,19.118899052614815,21.25232024249665,30.269669606593926
2015-06-05,27770.7890625,27959.4296875,26551.970703125,26768.490234375,61600,27805.822624711036,26938.557211765907,24995.378906432103,42.444691169029475,-7.832519806419093,-42.85195803357783,181.7499343727802,-224.60189240635802,0.05334586220488408,11.89615215931636,15.018483162256882,-11.028433383156079,19.75581592841808,18.769378052104273,33.393672967631396
2015-06-12,26814.310546875,27000.140625,26307.0703125,26425.30078125,48200,27674.344353905224,26918.42950860842,25023.69419108196,40.257863292605094,-2.186827876424381,-141.3277701509105,117.13439346804205,-258.46216361895256,0.025864190964208646,12.766966395500395,15.00390291503397,-10.783135046711445,20.554285987833484,17.674338853384445,33.50696710589805
2015-06-19,26498.669921875,27404.599609375,26307.83984375,27316.169921875,65700,27640.23250323568,26934.02717187378,25069.089750107563,47.77926629185005,7.521402999244955,-145.80412717131912,64.54668934016982,-210.35081651148894,0.29591753840228313,12.557385910236595,15.023724655277816,11.092869425057021,20.670510265865772,19.41097329950273,30.476790692783457
2015-06-26,27427.189453125,27968.75,27417.029296875,27811.83984375,45800,27656.576059475137,26968.45119822187,25123.401633149988,51.4422892868232,3.663022994973147,-108.1090384517338,30.015543781789102,-138.1245822335229,0.4488223272341955,12.390269950567898,15.037313751885915,10.732061203925053,19.982041114917475,23.082934087482833,28.807451396872686
2015-07-03,27451.0703125,28135.4296875,27209.189453125,28092.7890625,51600,27698.120155001314,27012.54287917395,25182.201384226224,53.436020953597804,1.9937316667746074,-54.931933959735034,13.026048233484277,-67.95798219321931,0.546268314826455,11.880132063690937,15.052405724716536,10.851296331126829,19.5647869780704,21.299643062551464,28.31545810773114
2015-07-10,27857.19921875,28335.23046875,27530.900390625,27661.400390625,49000,27694.62303458452,27037.988271779876,25231.29443385788,50.03867410451177,-3.397346849086034,-47.05572695506271,1.0096931957748794,-48.06542015083759,0.43582044609451376,11.146747228286568,15.038079674044987,-10.799595985047786,18.89272335805916,21.53823593320543,26.407561388394722
2015-07-17,27739.3203125,28576.3203125,27635.060546875,28463.310546875,36500,27767.831369088377,27093.883262960077,25295.294752927526,55.67960822913711,5.640934124625339,23.6213790537804,5.5320303673759845,18.089348686404417,0.7205294621826057,10.437770765114239,15.048770574256396,10.505094936455558,17.92721811388929,21.857208807193064,24.34064363408661
2015-07-24,28544.279296875,28578.330078125,28070.91015625,28112.310546875,46000,27800.638909829962,27133.821587819486,25351.077243896783,52.86602469859627,-2.813583530540839,50.72599055297178,14.570822404495146,36.15516814847663,0.6417836454153609,9.053034583643395,15.03527826348765,-10.736418414365374,17.027746388515048,20.92440314759101,23.282680397076902
2015-07-31,28117.650390625,28161.169921875,27416.390625,28114.560546875,54300,27830.536208596157,27172.281939154997,25405.799685539918,52.88246108434479,0.01643638574851991,71.56321049618055,25.96930002283223,45.593910473348316,0.654764175979791,8.804756421511794,15.051185787659215,10.902297921958713,17.005071868301382,19.57922796373767,27.435537832669393
2015-08-07,28089.08984375,28359.9609375,27866.119140625,28236.390625,51400,27869.18901015843,27214.011691541076,25461.8509912718,53.8214685832434,0.9390074988986115,96.7917712651215,40.133794271290085,56.65797699383141,0.7055055273619532,8.790183545546041,15.066014118776511,10.847412906506923,16.668746287209753,20.48666909268827,26.231357669267467
2015-08-14,28250.779296875,28417.58984375,27479.4296875,28067.310546875,70700,27888.05772794096,27247.47439175025,25513.444249798595,52.2647227427903,-1.5567458404531038,101.96682807110119,52.50040103125231,49.46642703984888,0.6235449294450116,8.78945583697641,15.0455606742783,-11.166214996056205,16.816308788570087,18.798645999311038,27.46618731957397
2015-08-21,28093.5390625,28095.970703125,27131.439453125,27366.0703125,63400,27838.344640756106,27252.125212171806,25550.12991440654,46.28523825529399,-5.979484487496308,48.91995270602638,51.78431136620713,-2.8643586601807485,0.3532911784598531,8.729677863245067,15.026856414415887,-11.05723491317159,17.33886357254663,17.227046575449734,28.186207441931764
2015-08-28,26730.400390625,26730.400390625,25298.419921875,26392.380859375,91300,27700.633804434096,27218.409747356243,25566.808150940567,39.52362687541605,-6.761611379877941,-70.87171459801903,27.253106173361896,-98.12482077138093,0.0061702912335789015,8.837400429427532,14.99929116512154,-11.421917019425596,19.307086185362657,14.440087430894385,37.96829724547006
2015-09-04,26469.419921875,26504.73046875,25119.060546875,25201.900390625,65600,27462.659193595133,27139.33094905306,25559.582254696696,33.14764746113033,-6.375979414285716,-258.8850330459354,-29.974521670497566,-228.91051137543786,-0.22273762228952163,11.260976657351598,14.979005371094026,-11.091346218718432,21.24504675816908,12.930362457995434,35.351969871746846
2015-09-11,25302.98046875,25875.9609375,24833.5390625,25610.2109375,66200,27286.2355501575,27079.36545840392,25560.584802871017,36.90709187663398,3.759444415503644,-370.66687671685577,-98.1129926797692,-272.55388403708656,0.0012204524487518698,12.707904608473623,14.999474819794951,11.10045084755119,23.2199879677008,11.920652897648356,34.73024944151473
2015-09-18,25706.869140625,26471.8203125,25531.0703125,26218.91015625,86200,27184.5855126425,27045.622113221416,25573.620948482483,42.131598553270216,5.2245066766362385,-405.46391767878595,-159.58317767957254,-245.8807399992134,0.19880170423495766,13.19120855204075,15.0255154327178,11.364437057512568,24.06035989875642,15.547658251069112,32.280396456353486
2015-09-25,26107.98046875,26339.099609375,25386.48046875,25863.5,45200,27058.767844771788,26999.264383291164,25579.36112772045,40.046433853423025,-2.0851646998471907,-456.4576925187139,-218.95808064740083,-237.49961187131305,0.13856172072404688,13.996702142382967,15.011945322521912,-10.718874489469398,24.95136951604449,14.437098807870608,31.05879286874846
2015-10-02,25922.7109375,26431.80078125,25287.330078125,26220.94921875,70900,26978.975594674477,26968.742219975826,25592.065842394302,43.09670897669341,3.0502751232703815,-462.6938155554817,-267.70522762901703,-194.98858792646467,0.2532989351850889,14.396105941497716,15.033149848982012,11.16903981679311,25.85713230960158,13.215752613199374,29.164195170930203
2015-10-09,26379.419921875,27200.439453125,26375.310546875,27079.509765625,75800,26988.550277622144,26973.0860452954,25621.52017750778,49.71443233022195,6.617723353528547,-393.8176425081547,-292.9277106048446,-100.88993190331007,0.48361516900631624,14.183416651643022,15.055333304619467,11.235866764155578,25.457909153110876,17.935975000432073,27.054685780101707
2015-10-16,27242.599609375,27305.0390625,26713.279296875,27214.599609375,63000,27010.07878540813,26982.557165455386,25653.06630487149,50.6862300665766,0.9717977363546453,-324.5904807330917,-299.260264630494,-25.33021610259766,0.5270337370893156,14.012739985258099,15.073403488532016,11.050905878263567,24.931250534290914,17.92429136997468,25.838690274075756
2015-10-23,27305.619140625,27555.060546875,27190.55078125,27470.810546875,37000,27053.958000785926,27001.704356883605,25689.061240356707,52.55884063160001,1.8726105650234146,-246.21515976137016,-288.6512436566693,42.436083895299134,0.5852626404140986,13.98927241076361,15.083865902513391,10.518700218288165,24.06565411977716,19.39119868270101,25.090608477541522
2015-10-30,27575.0390625,27618.140625,26585.19921875,26656.830078125,55800,27016.13629386584,26988.17987536366,25708.224979718456,46.51548908437099,-6.0433515472290225,-246.9370378774147,-280.3084025008184,33.37136462340368,0.36682708339572306,13.873015803487482,15.068045214684206,-10.929547069355774,23.911239193085674,17.816983919362546,27.81134170740668
2015-11-06,26641.689453125,26824.30078125,26190.1796875,26265.240234375,53200,26944.622383438138,26959.829301207243,25719.25498476116,43.900307994429205,-2.6151810899417853,-275.92645085576805,-279.4320121718083,3.5055613160402572,0.28122300903413255,14.178342668423793,15.052724986261497,-10.881832472145556,24.148694466291893,16.909435844763372,29.56779442157555
2015-11-13,25809.0,26193.169921875,25540.73046875,25610.529296875,37600,26817.56589900355,26906.915575547155,25717.10200084262,39.86481338805822,-4.035494606370989,-347.7221460569781,-293.0900389488423,-54.63210710813581,0.15328046965156608,14.801727015379807,15.041753824328689,-10.534785924769006,24.92970047672215,15.912147000564861,33.11073679027945
2015-11-20,25580.150390625,26058.759765625,25451.419921875,25868.490234375,58000,26727.177740467498,26866.193013148248,25720.09978764524,42.12232160642841,2.257508218370191,-379.43160858148985,-310.3583528753718,-69.07325570611806,0.24452062888785464,14.796101716212053,15.058627437891525,10.968215530759236,25.727813488375464,15.107761601459845,32.180306473493836
2015-11-27,25945.140625,26184.650390625,25703.859375,26128.19921875,36400,26670.13216697059,26837.252080034592,25728.1809644988,44.38593887056483,2.263617264136421,-379.23367182198854,-324.1334166646952,-55.10025515729336,0.32843569773563314,14.782674101865162,15.069073492116063,10.502351525774941,26.24233469789207,15.565391971732796,30.85073947037053
2015-12-04,26142.529296875,26256.419921875,25623.7109375,25638.109375,49400,26571.84428202101,26790.226875915592,25726.39736866714,41.11783712241023,-3.2681017481545993,-413.8523280295376,-342.0771989376637,-71.77512909187391,0.227855191047133,14.175236473432932,15.054870100530124,-10.807725945886109,26.79545425567999,14.704398876239711,29.84494147922651
2015-12-11,25746.029296875,25785.529296875,24930.4296875,25044.4296875,58700,26426.376225399963,26721.76424107577,25712.89305814898,37.514457639724185,-3.6033794826860444,-483.61800436844715,-370.38536002382045,-113.23264434462669,0.11216371164852075,14.286049861539258,15.037726244404288,-10.980212041446208,27.91164687505443,13.608787741297961,33.66212619654531
2015-12-18,24935.599609375,25831.310546875,24867.73046875,25519.220703125,65200,26339.980461373776,26674.605670960053,25709.05796200989,41.89969530048994,4.385237660765753,-494.8913392351933,-395.286555866095,-99.6047833690983,0.25854006501118165,13.56950169896185,15.056750533907792,11.08523008522044,28.99867069871808,12.480316372142104,31.410353830949056
2015-12-25,25425.3203125,25922.470703125,25413.5390625,25838.7109375,28000,26292.24050671913,26641.825485334168,25711.62534766316,44.71151864056728,2.811823340077339,-472.5975362976278,-410.74875195240156,-61.84878434522625,0.36610404553201054,12.087889900980826,15.06481068058068,10.239995502805316,29.81497620778213,12.724969894879568,29.99558723766552
2016-01-01,25858.51953125,26147.630859375,25856.859375,26117.5390625,25600,26275.602273936354,26621.265233458318,25719.663243006464,47.11693316200849,2.405414521441216,-427.50245523488775,-414.09949260889886,-13.402962625988891,0.4820017206771147,10.355265694737536,15.072123534230828,10.150386692204734,30.093209289780418,14.445641022457151,29.13768431185133
2016-01-08,26116.51953125,26116.51953125,24825.69921875,24934.330078125,60500,26147.862064811463,26555.11091364133,25704.11209122663,39.30268721380942,-7.814245948199073,-481.6867699052782,-427.61694806817474,-54.06982183710346,0.08525986657979198,10.279683959722133,15.054754265975332,-11.010415172807951,31.255344765420976,12.797301659843734,34.9209784016956
2016-01-15,24787.109375,25018.4609375,24387.689453125,24455.0390625,62500,25986.640826496085,26472.75515477304,25679.377971845905,36.65102215635428,-2.6516650574551406,-556.883601507092,-453.4702787559582,-103.41332275113376,0.0008081242251204571,11.52488828473052,15.03648825604774,-11.042937835596494,32.642126544112806,12.072915675910517,36.87493175493161
2016-01-22,24400.779296875,24563.33984375,23839.759765625,24435.66015625,59100,25838.928381710746,26392.869076399587,25654.74989628955,36.54366692764751,-0.10735522870677272,-610.9981418474636,-484.97585137425926,-126.0222904732043,0.04083592607223772,12.388956603483386,15.0189034941992,-10.987003123724813,34.27382590340535,11.283858462980827,39.41406834160691
2016-01-29,24540.970703125,24911.900390625,24340.060546875,24870.689453125,38200,25746.715150416865,26333.175757839803,25639.223946919956,40.7400246579581,4.196357730310595,-611.7294401771287,-510.32656913483316,-101.40287104229554,0.19892620681446724,12.861785745410112,15.03030489769288,10.5506169722625,35.09278053993149,13.901177026094539,37.33719274697853
2016-02-05,24982.220703125,25002.3203125,24187.5390625,24616.970703125,60600,25639.12044115097,26265.87359883138,25618.981308428967,39.115360462323736,-1.6246641956343666,-625.5707914020531,-533.3754135882772,-92.19537781377596,0.1625701102810796,13.50657202779771,15.012156889109809,-11.01206667357142,35.964442405660584,12.861270313956897,35.94444348523781
2016-02-12,24637.41015625,24698.94921875,22600.390625,22986.119140625,90900,25386.453650624688,26137.255776940932,25566.845423918,30.65345287720885,-8.461907585114886,-759.3825639697061,-578.5768436645631,-180.80572030514304,-0.12579439172222112,16.587884075539197,14.984301991995945,-11.417526281205168,37.689786012113345,10.651199946726361,42.764047861697165
2016-02-19,23223.4296875,23774.48046875,22920.83984375,23709.150390625,86500,25226.71048300567,26042.03595786972,25530.05938365477,37.14554025756482,6.492087380355969,-797.8892084147956,-622.4393166146097,-175.44989180018592,0.1003205574019366,17.781144891848,15.010826297807467,11.367911253546788,39.29189078953376,9.905542818597436,39.770270890538
2016-02-26,23783.470703125,23855.0390625,22948.099609375,23154.30078125,67600,25029.338130457512,25928.791441139536,25483.014658854674,34.47803707111396,-2.6675031864508583,-863.2269846291529,-670.5968502175183,-192.63013441163457,0.04231477541716221,18.741441522227063,14.990157841836353,-11.121378054821049,40.61806542814751,9.829672331928842,36.82094055787046
2016-03-04,23238.5,24719.05078125,22494.609375,24646.48046875,134400,24992.87549600918,25878.504736339946,25466.449625387257,45.75922160917794,11.281184538063982,-785.5459284195604,-693.5866658579267,-91.95926256163364,0.37593250641621373,17.65226817911429,15.030838942940983,11.808583147519697,40.268415164088076,14.581743519045142,30.78980411851701
2016-03-11,24655.189453125,24820.759765625,24451.599609375,24717.990234375,67100,24966.695947282115,25832.99436371387,25451.628647347407,46.23694952550057,0.47772791632262823,-710.0281289642444,-696.8749584791904,-13.153170485054034,0.4130510196603949,15.727895680180342,15.050546178566472,11.11395422597838,39.77441665536025,14.95062088724863,29.91409733905428
2016-03-18,24801.69921875,24986.939453125,24354.55078125,24952.740234375,81900,24965.366831767155,25798.474593935876,25441.749668872708,47.86043004375486,1.62348051825429,-624.0437774939601,-682.3087222821443,58.264944788184266,0.49378116376983217,14.651657435441795,15.074085461540383,11.313266479778829,39.03170156605721,15.51533585316397,28.422772769498174
2016-03-25,25007.560546875,25381.330078125,24988.26953125,25337.560546875,33900,25000.813852253617,25780.399533266824,25439.68651794206,50.49926308811069,2.6388330443558274,-518.867593692521,-649.6204965642197,130.75290287169867,0.6172734217159128,13.971076853084345,15.083668977413778,10.431199791458543,37.68768133717787,18.20134785129727,27.424880869993512
2016-04-01,25417.109375,25479.619140625,24835.560546875,25269.640625,54700,25026.416402038987,25760.369772158323,25436.31927253727,50.018096456498505,-0.481166631612183,-435.9696931008839,-606.8903358715526,170.92064277066868,0.603886528222198,13.8163894312574,15.068159519961148,-10.909637269778615,36.60310443138575,17.222785219850252,27.22517947171855
2016-04-08,25333.98046875,25424.150390625,24608.509765625,24673.83984375,61800,24992.83768220194,25717.760755358,25421.220669987026,45.88766871035067,-4.130427746147838,-413.5811473456015,-568.2284981663623,154.64735082076083,0.4464328641754431,13.407978689180942,15.050342580759857,-11.031674824544641,35.839032910108585,16.0462200849371,27.266983197783574
2016-04-15,24789.400390625,25671.5,24523.19921875,25626.75,52000,25053.210283896995,25714.191706128273,25425.290557710057,52.62587960956042,6.738210899209754,-315.3114634507765,-517.6450912232452,202.33362777246873,0.7494623875441839,12.908541192538877,15.065355272495598,10.859018228147887,34.68898834126749,16.561878683120263,24.707870559817607
2016-04-22,25833.16015625,26080.0703125,25634.119140625,25838.140625,51300,25127.965554478236,25719.052448044815,25433.465806567285,53.994480274835944,1.3686006652755225,-217.8631830380109,-457.6887095861984,239.8255265481875,0.8079849522188608,13.08418819340853,15.079948253703364,10.84546552414626,32.93554415815761,19.384642822733138,23.75982386095502
2016-04-29,25891.029296875,26100.5390625,25424.029296875,25606.619140625,59800,25173.55161030174,25714.643298734234,25436.89458545952,52.215285465593816,-1.779194809242128,-157.50099419709295,-397.65116650837734,240.1501723112844,0.72362120834581,13.330716910495424,15.062916632460656,-10.998777662206932,31.580135175773854,18.258696329635722,24.1835579546141
2016-05-06,25565.439453125,25705.9609375,25057.9296875,25228.5,57100,25178.784790273003,25695.578855646618,25432.767960004872,49.35488817983751,-2.8603972857563065,-138.57714812717313,-345.83636283213656,207.25921470496343,0.6151987917066032,13.192091539835769,15.046378717791828,-10.9525769086256,30.775502021677614,17.22649719704131,26.010136514858
2016-05-13,25321.830078125,25827.029296875,25302.859375,25489.5703125,53800,25208.38341143748,25687.50008924871,25433.892759064183,51.33705674033902,1.9821685605015134,-101.34542444701219,-296.9381751551117,195.59275070809952,0.7045766705983092,12.916261402597723,15.061968261417888,10.893047333337728,29.80806172122589,17.386267565261615,24.62544823721209
2016-05-20,25528.80078125,25927.310546875,25251.900390625,25301.900390625,62100,25217.289790407718,25672.37853243994,25431.27904879806,49.827349618631196,-1.5097071217078266,-85.99115693324347,-254.74877151073807,168.7576145774946,0.6686639998936076,12.179511788916244,15.043951852205996,-11.036517370851499,28.722545939771273,17.23199789713766,23.12909256146323
2016-05-27,25447.720703125,26677.4296875,25181.470703125,26653.599609375,66200,25354.081201737936,25710.85779035896,25455.48341633424,59.146233723435984,9.318884104804788,34.8463539471486,-196.82974641916076,231.67610036630936,1.017733528582033,13.780840604961886,15.063146405207805,11.10045084755119,26.876486802480166,21.398257499569144,20.201144026597046
2016-06-03,26694.75,27008.140625,26561.580078125,26843.029296875,78800,25495.885782227182,25755.256672967436,25482.95957238455,60.260207895076164,1.11397417164018,144.23370815318776,-128.61705550469105,272.8507636578788,0.9850378370631172,15.217098017551553,15.08552416069401,11.274680966120778,25.630935754480166,23.457463493320883,19.411189063111927
2016-06-10,26897.83984375,27105.41015625,26620.5,26635.75,56200,25604.444279157928,25789.785823047147,25505.787105604653,58.38421564902041,-1.8759922460557519,211.75726160489285,-60.54219208277427,272.2994536876671,0.879939004021369,16.015341991822247,15.069615768107296,-10.936689829317784,24.609867544444104,23.30886361664069,18.56235078544213
2016-06-17,26468.26953125,26752.58984375,26262.26953125,26625.91015625,51100,25701.72674364289,25822.57501258451,25527.967760072876,58.29144252632199,-0.09277312269842497,261.462197581528,3.8586858500861894,257.6035117314418,0.8385626260801725,16.765842775740314,15.054928012776292,-10.841559345471941,23.051653086069884,22.24938053058325,21.039514304874594
2016-06-24,26497.109375,27060.98046875,25911.330078125,26397.7109375,57900,25768.01095258166,25845.1293625812,25545.19039724965,56.06639155116094,-2.2250509751610466,279.2212587731228,58.931200434693515,220.2900583384293,0.758019915806271,17.059325745205083,15.038020777778668,-10.96648993456911,21.755238670921123,19.958646807076867,22.016190925211095
2016-07-01,26347.810546875,27243.359375,26262.720703125,27144.91015625,52700,25899.144210073882,25896.10115841135,25576.868016239758,61.278297238055174,5.211905686894234,349.55868019077025,117.05669638590886,232.50198380486137,0.9073033705440452,15.912196610495268,15.053421203307426,10.872389709681492,20.250063387788344,19.841077846155265,20.113884216833878
2016-07-08,27314.439453125,27385.66015625,27034.140625,27126.900390625,41400,26016.07337012637,25944.367794968748,25607.561726623622,61.09018050982524,-0.18811672822993586,399.2460953804839,173.49457618482387,225.75151919566002,0.8707351233235087,15.379939564061997,15.041342990156416,-10.63106031411106,18.989954957912353,20.507324192696053,19.46463743845847
2016-07-15,27358.23046875,28048.69921875,27358.23046875,27836.5,80500,26189.44733487624,26018.56905791115,25651.69911817563,65.574449096064,4.484268586238763,490.2314055176648,236.84194205139207,253.38946346627276,1.0288065550422774,14.157105487814153,15.06469599185007,11.296024885689746,18.800156627667047,24.803115096968348,17.83854695575912
2016-07-22,27920.66015625,28013.5,27637.98046875,27803.240234375,71500,26343.141896733265,26088.556162870518,25694.303892753836,65.19518787224024,-0.37926122382376093,553.2763093015747,300.12881550142856,253.1474938001461,0.9558969694919813,14.712962382596336,15.043981126630602,-11.177466714598282,18.623915321010692,23.926208506195536,17.207870553454015
2016-07-29,27753.9609375,28240.19921875,27736.509765625,28051.859375,62900,26505.87689466343,26165.54844569913,25740.988159729008,66.74357452513087,1.5483866528906276,616.1981874806916,363.34268989728116,252.8554975834104,0.9572856214446475,15.258261141176677,15.062226997276182,11.049317340813348,18.776534662968576,24.950521613691762,16.371771392224467
2016-08-05,28083.080078125,28284.849609375,27627.970703125,28078.349609375,63900,26655.636200826437,26240.56025603936,25787.272544870513,66.91247866052163,0.1689041353907612,660.5869348078595,422.79153887939685,237.79539592846265,0.9112496092201,15.669353602012318,15.080428215180142,11.065090289695444,18.68913443590926,23.35666712158243,16.3814607612327
2016-08-12,28181.919921875,28289.9609375,27697.330078125,28152.400390625,80800,26798.185171283443,26315.534378964287,25834.10675963793,67.41075192210664,0.4982732615850125,693.7435719894493,476.9819455014074,216.76162648804188,0.8805420347577092,16.183058213343436,15.102978840745882,11.299744620670225,18.615899492182393,22.04213405762899,15.424147986301756
2016-08-19,28190.0390625,28214.169921875,27942.650390625,28077.0,54300,26919.97705973264,26384.61146214216,25878.52048716985,66.31566619283537,-1.0950857292712755,705.8002386546359,522.7456041320531,183.05463452258277,0.826938345077182,16.261671633338306,15.087880336265501,-10.902297921958713,18.547895615864586,21.42438638614646,14.991874437913541
2016-08-26,28088.0703125,28154.2109375,27696.990234375,27782.25,48900,27002.098292139057,26439.420816567956,25916.2181012853,62.07073424682107,-4.244931946014297,683.6902169404129,554.934526693725,128.7556902466879,0.739846326053169,15.03859108414084,15.074085461540383,-10.797553125151618,17.898485961320034,20.388181889859737,16.865421389520304
2016-09-02,27827.259765625,28581.580078125,27698.7109375,28532.109375,61600,27147.81363336391,26521.487034545684,25968.01792848757,67.73004620282596,5.659311956004892,718.3940507319458,587.6264315013692,130.76761923057654,0.8795097470293145,15.362028436232416,15.091432140776401,11.028433383156079,18.042976850825575,22.94865287265497,15.324183886505333
2016-09-09,28631.26953125,29077.279296875,28631.26953125,28797.25,64700,27304.902811138774,26610.732641034087,26024.04232594326,69.46492569436437,1.7348794915384076,758.5476564007331,621.810676481242,136.7369799194911,0.8927326301866595,15.864495763329273,15.109333481236538,11.07753193632009,18.898767800793017,26.842985734399782,14.446276834111968
2016-09-16,28481.08984375,28778.640625,28251.310546875,28599.029296875,48200,27428.152952637465,26688.705058910204,26075.03216695181,66.58294294787859,-2.8819827464857752,765.5501385825337,650.5585689015004,114.9915696810333,0.815141215198794,15.612662285630135,15.096027927823524,-10.783135046711445,18.8174501690737,25.281048623068603,17.655397911175307
2016-09-23,28626.599609375,28871.919921875,28462.330078125,28668.220703125,56900,27546.254643160086,26766.333123389217,26126.38243499484,67.09611245407035,0.5131695061917583,767.8317380716071,674.0132027355218,93.81853533608535,0.8102264848635117,14.552559381345844,15.111716357870314,10.949068194652432,18.884859484404238,25.168468437785744,16.862627640455532
2016-09-30,28630.919921875,28630.919921875,27716.779296875,27865.9609375,60300,27576.70286166865,26809.455782766112,26160.82953405435,56.3003926631424,-10.795719790927954,696.8711667602402,678.5847955404654,18.286371219774765,0.5885113268189854,13.01142584270113,15.095082643318438,-11.007103966325696,17.605662622484736,22.626843987102273,23.07292095450098
2016-10-07,27997.2890625,28477.650390625,27919.890625,28061.140625,62300,27622.83979150973,26858.541462853715,26198.45945664733,58.06807153627371,1.7676788731313167,648.9036153993657,672.6485595122455,-23.744944112879807,0.6268487658897495,10.662945181053002,15.112263343840908,11.03973275601109,16.417836964988055,21.148206343330088,21.56513270552767
2016-10-14,28144.279296875,28216.640625,27548.1796875,27673.599609375,32800,27627.674059877852,26890.504527423178,26227.670152740946,53.445293499416564,-4.622778036857149,573.0123347060944,652.7213145510152,-79.7089798449208,0.47709392652432736,10.081900954460796,15.103254771247363,-10.39821428171237,15.958586469555597,19.63790807793757,23.996229771632475
2016-10-21,27776.140625,28212.5,27488.30078125,28077.1796875,68300,27670.484119651388,26937.040808210506,26264.29410392429,57.26109487913027,3.8158013797137045,539.2177211961935,630.0205958800509,-90.80287468385745,0.603454603353274,9.659902826797428,15.121922886001775,11.131679686740132,15.63207345338218,18.127501604450362,22.786550059687936
2016-10-28,28156.58984375,28256.650390625,27665.599609375,27941.509765625,65100,27696.29608593459,26976.431747716957,26297.506295245097,55.610953896477774,-1.6501409826524949,495.77285677310283,603.1710480586613,-107.39819128555848,0.5311801335193812,8.846238407952644,15.104137237555122,-11.083695189061785,15.231883611922475,17.452656230687193,21.34370451594247
2016-11-04,27966.1796875,28029.80078125,27193.609375,27274.150390625,58200,27656.091734000347,26988.106988615313,26316.845782282322,48.24580054273529,-7.365153353742485,402.84837915645403,563.10651427822,-160.25813512176592,0.22445708678041948,8.103633379800469,15.087964382803799,-10.971657815702502,15.651273743775054,15.917083640167162,24.432114263187028
2016-11-11,27552.26953125,27743.4609375,25902.44921875,26818.8203125,76300,27576.35159861936,26981.468295434322,26326.785871989603,43.96720203092953,-4.278598511805761,289.1308092171239,508.3113732660007,-219.18056404887682,-0.034168995339070654,7.371415558037367,15.066357692421036,-11.242441323346558,17.54037083539625,13.169695143765397,32.320405805963176
2016-11-18,26809.609375,26809.609375,26106.779296875,26150.240234375,51200,27440.531468691326,26948.87111656925,26323.28991876951,38.559801017948196,-5.407401012981332,143.406885690958,435.33047575099215,-291.92359006003414,-0.1890430308482766,8.947500614794674,15.05159259872811,-10.843514342086866,19.29453242047307,12.286383822261218,30.15262742898746
2016-11-25,26246.69921875,26343.94921875,25717.9296875,26316.33984375,47000,27333.465599649295,26924.065968615556,26323.152293521598,40.517076330985326,1.9572753130371296,40.85156532069959,356.43469366493366,-315.58312834423407,-0.04547104294506998,9.957762382606344,15.065154667872594,10.757924157061597,21.27511583875087,11.552731478178607,32.06116178721911
2016-12-02,26303.51953125,26769.3203125,26182.9296875,26230.66015625,49200,27228.436509801744,26896.873583816905,26321.320766050874,39.81252446809023,-0.7045518628950944,-46.798436426030094,275.78806764674096,-322.58650407277105,0.010834496248801272,11.175778372835975,15.050953249865689,-10.803669227477098,22.157923906246662,15.017634473060685,30.239670475353314
2016-12-09,26253.48046875,26803.759765625,26125.349609375,26747.1796875,48900,27182.60252672539,26891.00323494173,26329.753615980557,45.91802115201698,6.105496683926752,-73.73293745066621,205.88386662725955,-279.61680407792574,0.20573903554468262,11.627514119809785,15.06506868214216,10.797553125151618,23.039777832306875,14.024890341060301,28.801738470915705
2016-12-16,26725.310546875,26737.859375,26407.580078125,26489.560546875,45700,27116.5985286444,26875.260384429308,26332.918109661634,43.54537502539801,-2.3726461266189744,-114.54601998477665,141.7978893048523,-256.343909289629,0.16518752062697487,12.189470779154792,15.051883076772771,-10.729875458480967,23.858642192219936,13.542290205089355,27.810663135262658
2016-12-23,26505.66015625,26505.66015625,25872.380859375,26040.69921875,35900,27014.131927702078,26842.53249557914,26327.131596970314,39.6966053541218,-3.8487696712762087,-181.0233157239236,77.23364829909713,-258.2569640230207,0.09089077359217909,13.095189686053018,15.041401691087223,-10.488520429241627,25.197951932735116,12.66695765939897,31.475688146326913
2016-12-30,25992.41015625,26678.599609375,25753.740234375,26626.4609375,37900,26977.210881016163,26834.059101144663,26333.05891064417,46.35954417036474,6.662938816242942,-184.3162927620142,24.92366008687486,-209.23995284888906,0.2764623491284662,13.23882066095893,15.052463779852095,10.542732775946709,26.021049929768402,13.223583314458024,28.57117007678526
2017-01-06,26711.150390625,27009.609375,26447.060546875,26759.23046875,43500,26956.450841752718,26831.124644972326,26341.497951398742,47.76825141930799,1.4087072489432444,-174.20448831593967,-14.901969593688047,-159.30251872225162,0.33098084913835185,13.25733115152708,15.06501135421407,10.680539205318292,26.0194667353322,15.82380782741101,26.94259608911293
2017-01-13,26860.810546875,27459.75,26701.1796875,27238.060546875,48900,26983.270813669125,26847.082915635176,26359.25166616065,52.60272658159996,4.834475162291973,-126.09962688165251,-37.14150105128094,-88.95812583037157,0.4702800463391618,13.204030597640399,15.078931103619103,10.797553125151618,25.09080449882953,19.15054867348414,24.882910431900005
2017-01-20,27238.349609375,27422.669921875,27009.810546875,27034.5,49800,26988.149783795878,26854.43260521811,26372.622920296082,50.464292694406694,-2.1384338871932655,-103.21204827921247,-50.35561049686725,-52.85643778234522,0.43158429366404705,12.648650784929943,15.064753337859562,-10.815790343132422,24.22847527921991,18.329257113670767,23.815780467649557
2017-01-27,26990.9296875,27980.390625,26963.580078125,27882.4609375,39900,27073.322274624843,26894.747441778185,26402.52070281497,58.10474889953013,7.640456205123435,-16.460371473549458,-43.576562692203694,27.116191218654237,0.7049416111716615,11.788020582054957,15.076128594474975,10.594156665220533,22.608957754220665,22.059112845219932,21.38348062946766
2017-02-03,27866.80078125,28299.919921875,27590.099609375,28240.51953125,65500,27184.483918112954,26947.522817835907,26438.916719219626,60.85067083007131,2.7459219305411793,80.25812776420207,-18.809624600922543,99.06775236512462,0.8334721766907045,11.393440244873181,15.094526175914877,11.089820688682373,21.623334975917682,23.696014057543874,19.85873649947372
2017-02-10,28340.390625,28487.279296875,28149.080078125,28334.25,55600,27293.985449721244,27001.904275959987,26476.448071314284,61.56091519637233,0.7102443663010192,162.59718162267745,17.471736643797456,145.12544497888,0.8832403197015741,10.979703536928302,15.109881771803694,10.925956465688445,20.99775369770906,24.81499682797046,19.15780873079207
2017-02-17,28450.419921875,28726.259765625,28102.23046875,28468.75,63600,27405.867787843028,27059.427637687048,26515.899594654595,62.60918853905407,1.048273342681739,235.98422174971347,61.17423366498066,174.80998808473282,0.8979911272753371,11.524374490058225,15.127162457962815,11.060384472475045,20.775140218039375,25.698551659458584,17.902224873942615
2017-02-24,28481.91015625,29065.310546875,28419.26953125,28892.970703125,52000,27547.4966369175,27131.331287312067,26562.970309673812,65.77910037762862,3.1699118385745564,324.63287940053124,113.86596281209079,210.76691658844044,0.981291180740564,12.431423473098784,15.14107274460915,10.859018228147887,21.04262030182847,27.522308266111644,16.683183064577737
2017-03-03,28910.5,29145.619140625,28716.2109375,28832.44921875,57400,27669.8730732825,27198.04179442728,26607.91048609116,64.93333020424433,-0.8457701733842953,385.55951123492196,168.20467249665705,217.3548387382649,0.9152492293437006,13.333740386277725,15.125706775544797,-10.957817003758691,21.399928273734865,27.112374421367964,15.907799433850306
2017-03-10,28859.2109375,29098.169921875,28815.01953125,28946.23046875,455500,27791.43092046988,27266.598213028174,26654.213852084406,65.82303062886596,0.8897004246216369,437.97677821360776,222.15909364004722,215.81768457356054,0.910137262612014,14.105160300155195,15.241602629204214,13.029153191069422,21.731714247647943,26.24614148934875,15.399549601821672
2017-03-17,29437.23046875,29824.619140625,29356.05078125,29648.990234375,454600,27968.341331317988,27360.025351120206,26713.51635470402,70.75792958375715,4.934898954891182,530.1138572557284,283.75004636318346,246.3638108925449,1.0089359724790496,15.751096130665179,15.345255918079962,13.027175390134191,22.963687839399533,31.691030696557853,13.914351604295035
2017-03-24,29653.5390625,29699.48046875,29137.48046875,29421.400390625,474000,28106.72790839485,27440.863587963533,26767.13782076186,67.36548450994557,-3.3924450738115723,578.1045287160086,342.62094283374853,235.48358588226012,0.9014006481923638,16.864778194430084,15.236930962430497,-13.06896471037963,23.575270217939167,29.71631080583356,15.470719436290286
2017-03-31,29395.6796875,29687.640625,29163.5390625,29620.5,117700,28250.89667902391,27526.339525690455,26823.640042132913,68.77584650025636,1.4103619903107898,624.9985617622078,399.09646661944043,225.9020951427674,0.8907271594978012,17.783192475949033,15.264944258698641,11.675902789388996,24.143168140868827,27.96619669399048,14.559585999077026
2017-04-07,29737.73046875,30007.48046875,29668.44921875,29706.609375,47300,28389.535983402584,27611.840304094752,26880.728543773846,69.39195017322791,0.6161036729715477,661.4855342427072,451.5742801440938,209.91125409861343,0.8660004363345621,17.964556704819323,15.275984549384667,10.764286715905591,25.078528300272104,30.412515478884384,13.908254074046516
2017-04-14,29752.619140625,29838.8203125,29442.259765625,29461.44921875,40700,28491.622958197575,27684.37398702241,26931.831923476344,65.43330894499968,-3.958641228228231,662.9769613656863,493.85481638841236,169.12214497727393,0.7874778596229765,17.749359021131355,15.266492101046168,-10.614007941153417,25.36146605645172,28.981704055501496,15.937361532108765
2017-04-21,29470.26953125,29701.189453125,29241.48046875,29365.30078125,56300,28574.830369916854,27750.292684835258,26980.019425610473,63.89383261801795,-1.5394763269817275,648.9202045661332,524.8678940239565,124.05231054217666,0.7444930793880009,17.084538237215586,15.25321094461732,-10.938467575959383,25.12626265384335,27.373928733956333,17.476138528680945
2017-04-28,29407.6796875,30184.220703125,29392.990234375,29918.400390625,50400,28702.789419508106,27835.316516434857,27038.205187293926,68.48697612540937,4.593143507391417,674.6338801341044,554.8210912459862,119.81278888811823,0.8241008865218702,17.110510149540715,15.26510853741804,10.827766295132466,25.591312407246388,30.414443916851898,15.79513749758811
2017-05-05,30021.490234375,30176.55078125,29804.119140625,29858.80078125,61200,28812.885739674002,27914.668840545255,27094.058565392064,67.4906602618046,-0.9963158636047638,682.3374020661759,580.3243534100242,102.01304865615168,0.7856003123205483,16.501982176875618,15.250642939251337,-11.021918808236205,26.023144321120636,29.04608531354392,15.084507628952517
2017-05-12,29915.119140625,30366.4296875,29877.41015625,30188.150390625,51200,28943.86332547886,28003.82497976407,27155.32771044618,70.08087826425788,2.5902180024532697,706.8699034495185,605.633463417923,101.23644003159541,0.838111783069115,15.094479958522372,15.262759133637768,10.843514342086866,26.682973108802905,29.563911808224812,14.150044217784075
2017-05-19,30287.369140625,30712.349609375,30273.619140625,30464.919921875,66500,29088.72585846897,28100.33850690568,27220.864189880413,72.09314208309227,2.0122638188343984,740.113507841601,632.5294723026586,107.58403553894232,0.8747574572541069,14.311090813488098,15.278279962512906,11.104972264124868,27.731279749025155,31.91163406493335,13.238054316582135
2017-05-26,30638.880859375,31074.0703125,30247.599609375,31028.2109375,66000,29273.43872313859,28215.157033595653,27296.25719478377,75.67845069047108,3.5853086073788063,802.6596207018774,666.5555019825024,136.10411871937504,0.9714185207422537,13.841101000891781,15.29344952523822,11.097425172408931,29.106427326884123,33.0810222162325,11.932270993811576
2017-06-02,30944.380859375,31332.560546875,30869.900390625,31273.2890625,54300,29463.90066022063,28335.083779827197,27375.01030107518,77.05939713806782,1.3809464475967417,862.0662590317006,705.657653392342,156.4086056393586,0.9795839131318935,13.819803756505033,15.305759672120558,10.902297921958713,30.643644520372437,34.36014577109428,11.26253675709634
2017-06-09,31274.740234375,31430.3203125,31087.279296875,31262.060546875,55900,29635.15398275914,28449.86718245652,27451.981593071218,76.84411959813752,-0.2152775399302982,897.8900825846213,744.104139230798,153.7859433538233,0.9522017977055479,12.885340830896272,15.293084486874339,-10.93133754807084,32.16709949006237,34.10868772054161,10.77942924418883
2017-06-16,31225.4296875,31260.76953125,31017.1796875,31056.400390625,58800,29770.51078350827,28552.08417101215,27523.356222725746,72.83082674332105,-4.01329285481647,899.3188768060318,775.1470867458447,124.17179006018705,0.866285334424252,12.47340767656491,15.279576048676686,-10.981914140544825,33.358158962800836,33.019818488649136,11.349154717907945
2017-06-23,31168.98046875,31522.869140625,31110.390625,31138.2109375,151200,29900.767941031292,28653.50090695285,27594.937504206428,73.42539383409117,0.5945670907701128,896.7158517808566,799.4608397528472,97.25501202800945,0.8542341800682056,12.2385225856304,15.31395009181637,11.926365356462313,34.74398421369408,34.443808709042955,10.651600480877887
2017-06-30,31194.6796875,31294.9609375,30680.66015625,30921.609375,46700,29997.990934742596,28742.446337072346,27660.81219471719,69.11297434071997,-4.312419493371195,867.1787035214693,813.0044125065716,54.174291014897676,0.7716312442964294,11.642067751604365,15.303458798646231,-10.751520856703959,34.73112758908327,31.68213654631397,15.406443690367077
2017-07-07,31156.0390625,31460.69921875,31017.109375,31360.630859375,39600,30127.766165659967,28845.120239907745,27734.075930651004,72.62270739287251,3.5097330521525407,869.176341632814,824.2387983318201,44.937543300993866,0.8652355236310272,11.2933601530133,15.31236213348261,10.586609649448985,34.93952715680602,31.616063028327318,14.321251427270527
2017-07-14,31510.619140625,32109.75,31471.41015625,32020.75,73000,30308.050340359016,28969.654740303522,27818.960565687616,76.87729830652172,4.25459091364921,913.4953759678174,842.0901138590195,71.40526210879784,0.9866607290669057,11.850747553220177,15.32856994011085,11.19822841866684,35.87163784354823,36.86319501166479,12.95561028929438
2017-07-21,32053.98046875,32131.919921875,31626.439453125,32028.890625,72400,30471.939891277205,29089.6247749975,27902.325517357167,76.92492282305024,0.04762451652851496,938.4574569884862,861.363582484913,77.09387450357326,0.9378189838122915,11.96526822170033,15.344389179318602,11.189975390433117,36.75969526705068,34.758561470532854,12.116044650615386
2017-07-28,32100.220703125,32672.66015625,32058.330078125,32309.880859375,60200,30646.9818882389,29215.90932732603,27989.60384096148,78.56594519194658,1.6410223688963441,969.7351464905732,883.0378952860451,86.69725120452813,0.9587217893942568,12.160860507711064,15.357354833811241,11.005444242454628,38.091625477346426,38.777599110847866,11.127063386626352
2017-08-04,32412.19921875,32686.48046875,32107.990234375,32325.41015625,56500,30806.832199478053,29337.850536303442,28075.461391759272,78.65628654066015,0.09034134871356514,984.4281503071288,903.3159462902619,81.11220401686694,0.9074033122465054,12.688427328588963,15.3693725449394,10.942013616092948,39.34041724056338,36.11365784301205,10.31247119212199
2017-08-11,32377.80078125,32396.140625,31128.01953125,31213.58984375,57300,30845.571022742046,29411.40894051703,28137.602549224437,59.36436272980294,-19.291923810857206,896.0289899034942,901.8585550129085,-5.829565109414261,0.6039942831754695,12.085701679572498,15.357183630286427,-10.956073354557526,38.017423254822916,30.79199989214497,20.180325579689352
2017-08-18,31299.51953125,31937.509765625,31298.900390625,31524.6796875,47100,30910.24803843328,29494.282303143817,28204.673383645735,62.160889192946605,2.796526463143664,841.3755156994666,889.7619471502202,-48.38643145075355,0.6675739021470133,11.643429230601487,15.367213631633966,10.76004951120163,36.78892883949248,28.234206021410607,18.504009872429275
2017-08-25,31609.9296875,31678.189453125,31220.529296875,31596.060546875,53300,30975.56351542773,29576.70497936857,28271.829565095817,62.793606989928286,0.6327177969816802,794.6617168208177,870.7419010843397,-76.08018426352203,0.6674752387150749,11.17025126060534,15.378443902263216,10.883710371704016,35.47299615152241,26.72291291384002,18.43015805355192
2017-09-01,31756.869140625,31944.099609375,31360.810546875,31892.23046875,46800,31062.86513002985,29667.509900520785,28343.52067209887,65.38025234315313,2.5866453532248457,772.6327032982772,851.1200615271273,-78.4873582288501,0.7335294562322836,10.381039203886685,15.388201702517335,10.753659849198824,34.65371142399532,28.01404168747369,17.168799753427532
2017-09-08,31932.19921875,31932.19921875,31560.3203125,31687.51953125,41000,31122.356025384153,29746.725964470952,28409.738471289984,62.1633455470573,-3.2169067960958344,730.2383563413205,826.943720489966,-96.70536414864557,0.6538151431888984,9.028736426802675,15.379658383804857,-10.62135173563291,33.89294703414873,26.756724777271785,16.398235387932676
2017-09-15,31798.310546875,32356.109375,31797.890625,32272.609375,42600,31231.903963442805,29845.780215864248,28486.230964432758,67.13988210402638,4.976536556969087,735.3754412030612,808.6300646325851,-73.25462342952392,0.8372096527710086,8.52105390686197,15.388533625113544,10.659633006160352,33.8011063702355,29.686674132309772,15.08718296712759
2017-09-22,32361.369140625,32524.109375,31886.08984375,31922.439453125,95700,31297.66924817444,29927.217833011728,28554.27469688211,61.893048324084894,-5.24683377994149,703.0860929400042,787.5212702940689,-84.43517735406476,0.6930183085384398,7.37535209981155,15.368484145035044,-11.468984026707247,33.937708787934575,29.431928893354325,13.941678258993473
2017-09-29,31986.400390625,32016.51953125,31081.830078125,31283.720703125,48000,31296.34081531259,29980.41402399656,28608.323132649293,53.65634658949106,-8.236701734593836,618.8238703072384,753.7817902967029,-134.95791998946447,0.3779853344088925,6.379873257522628,15.358274550919777,-10.778977123006351,32.20326910588256,26.283525372926935,21.65481353744481
2017-10-06,31537.810546875,31844.279296875,31440.48046875,31814.220703125,27200,31345.662709389962,30052.328011413363,28671.80625285673,58.586027041636164,4.9296804521451065,588.073423853566,720.6401170080755,-132.5666931545095,0.6229492270595279,5.601346660113973,15.364072779566753,10.211009016314165,30.59271797254855,24.584970025111645,20.255385613751717
2017-10-13,31862.19921875,32508.58984375,31769.400390625,32432.689453125,44900,31449.189065936156,30145.675518931468,28746.27918751551,63.465260236322784,4.87923319468662,606.6160407476564,697.8353017559917,-91.21926100833537,0.9181664792513018,5.783447187475328,15.373571172482626,10.712215345197256,30.099760297546652,30.072761646793193,18.552742472701887
2017-10-20,32488.23046875,32699.859375,32319.369140625,32389.9609375,31300,31538.786387037475,30233.686711816506,28818.431301376586,62.91377341087506,-0.551486825447725,610.8221861761012,680.4326786400137,-69.61049246391246,0.8517530835368551,5.980012831849404,15.366959335134322,-10.351405324899678,29.892513559330876,30.971952174096025,17.72673439995432
2017-10-27,32411.859375,33286.51171875,32312.740234375,33157.21875,80500,31692.922802557718,30348.33502703939,28904.347884517643,68.24912424221414,5.335350831339078,668.3624140909669,678.0186257302045,-9.65621163923754,1.1033091743259063,6.979579015380547,15.383876653008318,11.296024885689746,30.38542593581011,34.17144405735569,15.789259204072989
2017-11-03,33260.1015625,33733.7109375,33164.28125,33685.55859375,251800,31882.697639814127,30479.206539459414,28999.02532430442,71.30994847129425,3.0608242290801115,747.9738917126851,692.0096789267006,55.9642127859845,1.1571641527807308,8.271537539117176,15.435017804071416,12.436394371990376,31.283914962319084,36.99875287778765,14.760686429333134
2017-11-10,33710.1484375,33865.94921875,33108.08984375,33314.55859375,347700,32019.065349712782,30590.396816098262,29084.481428649877,66.46466976994014,-4.845278701354104,772.2281959267093,708.0533823267024,64.17481360000693,0.9511677827185385,8.68984191764324,15.363690110312257,-12.759098194034383,32.24107026980817,35.3479937901984,13.514315768839014
2017-11-17,33397.41015625,33520.8203125,32683.58984375,33342.80078125,62400,32145.135390811563,30698.33422649637,29168.804584146907,66.65043648441033,0.18576671447019066,784.6834726365378,723.3794003886694,61.30407224786836,0.9164005752755661,8.687269993730396,15.376871262015555,11.041336579870135,32.1542633457178,32.12118451972827,16.90914547222651
2017-11-24,33365.83984375,33738.53125,33288.2109375,33679.23828125,50700,32291.240427996177,30815.232424722002,29258.120102901423,68.86317638787905,2.212739903468716,812.3379376070661,741.1711078323488,71.16682977471737,0.9650083679646162,9.219608892139991,15.38745447361197,10.83370091325064,32.31780271519188,32.93601305504312,16.05993841068467
2017-12-01,33640.51171875,33770.1484375,32797.78125,32832.94140625,40200,32342.83099735368,30894.358267134867,29328.90864356179,58.37151629387401,-10.491660094005042,757.2362669987124,744.3841396656215,12.852127333090834,0.6657800000308861,9.283201695802042,15.37907226651983,-10.601647149919609,31.43908083739847,29.49182379348442,19.654787311085556
2017-12-08,32968.01953125,33285.6796875,32565.16015625,33250.30078125,51500,32429.256691058094,30986.748169649185,29406.55997302096,61.487737731088174,3.116221437214165,738.7295946759441,743.253230667686,-4.523635991741912,0.7763870407116367,9.536799846571354,15.389798070270468,10.849356503939038,30.177614016195395,27.22033984949064,20.627591002527698
2017-12-15,33317.71875,33621.9609375,32886.9296875,33462.96875,80100,32527.70545857637,31083.85485907471,29486.884899297773,63.007339795698925,1.5196020646107513,732.7764603669239,741.1578766075336,-8.381416240609724,0.812910841264743,9.935116562965575,15.406255031724992,11.291043617373028,29.467235500315514,28.66597398634452,19.018334571614577
2017-12-22,33364.51953125,33964.28125,32595.630859375,33940.30078125,66500,32662.23834645005,31195.87234621884,29575.07135240574,66.22831074537588,3.2209709496769534,757.8393637816043,744.4941740423477,13.345189739256625,0.9049625955078365,10.66778774188792,15.41971499964922,11.104972264124868,29.239675985996865,28.17160969684325,16.445585208784934
2017-12-29,33980.76171875,34137.96875,33752.03125,34056.828125,45400,32795.05642059766,31308.066690484768,29663.81901126899,66.98407554144677,0.755764796070892,778.134824205852,751.2223040750487,26.912520130803387,0.8953916395736617,10.68007407521351,15.428801238944812,10.723289410218579,29.237878271018293,28.835806727950043,15.796653170809469
2018-01-05,34059.98828125,34188.8515625,33703.37109375,34153.8515625,52300,32924.46548173122,31419.666097230463,29752.73054693693,67.63355052674778,0.649474985301012,792.9079540344719,759.5594340669334,33.34851996753855,0.8792501570807422,10.81326761752832,15.439167104812345,10.864770770329113,29.298890040860993,27.904430705685368,14.99508882175326
2018-01-12,34216.328125,34638.421875,34216.328125,34592.390625,49100,33083.315495375864,31544.086666946918,29848.565399967883,70.46192830603363,2.8283777792858444,830.4295284980944,773.7334529531656,56.69607554492882,0.943175450481501,11.18816046071566,15.448801901706316,10.801634680173994,29.88241457732341,31.259800121512693,14.219507081251834
2018-01-19,34687.2109375,35542.171875,34687.2109375,35511.578125,154100,33314.57860295911,31699.674567262726,29960.704265810105,75.32845595617246,4.866527650138835,923.6886876533754,803.7244998932076,119.96418776016776,1.0690694277228654,12.579970560353162,15.47845151149631,11.945363510579819,31.254808077154784,37.54888169329199,12.819875269286019
2018-01-26,35613.96875,36268.19140625,35544.6796875,36050.44140625,81000,33575.13696517729,31870.292874673993,30081.293120076243,77.6528917409076,2.324435784735144,1029.2148582861118,848.8225715717886,180.3922867143233,1.0779581435099321,13.969038063727027,15.493690830509971,11.302216779257382,33.033042930485884,42.09694960378209,11.821620638234801
2018-02-02,36106.359375,36443.98046875,35006.41015625,35066.75,89200,33717.19534944612,31995.6441344907,30180.015038490576,65.51774261729244,-12.135149123615165,1021.6920039153265,883.3964580404961,138.2955458748304,0.8287624248166799,14.253825218072985,15.476895740896925,-11.398647529267592,33.57312083323901,36.311449129128576,15.342838581674354
2018-02-09,34718.8515625,34874.171875,33482.80859375,34005.76171875,110400,33744.67786080839,32074.472275049888,30255.772398495712,55.45209276851396,-10.065649848778484,919.5175741642597,890.6206812652488,28.896892899010936,0.588605445675508,13.58830335334773,15.45571062598967,-11.611874470755124,31.73535194629551,31.2202369106238,26.6784570000447
2018-02-16,34203.33984375,34535.078125,33957.328125,34010.76171875,67600,33770.019180612355,32150.40519441068,30330.128622659162,55.48679966761294,0.03470689909898539,829.3864104087043,878.3738270939399,-48.987416685235644,0.5674901408189598,11.998742836275548,15.468735855797824,11.121378054821049,30.028852265562257,29.59050730351637,25.28581313992972
2018-02-23,34053.94921875,34167.6015625,33554.37109375,34142.1484375,88300,33805.46006222071,32228.512772571044,30405.6141635471,56.44702352702724,0.9602238594142989,759.8001210941293,854.6590858939778,-94.85896479984854,0.578900725367726,10.789406783341219,15.485497983511868,11.388506711556236,27.930561919299578,27.924296102289816,27.562087968436906
2018-03-02,34225.71875,34610.7890625,34015.7890625,34046.94140625,44400,33828.458285461595,32299.823699381985,30477.719653501612,55.512528652668145,-0.9344948743590962,689.02739482381,821.5327476799444,-132.50535285613432,0.5328927444407252,10.058765292969147,15.477104582451686,-10.70101727068921,26.501609659288565,30.511606028348115,26.030512898673408
2018-03-09,34034.28125,34060.12890625,32991.140625,33307.140625,63100,33778.80898446525,32339.326323916022,30533.747791551083,48.75776561259341,-6.754763040074735,566.7110666795561,770.5684114798668,-203.85734480031067,0.2873109363879411,9.31723767062474,15.465053600032386,-11.052491896264268,25.230991207455986,27.549623428929042,32.80860664074134
2018-03-16,33468.16015625,34077.3203125,33119.921875,33176.0,65800,33721.39860499237,32372.137056311472,30586.069617460962,47.65089385417673,-1.1068717584166805,453.95957948186697,707.246645080267,-253.28706559839998,0.24528226296596425,9.305599995300664,15.452330341737534,-11.094390314766315,24.029561259269865,25.344690730542375,29.99969115756016
2018-03-23,33268.96875,33354.9296875,32483.83984375,32596.5390625,58800,33614.269124755,32380.937134985532,30625.880893600348,43.005243490493896,-4.645650363682833,314.22338703944115,628.6419934721017,-314.41860643266057,0.10622933259872593,9.959031485201063,15.44082201640504,-10.981914140544825,23.565887662265343,23.383102120977927,33.32941816634129
2018-03-30,32536.439453125,33371.0390625,32515.169921875,32968.6796875,43800,33552.784416445,32403.98586253512,30672.272948925092,46.60554776731146,3.6003042768175604,230.84900251002546,549.0833952796864,-318.234392769661,0.22658733758882715,10.149965750285373,15.449407104398379,10.687411927154141,23.11257664171462,21.75559958338749,30.80655781981889
2018-04-06,33030.87109375,33697.51171875,32972.55859375,33626.96875,50200,33559.84959106929,32451.945975769035,30730.781776669148,52.340714767926826,5.73516700061537,215.40952101250878,482.34862042625093,-266.93909941374216,0.412996626373027,10.061264074340002,15.459156835002155,10.823790225800138,22.2239879554915,23.251057709539545,28.806852275106753
2018-04-13,33653.609375,34313.140625,33578.91015625,34192.6484375,75200,33620.11614787221,32520.208817405546,30799.333591735107,56.64975110758747,4.3090363396606435,245.98369695020665,435.0756357310421,-189.09193878083545,0.5712117958819246,10.053366281360494,15.473586432509471,11.227919807721856,20.679558733969852,27.23762841192671,26.91166113913606
2018-04-20,33944.73046875,34591.80859375,33899.33984375,34415.578125,43500,33695.87443140819,32594.537025546506,30870.942394374015,58.25171697061792,1.6019658630304505,284.9181551982547,405.04413962448467,-120.12598442622999,0.6181248880362343,9.623977240785434,15.48183925954114,10.680539205318292,19.58134199561102,28.052202013000088,25.22604443205691
2018-04-27,34493.69140625,35065.37109375,34259.26953125,34969.69921875,51900,33817.1910778217,32687.680640966253,30952.105895846806,62.00970810602595,3.7579911354080267,356.37882192879624,395.311076085347,-38.932254156550755,0.7598028369178403,9.646746863307754,15.491597450450028,10.857093336791094,19.100544393788454,30.28696673323713,23.389452608130846
2018-05-04,35021.19921875,35357.1484375,34847.609375,34915.37890625,31100,33921.78039481487,32775.041357251896,31030.586549518153,61.42597882586542,-0.5837292801605258,403.97198236521945,397.0432573413215,6.928725023897925,0.7203299470883794,9.66558926922145,15.485761497994737,-10.344995251991222,18.966689719346938,31.560782043905732,22.284996492264742
2018-05-11,34983.58984375,35596.1484375,34977.73828125,35535.7890625,53500,34075.49550602298,32883.30597314398,31119.79848046829,65.42881139714069,4.00283257127527,486.14781018731446,414.8641679105201,71.28364227679435,0.8628821818184336,10.202683592766917,15.495779837482779,10.887455624298198,19.09319195472101,31.78641053891283,20.867242804557744
2018-05-18,35555.828125,35993.53125,34821.62109375,34848.30078125,52400,34149.09600842555,32960.3645930697,31193.63020919664,58.21922996134589,-7.209581435794803,490.1480652737155,429.9209473831592,60.22711789055626,0.6536094609758009,10.278007708779233,15.485968496385217,-10.866680954096502,19.610325032249545,32.010339595398676,18.665771395874213
2018-05-25,34873.16015625,35017.9296875,34302.890625,34924.87109375,55900,34222.97934988502,33037.40406368462,31267.516167306607,58.76422801795847,0.5449980566125845,493.8046084009693,442.6976795867213,51.10692881424802,0.6626784905856504,10.374602668202899,15.496431758222624,10.93133754807084,19.275864219937585,29.93518677247653,22.158680135853842
2018-06-01,35074.3203125,35438.21875,34735.109375,35227.26171875,65300,34318.62528977692,33123.2808344715,31345.926970305485,60.93161546538283,2.1673874474243604,515.1643475075034,457.19101317087774,57.97333433662567,0.7335631190331832,10.590106315745933,15.508517445783237,11.086762629082946,19.409009866086944,31.852131779885813,20.735217097118188
2018-06-08,35503.23828125,35628.48828125,34784.6796875,35443.671875,66500,34425.77258360769,33214.27656155105,31427.07043376478,62.45263869024596,1.5210232248631286,543.2918553116688,474.41118159903596,68.88067371263281,0.7952772191578038,10.543188353575704,15.520676926349397,11.104972264124868,19.72628250288992,31.138944471954666,19.145652379277784
2018-06-15,35472.58984375,35877.41015625,35419.6796875,35622.140625,52900,34539.71239707363,33308.70260325493,31510.141130620923,63.70750216362571,1.25486347337975,573.3745397130988,494.20385322184853,79.17068649125025,0.8647321302055245,10.136126322762887,15.530245164019618,10.876177521259402,20.272159584389914,32.135226935764905,18.324991066243907
2018-06-22,35698.4296875,35741.26171875,35249.05859375,35689.6015625,104300,34649.225650923756,33402.07118989199,31592.902723331397,64.19462684441955,0.4871246807938334,595.7909109425527,514.5212647659894,81.26964617656336,0.8604907027939591,10.539107714408816,15.54884628374865,11.55503622867061,20.479043554526843,30.615537288527996,19.09770684024192
2018-06-29,35783.75,35806.96875,34937.1484375,35423.48046875,85400,34722.96420500245,33481.34214200407,31668.75574799315,60.73164714597644,-3.4629796984431067,585.3349218238436,528.6839961775603,56.650925646283326,0.7609050102307087,10.782862057696885,15.533641606701993,-11.355113089309977,20.134827049912666,28.08764415607493,20.48168166605532
2018-07-06,35545.21875,35799.7109375,35106.5703125,35657.859375,68300,34812.00184024031,33566.6957589843,31747.747899022987,62.64302636369202,1.9113792177155844,589.169316923726,540.7810603267935,48.38825659693248,0.7925081396101327,11.099784815286723,15.545820242105638,11.131679686740132,19.81519743848522,26.22908472859093,19.126408780239434
2018-07-13,35835.1015625,36740.0703125,35779.71875,36541.62890625,50800,34976.728227479325,33683.35980397511,31842.676235799758,68.80825315740928,6.16522679371726,655.9594259259247,563.8167334466198,92.14269247930497,0.9498956357904845,12.090447886932239,15.554783213826733,10.835671318412196,20.576869310104275,32.30270062579515,17.211472157101067
2018-07-20,36658.7109375,36747.87109375,36261.78125,36496.37109375,62900,35121.45611950511,33793.67397220158,31934.828609224514,68.18763820206736,-0.6206149553419209,697.2022279826269,590.4938323538212,106.70839562880576,0.8866585621455658,12.770991313750374,15.543673462274668,-11.049317340813348,21.291918413175573,30.884689365026397,16.416432017340927
2018-07-27,36501.05078125,37368.62109375,36491.828125,37336.8515625,63200,35332.4461616951,33932.6221129976,32041.799360774523,73.04916495906026,4.861526756992902,788.6165151013192,630.1183689033209,158.49814619799838,0.9958936798426796,13.584141166309676,15.554835906871668,11.05407540279458,22.54292870533448,34.17118344652589,15.064682523937487
2018-08-03,37491.390625,37711.87109375,37128.98828125,37556.16015625,73700,35544.228446890804,34074.721644105535,32150.994624051265,74.15885387247612,1.1096889134158516,868.7450151646699,677.8436981555907,190.9013170090792,0.9759805595037864,14.066186042774524,15.567697425466859,11.207771646606407,23.99246991726464,35.54715417119324,14.226051920437868
2018-08-10,37714.69921875,38076.23046875,37586.87890625,37869.23046875,68600,35765.65721087739,34223.52591173865,32264.227017015597,75.69720730074916,1.538353428273041,946.5977963805126,731.5945178005751,215.0032785799375,0.9944087924200218,13.723176025463463,15.579522089345701,11.136062390867204,25.62437159974946,37.29950810197212,13.5037313079352
2018-08-17,37693.19140625,38022.3203125,37559.26171875,37947.87890625,45700,35973.48784853193,34369.57897034694,32376.774579178655,76.08241466350916,0.38520736275999923,1003.0800752945725,785.8916292993746,217.18844599519787,0.9697427247960536,13.32784377161921,15.587322559407273,10.729875458480967,27.08010221654855,35.56785132297075,13.15369754019979
2018-08-24,38075.0703125,38487.62890625,38050.69140625,38251.80078125,42500,36190.470032600315,34521.82296293137,32493.111731694917,77.56244453506321,1.480029871554052,1060.1459411070755,840.7424916609148,219.40344944616072,0.9764001956736227,13.48149681799812,15.594522623174674,10.657282884047461,28.79237662868172,38.356520553627135,12.429347593925193
2018-08-31,38472.03125,38989.6484375,38416.73046875,38645.0703125,60900,36424.241487828855,34683.51893742426,32614.932693691055,79.34367166358061,1.7812271285174006,1124.1461582267584,897.4232249740835,226.72293325267492,0.9854941987699717,14.119430861228707,15.604750355484017,11.017004873924424,30.724875962674776,40.58237390275339,11.497266074019691
2018-09-07,38915.91015625,38934.3515625,37774.421875,38389.8203125,67600,36611.43947113087,34828.864089388015,32729.286903964497,75.17245609187174,-4.171215571708871,1141.1161726854698,946.1618145163608,194.954358169109,0.8901116715420108,14.275610821688261,15.593390990738477,-11.121378054821049,31.19536709287709,36.01059231635143,16.440260357355765
2018-09-14,38348.390625,38354.51953125,37342.0,38090.640625,58200,36752.31577149936,34956.776894706134,32835.452324183025,70.4944952366092,-4.6779608552625405,1117.541409253572,980.437733463803,137.103675789769,0.7999986719036424,14.329385407032275,15.58350673681494,-10.971657815702502,30.85365206228563,32.45383759021524,18.89255793392109
2018-09-21,38027.80859375,38027.80859375,35993.640625,36841.6015625,73800,36760.81918016609,35030.691587560796,32914.782012070486,55.0830207379965,-15.411474498612698,986.6971946359481,981.689625698232,5.007568937716087,0.544689428551103,13.7253103102524,15.570830948371295,-11.209127560632263,28.66369344582412,26.757826930110628,26.86197343610337
2018-09-28,36924.71875,36945.5,35985.62890625,36227.140625,106200,36709.99265110265,35077.61115765646,32980.37327173245,49.365408911977845,-5.717611826018654,823.9226816775627,950.1362368940981,-126.2135552165355,0.4141225153504154,13.484432283343036,15.552303503522692,-11.5730888039415,26.63974858995686,24.627147954134898,24.789464459234622
2018-10-05,36274.25,36616.640625,34202.21875,34376.98828125,89800,36487.80175873573,35050.13575073856,33008.02901449517,36.933982745335264,-12.43142616664258,539.412859981654,867.9915615116095,-328.5787015299554,0.05815333605140894,13.908926325604028,15.53636479258982,-11.405351390085748,26.49614081492975,20.257570296213412,33.49688362257158
2018-10-12,34412.359375,34858.3515625,33723.53125,34733.578125,137100,36320.73284123709,35037.721726199794,33042.198303812096,40.06664084794138,3.132658102606115,338.80506288392644,762.154261786073,-423.34919890214655,0.13387748460886972,14.058953880861209,15.560597793623668,11.82847315946983,26.717222693664407,18.588169579983997,34.212595606362164
2018-10-19,34971.828125,35605.4296875,34140.3203125,34315.62890625,57200,36129.77056171451,35009.40436071157,33067.41475138512,37.70273753296767,-2.3639033149737116,144.43200710498058,638.6098108498545,-494.1778037448739,0.08202667142941887,14.766175647517239,15.550558748666603,-10.954326659732555,26.00030974560489,21.919189542228104,30.695562422404233
2018-10-26,34689.390625,34748.69140625,33291.578125,33349.30859375,87400,35864.96466000361,34944.30256592876,33072.99680766957,32.87353462323151,-4.829202909736161,-86.5859049110586,493.5706676976719,-580.1565726087306,-0.017781314483107432,16.51702371714667,15.535022042138367,-11.37826200322577,25.98121337556945,19.74518881172394,33.4283023142667
2018-11-02,33549.87890625,35190.19921875,33341.80078125,35011.6484375,130800,35783.696448336595,34946.943580500185,33111.38594885433,45.74734131986449,12.873806696632982,-133.9878039417381,368.05897336978995,-502.04677731152805,0.2668033633723525,16.78173878023783,15.558184994553462,11.781432363235949,25.448216037013427,20.2392933766796,29.43941855124091
2018-11-09,35118.62109375,35302.25,34811.6015625,35158.55078125,58000,35724.15876575692,34955.24190209822,33151.92386632751,46.719803270630095,0.9724619507656058,-157.88041189806245,262.87109631621945,-420.7515082142819,0.29745839740183094,16.983766393344226,15.568286792505472,10.968215530759236,24.822590326697576,20.324990661696138,28.468330587737494
2018-11-16,35287.48828125,35545.8515625,34672.19921875,35457.16015625,92100,35698.73032675626,34974.92497088849,33197.57210969231,48.731495945525104,2.0116926748950092,-150.97979377953016,180.10091829706954,-331.0807120765997,0.3453678453755609,16.971351306329513,15.584120976863217,11.430641079947755,23.95088469958362,20.774625644370026,26.774743361715142
2018-11-23,35647.62109375,35818.828125,34937.98046875,34981.01953125,59000,35630.376917660426,34975.16397325561,33232.8879002182,45.76434559108974,-2.9671503544353612,-181.83548706239526,107.71363722517658,-289.54912428757183,0.2771706202242334,17.24444372698481,15.574006375463483,-10.985309671896763,22.816471919221435,21.394454386894704,25.15019106040975
2018-11-30,35118.08984375,36389.21875,34896.0703125,36194.30078125,129600,35684.083952288005,35022.973259843624,33291.52973944655,53.52900964310963,7.764664052019889,-107.15200758814899,64.74050826251147,-171.89251585066046,0.47334210077920097,17.252954525590283,15.596091277141154,11.772215778919925,21.253610875946777,23.07032356825324,22.642262993298765
2018-12-07,36396.69140625,36446.16015625,35266.76171875,35673.25,111000,35683.0521473082,35048.474308477205,33338.69251688325,50.20481528778519,-3.324194355324444,-88.98350898196077,33.995704813617024,-122.97921379557779,0.39728510949830864,17.346373568979075,15.577206102397865,-11.6172944892629,19.865211809373893,21.64393773658289,20.871841014516157
2018-12-14,35204.66015625,36095.55859375,34426.2890625,35962.9296875,104000,35709.70715113599,35084.335303733,33390.65760937071,51.98987485306224,1.7850595652770522,-50.62652207988867,17.071259434915888,-67.69778151480456,0.45369884542632466,17.20324954789327,15.594910798940807,11.552155793461898,19.21605625562358,19.339083560476684,24.010929199249667
2018-12-21,36129.12890625,36554.98828125,35694.73828125,35742.0703125,1000000,35712.78935698018,35110.12883348857,33437.220237155445,50.503363778489394,-1.4865110745728458,-37.61622297335998,6.133762953260714,-43.749985926620695,0.4316907954722485,16.959063434868092,-18.0684089632752,-18.149333869368913,18.07624480098506,21.240129292169048,22.67106146078614
2018-12-28,35859.66015625,36194.78125,35010.8203125,36076.71875,1000000,35747.44929917254,35148.03432041059,33489.4875344395,52.70973590584089,2.206372127351493,-0.2986919300892623,4.847271976590719,-5.145963906679981,0.5009046436608486,16.436387932029163,-17.329054029249132,17.419428378383287,17.695913230396876,19.617587342617096,25.351920350491586
2019-01-04,36239.19140625,36285.4609375,35382.078125,35695.1015625,1000000,35742.46380044182,35169.48793774743,33533.163059747625,49.97401894784225,-2.7357169579986405,-1.5003028855862794,3.5777570041553193,-5.078059889741599,0.4535758256427708,15.791431173333182,-18.10310014529272,-17.484794288875904,17.231464932969896,19.051772266703342,23.854550292531187
2019-01-11,35971.1796875,36269.30859375,35753.94921875,36009.83984375,1000000,35767.928185518795,35202.442914453415,33582.206164381336,52.17851684736221,2.204497899519964,22.6826887776042,7.3987433588450955,15.283945418759103,0.5309352347393617,14.718912214558511,-17.008933222098673,17.69540494259385,16.80019151393056,18.311447423729,22.927596308811456
2019-01-18,36113.26953125,36469.98046875,35691.75,36386.609375,105800,35826.85020356462,35248.88081486701,33637.738901225275,54.74921498110189,2.5706981337396826,71.42667404047825,20.204329495171727,51.22234454530652,0.6404756113324878,13.007000644786078,-17.00458267180322,11.569315250157509,16.12770501175947,18.712608044035612,21.69701225507701
2019-01-25,36467.12109375,36701.03125,35953.1484375,36025.5390625,96400,35845.772952034655,35279.338001048694,33685.022072735665,51.87143872378587,-2.8777762573160217,79.99909712062072,32.16328302026153,47.83581410035919,0.6031502970077515,11.161839945692769,-17.00854745447316,-11.476271853988816,15.190784446423493,19.353642462369518,20.555225481670085
2019-02-01,36099.62109375,36778.140625,35375.51171875,36469.4296875,1000000,35905.16883160279,35326.00826326247,33740.15885718644,55.00280213443594,3.131363410650067,121.21379073473508,49.973384563156245,71.24040617157884,0.7771632719193386,9.493598585155139,17.938178548016598,18.270857366167156,15.00551727785747,17.494237416213466,22.536988606683995
2019-02-08,36456.21875,37172.1796875,36225.48046875,36546.48046875,1000000,35966.24613037871,35373.86991837963,33795.72958216789,55.543496265029596,0.540694130593657,158.2696524325802,71.63263813704103,86.63701429553916,0.8120253891210517,9.264751198818386,18.313228052331034,17.150860152885688,14.289042404774266,19.0692115161659,21.065879751724832
2019-02-15,36585.5,36588.41015625,35510.96875,35808.94921875,86900,35951.26547212836,35390.93185172748,33835.595317545754,49.421787080385826,-6.12170918464377,126.66397823649459,82.63890615693174,44.02507207956285,0.5957783725490275,9.123322223701678,18.31226000614311,-11.372524818667134,14.416239931530068,17.656601244952782,24.417891325099383
2019-02-22,35831.1796875,35983.0703125,35287.16015625,35871.48046875,68300,35943.66690037804,35409.77689553229,33875.90987499534,49.92570027754422,0.503913197158397,105.44648160724319,87.20042124699404,18.246060360249146,0.5966635329342667,8.66619366392177,18.313020931380645,11.131679686740132,14.761522436208576,16.79139319464333,24.79729719049275
2019-03-01,35983.80078125,36371.109375,35714.16015625,36063.80859375,77600,35955.10896641346,35435.42519742318,33919.234602099394,51.52539424993599,1.5996939723917691,102.9638320360973,90.35310340481469,12.610728631282612,0.6407939764607166,8.44611717242562,18.313884765176823,11.259335592686217,14.5192993884505,18.797487146001384,23.6205923595151
2019-03-08,36141.0703125,36830.25,35926.94140625,36671.4296875,68500,36023.329987469326,35483.89596173992,33973.73351468158,56.27765437545187,4.752260125515875,148.3165575768071,101.94579423921317,46.37076333759393,0.8173762769608834,8.050708302437112,18.314646679289105,11.134603622683905,13.67658463221548,20.900463190349747,22.069810145270857
2019-03-15,36741.5703125,38254.76953125,36726.390625,38024.3203125,86800,36213.9004946151,35583.52044608346,34053.94315424234,64.5993477815876,8.32169340613573,290.0820014326164,139.5730356778938,150.50896575472257,1.2748713726806065,7.28890420841837,18.31561130814891,11.371373421319406,14.016949851535765,28.516425757054403,19.63625410174582
2019-03-22,38132.9609375,38564.7109375,37952.1015625,38164.609375,64800,36399.682292747,35684.739619766464,34135.34248534645,65.33611667485977,0.7367688932721705,409.03716611813434,193.46586176594192,215.5713043521924,1.1540915397989926,8.523748531148687,18.316330839677004,11.079076314320059,14.601276785464849,29.48620413517526,18.773699116222637
2019-03-29,38016.76171875,38593.6484375,37667.3984375,38545.71875,66400,36604.06671724729,35796.934879775625,34222.67666880494,67.32559066642057,1.9894739915608,527.976152226518,260.3679198580572,267.60823236846085,1.121426389537129,9.868186671851308,18.31706760074969,11.103467395592086,14.763569411248321,27.51798249700196,19.57226853621417
2019-04-05,38858.87890625,39270.140625,38581.0390625,38862.23046875,85400,36819.12993167612,35917.14254993149,34314.5490212791,68.920932930846,1.5953422644254402,640.3939433829291,336.37312456303164,304.0208188198975,1.0762563029404626,11.28763200506988,18.318014384682662,11.355113089309977,15.509862162929428,31.02394892673744,18.530456726410126
2019-04-12,38993.6015625,39041.25,38460.25,38767.109375,73300,37004.65178342126,36028.90595483613,34402.718533233965,67.84877233057809,-1.072160600267921,713.5846162304515,411.81542289651566,301.76919333393585,0.9827670668983359,11.797683422078215,18.317201801469427,-11.202329530346486,16.0336069545813,29.66032901429387,18.629765864813475
2019-04-19,38805.5390625,39487.44921875,38780.078125,39140.28125,49900,37208.04506595257,36150.92067229354,34496.531656338244,69.83156896613725,1.9827966355591684,792.5644141454031,487.9652211462932,304.59919299910996,0.982269492552169,13.034440350132638,18.317755050596393,10.817796321618971,16.90577991184332,31.44987327253149,17.59704715820662
2019-04-26,39158.21875,39262.21875,38518.26171875,39067.328125,73400,37385.1196430047,36265.289592007524,34587.04247749986,68.93651419783005,-0.8950547683072045,839.5914775927813,558.2904724355908,281.3010051571905,0.9100561164339772,13.659985453531611,18.316941147228693,-11.203692838488003,17.327579376497617,29.62343435565246,18.61889085787387
2019-05-03,39056.921875,39189.94921875,38753.4609375,38963.26171875,71900,37535.418888313776,36371.09242050723,34673.700284257284,67.60535424338727,-1.3311599544427821,858.5664552641756,618.3456690013078,240.22078626286782,0.8471826673856387,14.09837240705183,18.31614323397688,-11.183045451818261,17.71925030796232,28.574905296125824,17.959870438895656
2019-05-10,38719.328125,38835.5390625,37370.390625,37462.98828125,77100,37528.520735260085,36413.91186602656,34728.933709940306,52.01229060159149,-15.59306364179578,743.9687253170996,643.4702802644662,100.49844505263343,0.5456300126831012,13.646020470784034,18.31528690551712,-11.252871529635922,16.63189522792697,25.08543555365026,26.369904498205344
2019-05-17,37491.30078125,38001.12890625,36956.1015625,37930.76953125,89400,37566.83014440198,36473.39648034905,34792.33639947119,55.461672916041174,3.449382314449686,683.0217861811616,651.3805814478053,31.64120473335629,0.6213808576084134,13.39627666544355,18.316279778889694,11.400887146781372,16.056313172503025,23.09298979485265,27.42420608417664
2019-05-24,38701.1796875,40124.9609375,38570.0390625,39434.71875,109900,37744.724297316076,36589.52676543341,34884.264762848,64.33732505958355,8.875652143542375,747.4607682834176,670.5966188149278,76.86414946848981,0.8781547405427589,13.562824577392593,18.317498975322785,11.60733523953139,16.282493440544823,34.31402531783135,23.248814491779992
2019-05-31,39536.23046875,40122.33984375,39353.16015625,39714.19921875,78700,37932.29333745264,36712.06294007327,34979.907029301496,65.7050522840749,1.3677272244913468,811.7238170868004,698.8220584693023,112.9017586174981,0.8854362719207254,13.889988318647841,18.31837113620506,11.273411140805074,16.492517975155064,32.448928059849344,21.98515335735114
2019-06-07,39806.859375,40312.0703125,39279.46875,39615.8984375,80000,38092.636680314296,36825.93884193315,35071.70883936483,64.7642227883255,-0.9408294957493979,844.9802879631025,728.0537043680624,116.92658359504003,0.8289392471616749,14.120255214133723,18.317484562211003,-11.289794413577894,16.836629196836174,31.423483987401873,20.38339844510556
2019-06-14,39787.328125,40066.30859375,39363.44921875,39452.0703125,84500,38222.10655004627,36928.92438979852,35158.44867051602,63.14150403004773,-1.6227187582777702,848.337612291114,752.1104859526728,96.22712633844128,0.7716205730281129,13.778279216674028,18.316547264067033,-11.344518647594766,17.156161045540063,29.830374519672908,19.349999823221093
2019-06-21,39514.359375,39638.640625,38870.9609375,39194.48828125,84700,38314.714333970434,37017.77003260054,35238.3702469662,60.571758797940284,-2.5697452321074437,820.7524751573219,765.8388837936027,54.913591363719206,0.7007267611740559,13.437067277560713,18.315606864988094,-11.346882686945893,16.827484621744837,28.151606241099902,21.871375409634243
2019-06-28,39160.23046875,39817.21875,38946.0390625,39394.640625,62300,38417.564456925626,37110.98064406719,35320.672630689645,61.87033643449502,1.2985776365547395,805.753452401128,773.8217975151078,31.93165488602017,0.7170429171374842,13.0752535274281,18.31629864948438,11.03973275601109,16.69349669279364,27.659114242284744,20.4639242214819
2019-07-05,39543.73046875,40032.41015625,39441.37890625,39513.390625,79900,38521.92885388509,37205.1928001822,35403.69674938886,62.65618137508387,0.785844940588845,794.2926402428493,777.9159660606562,16.376674182193142,0.7242882924637846,11.82205396785218,18.31718516599446,11.288543647320601,16.777751094162873,27.95278538461099,19.47583958689205
2019-07-12,39476.37890625,39476.37890625,38435.87109375,38736.23046875,83200,38542.338531491274,37265.233493067215,35469.68751610888,54.709301471139106,-7.946879903944762,714.2659214978339,765.1859571480918,-50.92003565025789,0.5259460226665382,10.001084550901664,18.31626201800469,-11.329014645967838,15.615149980522078,25.69539537688493,25.439040296497517
2019-07-19,39009.94921875,39284.73046875,38271.3515625,38337.01171875,109800,38522.783596944486,37307.26401172145,35526.466213190884,51.122325904159325,-3.586975566979781,611.5806327774117,734.4648922739558,-122.88425949654413,0.3661457071564007,7.95524509012457,18.315042423043568,-11.606424915484219,14.645672414952857,23.752612428246884,24.74312034194989
2019-07-26,38333.51953125,38333.51953125,37690.46875,37882.7890625,101000,38461.8317365212,37329.8336215559,35573.12607159305,47.320768252624596,-3.801557651534729,487.92532991636836,685.1569798024384,-197.23164988607004,0.1387279211011197,6.614441569882964,18.3139192585056,-11.522885696764481,14.359728362040016,22.579618421238106,27.958069451887436
2019-08-02,38043.21875,38043.21875,36607.41015625,37118.21875,120200,38333.86859494775,37321.53499914195,35603.721966214966,41.69971859322536,-5.621049659399233,324.4926280461368,613.0241094511781,-288.5314814050413,-0.069747281381793,7.455693035045005,18.312580935410814,-11.696920620516192,15.050741924724402,20.19454220328889,32.972718066864196
2019-08-09,36842.171875,37807.55078125,36416.7890625,37581.91015625,128100,38262.25350554796,37331.745789616776,35642.89400958199,45.89713628111799,4.197417687892624,229.738770064665,536.3670415738756,-306.62827150921055,0.11898338670624067,7.817975158232773,18.31400715548052,11.760574294255605,15.842271903903859,18.19023271735504,31.06051867742173
2019-08-16,37755.16015625,37755.16015625,36888.48828125,37350.328125,77200,38175.403469305296,37332.474508651416,35676.70458612492,44.186105745967204,-1.7110305351507833,134.40953103285574,455.9755394656716,-321.56600843281586,0.09321663989532473,8.426149279381761,18.313147881568156,-11.25416768929685,16.57726402742764,17.054303143973566,29.12087544808643
2019-08-23,37485.921875,37718.87890625,36102.3515625,36701.16015625,138600,38034.999344252414,37307.71708306705,35696.99083503828,39.71639980393479,-4.469705942032412,6.404169258275942,366.06126542419247,-359.6570961659165,-0.007587758009386956,9.535762877830352,18.31160334032792,-11.839354580719126,17.875460344305065,15.153492229520147,31.29542612552447
2019-08-30,37363.94921875,37731.51171875,36492.6484375,37332.7890625,165800,37968.12217456171,37308.70029794678,35729.38287914644,45.49375520804585,5.777355404111056,-43.571562337288924,284.1346998718962,-327.7062622091851,0.19585126713258197,9.936600381984812,18.31345071517673,12.01854355302823,19.06153012352824,13.962879335064512,28.659136898691205
2019-09-06,37181.76171875,37188.37890625,36409.5390625,36981.76953125,99600,37874.18382757964,37295.87948356652,35754.18261483166,43.02593138515661,-2.467823822889237,-110.23135383139743,205.26148913123748,-315.4928429626349,0.1478052154516314,10.403195570603128,18.31234136254291,-11.50892748368293,20.22876390357815,13.07866753929079,27.41432025473134
2019-09-13,36969.48046875,37435.1484375,36784.46875,37384.98828125,123800,37827.593775548245,37299.373946220774,35786.475796344894,46.60876355265876,3.582832167502147,-129.03589014351746,138.40201327628648,-267.43790341980394,0.2721315626216146,10.531160838912074,18.31372007094759,11.726430716744437,20.89600832110042,14.21809507305604,26.157121656503733
2019-09-20,37204.55859375,38378.01953125,35987.80078125,38014.62109375,158500,37845.40590109127,37327.422853967015,35830.59748540242,51.71491346956845,5.106149916909693,-92.07117554311844,92.3073755124055,-184.37855105552393,0.4393840749460308,10.441192181363485,18.315482448469467,11.973516181427835,20.12214564185516,18.092252081233443,22.140437467277263
2019-09-27,38844.0,39441.12109375,38510.96875,38822.5703125,134600,37938.469178368294,37386.05608763498,35889.84447207762,57.3514147315772,5.63650126200875,2.390816885039385,74.32406378693227,-71.93324690189289,0.6259095425410558,10.31701275717028,18.31697664456822,11.810070125585671,19.18123842519708,23.16159633688449,20.151571714879125
2019-10-04,38873.12109375,38923.78125,37633.359375,37673.30859375,236500,37913.21578935703,37397.32089179635,35925.160593298846,48.65154431725276,-8.699870414324444,-15.306742872220639,56.39790245510169,-71.70464532732234,0.339592166540919,10.39043581293467,18.31434976866199,-12.373707715234994,18.23764593329378,21.297799265364418,24.002664371843892
2019-10-11,37853.80078125,38345.41015625,37415.828125,38127.078125,143500,37933.583630846835,37425.93882251022,35968.76292065927,51.76290842021459,3.1113641029618364,7.200222692568786,46.55836650259512,-39.358143810026334,0.4689613894366827,10.057549796922824,18.315944488958856,11.874097282798648,17.571275438025133,20.046369298390935,23.96730986044137
2019-10-18,38208.23828125,39361.05859375,38066.12890625,39298.37890625,171700,38063.56413326618,37499.36784540198,36034.69591047295,58.71661737924725,6.95370895903266,118.18893071122875,60.884479344321846,57.3044513669069,0.7871862185925492,9.771431170468096,18.317849260927186,12.05350987098043,16.735939503472945,24.776117844391525,22.025770984202694
2019-10-25,39233.3984375,39426.46875,38718.26953125,39058.05859375,180700,38158.277891407495,37560.49297278818,36094.56447845863,56.904085822754695,-1.8125315564925586,184.62816214224586,85.63321590390666,98.9949462383392,0.7390800805030463,9.42003286227569,18.315844546371345,-12.104599010599317,16.022981864775737,24.068449149590503,21.022749457226794
2019-11-01,39293.48828125,40392.21875,39254.12109375,40165.03125,232600,38349.397258892495,37662.631728757275,36175.16778086539,62.626958547674576,5.722872724919881,322.88317744126834,133.083208211379,189.79996922988934,1.002697244798794,10.04999398315303,18.318424305657746,12.357079818283598,16.22119139994046,28.154911678310647,19.244761276695066
2019-11-08,40293.8515625,40749.328125,40037.53125,40323.609375,218500,38537.41746042654,37766.98379331581,36257.31513916508,63.3772330909972,0.7502745433226252,440.17316034003306,194.50119863710984,245.67196170292323,0.986573072772438,10.915858693888561,18.320841635013267,12.294545870166347,16.68896935710458,29.175118318393228,18.352940070008593
2019-11-15,40316.5,40650.05859375,40026.98828125,40356.69140625,120800,38710.68164574306,37868.54095460735,36338.49090683013,63.54166728916288,0.1644341981656794,529.6898256699569,261.53892404367923,268.1509016262777,0.9528273529371202,11.628095251762305,18.322175576606718,11.701899842594283,17.10971713668781,27.953953804818244,17.655577775765117
2019-11-22,40431.078125,40816.37890625,40221.96875,40359.41015625,143600,38867.70340864848,37966.2220997698,36418.113070184976,63.55614923909488,0.014481949931997917,594.00449422565,328.0320380800734,265.9724561455766,0.9218658129335875,12.223281417999488,18.323758977239184,11.874793899360315,17.642552166621122,27.955057859178734,16.927643933661926
2019-11-29,40439.66015625,41163.7890625,40393.8984375,40793.80859375,171400,39051.14199770577,38077.10784463177,36504.76050629518,65.88770014411743,2.331550905022553,672.2770643849508,396.8810433410489,275.3960210439019,0.9497238116353333,13.35100606754081,18.32564563731195,12.051761119434515,18.4318239587889,28.81856350989124,15.968188592794977
2019-12-06,41072.94140625,41093.98828125,40337.53125,40445.1484375,184100,39183.90451578141,38169.972181606994,36582.78799008141,62.43508554304952,-3.452614601067914,698.1271047304399,457.1302556189271,240.9968491115128,0.8430882559481766,14.023146786864446,18.323619042128517,-12.123239799036943,19.07775795902887,27.254090015840564,15.505841584707024
2019-12-13,40527.23828125,41055.80078125,40135.37109375,41009.7109375,188700,39357.79084165937,38281.33448575967,36670.44983062435,65.5802665715991,3.1451810285495796,755.4604456879606,516.7962936327339,238.66415205522674,0.8931628010405815,14.867536142787024,18.325696222115727,12.147919030759663,19.356582722200006,25.44410843456933,15.934714970081718
2019-12-20,41168.8515625,41809.9609375,40917.9296875,41681.5390625,131800,39579.100196025145,38414.67584171027,36769.679320364456,68.91558136105076,3.335314789451658,845.3636208462631,582.5097590754398,262.8538617708233,0.9444766405884699,15.635290174779746,18.327144500791633,11.789048488275174,20.29793832015061,29.274995529072335,14.901820545849343
2019-12-27,41548.26171875,41702.98046875,41132.890625,41575.140625,22300,39769.19928449894,38538.6156371334,36864.8369699612,67.79513870846881,-1.1204426525819429,897.6791833395619,645.5436439282643,252.1355394112976,0.8781439401647447,16.218140907184797,18.326899605568173,-10.012386799492118,21.17205423253331,28.024733495579124,14.265400962457697
2020-01-03,41686.26953125,41714.73046875,41184.73046875,41464.609375,25500,39930.66691216571,38653.36048959876,36955.921572041174,66.58404732625732,-1.2110913822114924,919.6198897563663,700.3588930938847,219.2609966624816,0.8248909690479191,16.30596864434353,18.32661949490923,-10.146472946063877,21.994510814803057,26.966484316673988,13.680446928389156
2020-01-10,41378.33984375,41775.109375,40476.55078125,41599.71875,59800,40089.62423005469,38768.90395079097,37047.87795180274,67.35180233466981,0.7677550084124931,937.1078590030884,747.7086862757255,189.39917272736284,0.8185843822608551,15.656006598831503,18.327276258159184,10.998777662206932,21.55680649347126,24.33369458918279,17.669236405689347
2020-01-17,41788.2109375,42063.9296875,41648.109375,41945.37109375,46900,40266.3620265971,38893.471289730536,37144.85801401952,69.29541932215372,1.9436169874839067,967.7033739085964,791.7076238022997,175.99575010629667,0.8403939490253106,15.415982417677343,18.327791043423165,10.75579427616868,21.46730371293926,25.70602716221954,17.02917171359616
2020-01-24,42263.0,42273.87109375,41059.0390625,41613.19140625,40600,40394.63149132595,39000.12698057444,37233.33986337062,65.27373316435542,-4.0216861577983,954.147595713097,824.1956181844591,129.95197752863783,0.7668707342970169,14.279667596044332,18.327345423828348,-10.611547975828369,20.492108944739844,23.324756522380266,19.94352348290087
2020-01-31,41510.6796875,41516.26953125,40671.01171875,40723.48828125,42800,40425.951185604434,39067.70977667936,37302.45171322962,55.91367746169572,-9.3600557026597,861.6800262355682,831.692499794681,29.987526440887223,0.5909572208199907,12.863450123596524,18.32687544225077,-10.664316745782925,19.058339494279966,21.649705736191297,21.46889365103816
2020-02-07,39701.01953125,41405.4296875,39563.0703125,41141.8515625,70100,40494.13217388021,39149.048670240954,37378.47943301715,58.898322298194294,2.9846448364985747,812.7879184399499,827.9115835237349,-15.123665083785,0.6526838493758182,11.879926326254116,18.327645086459864,11.157692338256169,18.916439446577613,18.805727356773634,26.548479015446908
2020-02-14,41166.71875,41709.30078125,40798.98046875,41257.73828125,51400,40566.85656505828,39231.74238047661,37455.29643991285,59.71195751998026,0.8136352217859653,774.4641201705526,817.2220908530984,-42.75797068254576,0.6572803781578256,11.405979698684824,18.328209042853068,10.847412906506923,18.375515023996396,19.757959113116538,24.813975404378137
2020-02-21,41324.0390625,41420.33984375,40610.94921875,41170.12109375,33200,40624.31032969559,39307.75723197753,37528.85732414725,58.764788050713186,-0.9471694692670738,728.6231450857522,799.5023016996292,-70.87915661387706,0.6212777463887179,9.411939204653958,18.327844811671557,-10.410335274932896,18.0731878034024,18.594707826103964,24.720790078690058
2020-02-28,41037.01171875,41037.01171875,38219.96875,38297.2890625,46700,40402.68925662934,39268.13102925292,37544.07379421364,37.66712148852666,-21.097666562186525,455.232667582437,730.6483748761909,-275.41570729375394,-0.14594434637645518,9.189355256936837,18.327332249783993,-10.751520856703959,19.64373864865978,15.10412474071186,35.2941116333428
2020-03-06,38910.94921875,39083.171875,37011.08984375,37576.62109375,71800,40133.53990778369,39201.79730629203,37544.71829519456,34.336795960092985,-3.3303255284336757,178.36082966579852,620.1908658341125,-441.830036168314,-0.17973620904165832,11.048876108820812,18.32654368677054,-11.181653682515929,21.706484917440914,13.226151881702435,38.15968197462006
2020-03-13,36950.19921875,36950.19921875,29388.970703125,34103.48046875,104500,39559.248532637626,39001.86331266293,37476.574971898626,23.536460618545433,-10.800335341547552,-317.6538035129488,432.62193196470025,-750.275735477649,-0.3767541222969901,17.72903859563685,18.325394874852535,-11.556951919719207,25.42145315340401,8.649679868269654,57.16749487231506
2020-03-20,33103.23828125,33103.23828125,26714.4609375,29915.9609375,136200,38640.840190243565,38645.553415597715,37326.85984250459,16.711367027661254,-6.82509359088418,-1036.69641258732,138.7582630542962,-1175.4546756416162,-0.357742930561161,29.101908434163942,18.3238955879052,-11.821887014814502,29.16408468320629,6.472922886235429,51.88979324348642
2020-03-27,27608.80078125,31126.029296875,25638.900390625,29815.58984375,339900,37800.34015724418,38299.28033434878,37178.12182272727,16.587208301183566,-0.12415872647768822,-1596.2414908497158,-208.2416877265062,-1387.9998031232096,-0.1560558204927922,36.9099318787644,18.320144141162093,-12.736409677721657,32.73970087641702,5.388453943754707,46.48023830402159
2020-04-03,29226.55078125,29770.880859375,27500.7890625,27590.94921875,86500,36828.01721072093,37879.34578079589,36988.27682066831,14.088742575867059,-2.498465725316507,-2193.9049326125605,-605.3743367037171,-1588.5305959088435,-0.1271477174291287,45.783462076925055,18.319187197478016,-11.367911253546788,36.059915912969835,5.007322002686893,43.192634172851754
2020-04-10,28898.359375,31227.970703125,28602.310546875,31159.619140625,65400,36288.169775473696,37615.82708902448,36872.85785670706,31.82806148099776,17.739318905130702,-2352.477778600696,-954.7950250831129,-1397.6827535175833,0.12344403901108143,49.19391995471655,18.31991079771136,11.088292827848269,37.98472662430189,8.754362811672605,38.575811710118856
2020-04-17,31195.720703125,31718.73046875,30016.169921875,31588.720703125,78800,35840.60319715477,37379.46997585195,36768.221477428204,33.603359905292024,1.775298424294263,-2415.6765757013563,-1246.9713352067618,-1168.7052404945946,0.1825340677274976,51.64683310927328,18.32078196360447,11.274680966120778,39.40208762940538,9.780577523809999,36.603405511317995
2020-04-24,32056.189453125,32056.470703125,30378.259765625,31327.220703125,99900,35410.757245342415,37142.12686711756,36660.47888783804,33.03870255144419,-0.564657353847835,-2458.5226238491596,-1489.2815929352414,-969.2410309139182,0.2018827205988964,53.9236774078728,18.319677399798753,-11.511934974596555,40.45883553631863,10.313130087041745,34.71898850564855
2020-05-01,31659.0390625,33887.25,31651.580078125,33717.62109375,65600,35249.506183285994,37007.83252306393,36602.20447607392,42.54316624920008,9.504463697755888,-2273.386902503713,-1646.1026548489358,-627.2842476547771,0.3382443669979301,54.28432436696416,18.32040285649531,11.091346218718432,40.13596725468171,15.085530229373292,32.011626474938105
2020-05-08,32748.140625,32748.140625,31158.75,31642.69921875,92500,34906.000758092094,36797.43513858103,36503.99645117642,37.55959736243269,-4.983568886767387,-2267.9508384580913,-1770.472291570767,-497.4785468873242,0.26009134446909116,55.0867054225828,18.319379766098418,-11.434974734252892,39.988017007797325,13.917314951477428,31.024121730658504
2020-05-15,32030.33984375,32845.48046875,30770.48046875,31097.73046875,87800,34543.30834958333,36573.917308391574,36396.94167924719,36.35503374278104,-1.2045636196516512,-2281.3195109185544,-1872.6417354403247,-408.6777754782297,0.2583519874961086,55.73038030829374,18.31840769050746,-11.382828169079987,39.971788146426874,13.035753069254636,30.24422366128811
2020-05-22,31248.259765625,31248.259765625,29968.44921875,30672.58984375,90400,34174.66849188491,36342.49270193504,36283.58817755418,35.401200413235145,-0.9538333295458941,-2299.709950756027,-1958.0553785034651,-341.6545722525618,0.26200432091981724,56.08956167103708,18.317405840780925,-11.412010608265987,40.203797671482846,12.509436128352453,31.553328341893526
2020-05-29,30864.26953125,32480.51953125,30512.140625,32424.099609375,273400,34007.94764593159,36188.830227717,36207.16266135261,42.13678287942199,6.735582466186848,-2148.1893174648067,-1996.0821662957335,-152.10715116907318,0.3687429384602016,54.84073794047897,18.320432703957863,12.518694860909774,39.53159467123731,15.649407209874358,29.57548965123499
2020-06-05,32906.05078125,34488.69140625,32876.55078125,34287.23828125,159400,34034.546754057155,36114.25799452222,36169.144356796125,48.31079989436403,6.174017014942038,-1856.3693338823432,-1968.1395998130554,111.77026593071218,0.48510093831160955,52.23855795097631,18.322193232772552,11.979178318844294,37.67275866090246,21.046143272450998,27.619898984065514
2020-06-12,34841.171875,34927.80078125,32348.099609375,33780.890625,104300,34010.38902748028,36022.75339179586,36121.85220369125,46.84780503324169,-1.4629948611223398,-1646.9726431538293,-1903.9062084812103,256.9335653273811,0.4772344009575591,49.331020684452405,18.32104161876995,-11.55503622867061,36.16972278960788,19.32657001021103,27.03694075573585
2020-06-19,33670.55078125,34848.37109375,32923.73828125,34731.73046875,115100,34079.088212363116,35972.125041872496,36094.3250406231,49.91505403118203,3.0672489979403394,-1388.2960159516733,-1800.784169975303,412.4881540236297,0.5549878687204088,46.54491262062266,18.32231240373868,11.65356528276954,34.77404662340577,18.13600540851419,25.37139821068275
2020-06-26,34892.03125,35706.55078125,34499.78125,35171.26953125,126300,34183.10548082853,35940.718943416716,36076.046713704825,51.31370498148254,1.3986509503005067,-1134.7451604120724,-1667.5763680626571,532.8312076505847,0.6118039931904985,42.762287202435836,18.32370498884727,11.746423225963612,32.947707752574345,20.251702988577343,24.358177392064377
2020-07-03,34926.94921875,36110.2109375,34662.05859375,36021.421875,93300,34358.18323265439,35943.88376426312,36074.96503373047,53.99002530374237,2.6763203222598335,-855.3442158535618,-1505.1299376208383,649.7857217672765,0.7131667521130575,38.2674930810137,18.324732471610293,11.443586104891608,31.008132364125768,20.62579116782965,23.16274681188714
2020-07-10,36313.4609375,36828.4296875,36234.171875,36594.328125,106000,34571.14941287778,35969.3913862528,36085.24945137937,55.75511165204383,1.765086348301459,-580.9909064034073,-1320.302131377352,739.3112249739447,0.8201806558984157,33.22372103293452,18.325898535746504,11.571203807011969,28.806237801019588,22.58192812268324,22.500055417334195
2020-07-17,36880.66015625,37125.98046875,35877.421875,37020.140625,89100,34804.38667117513,36010.59723875269,36103.76214788671,57.07325148799162,1.3181398359477896,-325.4528046244741,-1121.3322660267766,795.8794614023025,0.879874154268181,31.961845091316434,18.326877638940115,11.397525836740476,26.94553377084278,21.55444660010068,22.776373058115794
2020-07-24,37409.03125,38235.73046875,37185.78125,38128.8984375,104600,35121.00683939655,36093.66787399769,36143.86385659192,60.38291518981789,3.309663701826274,-33.088109588272346,-903.6834347390758,870.5953251508034,0.9733575922576095,32.541143478513874,18.328025846762895,11.557908390796706,25.480551783461177,24.729931079745512,21.739272599444874
2020-07-31,38275.33984375,38617.03125,37431.6796875,37606.890625,86700,35357.75767612069,36153.00994266445,36172.83468368911,58.11126630793309,-2.2716488818848006,154.70797252941702,-692.0051532853773,846.7131258147944,0.8839080092996069,34.44408599556934,18.327074223096652,-11.370220696727491,24.334340349026885,25.069353522885745,20.747206334336514
2020-08-07,37595.73046875,38221.3984375,36911.23046875,38040.5703125,81100,35613.26364149015,36227.031917952125,36209.81954762596,59.47529575170477,1.3640294437716776,334.6741319090361,-486.66929624649464,821.3434281555308,0.8759861876168555,34.962003673754595,18.327964408224034,11.303450570483712,22.91842051810446,23.77774522309514,21.724909902272714
2020-08-14,38168.421875,38556.26953125,37654.921875,37877.33984375,95200,35828.88994646728,36291.74987582655,36242.8397515096,58.70050367493527,-0.7747920767695007,458.8380754325626,-297.5678219106832,756.4058973432459,0.8274424475356528,34.58634063248526,18.326919375120866,-11.46374572492597,21.80978660386947,24.26949816647168,20.92613084727399
2020-08-21,38062.0703125,38788.51171875,37734.140625,38434.71875,80500,36077.0641182323,36375.78787089218,36286.24329603416,60.58851810809712,1.8880144331618496,595.3518690001947,-118.98388372850765,714.3357527287023,0.8588199800469756,31.189298049564577,18.327803114097932,11.296024885689746,20.92635852181862,24.170209739659963,19.999771355475175
2020-08-28,38566.9609375,39579.578125,38545.76171875,39467.30859375,97200,36399.944544472084,36497.02397767091,36349.234688068136,63.88263229185901,3.2941141837618915,777.8943230745499,60.391757632103875,717.502565442446,0.9037992964054332,31.75543247994132,18.328869147960287,11.484536278461452,20.590595641775188,26.381385242027207,19.01544212060708
2020-09-04,39888.1484375,40010.171875,38249.76953125,38357.1796875,91600,36586.347891427125,36569.97126040931,36388.9959751856,58.24608838308621,-5.636543908772801,823.4897310607339,213.0113523178299,610.4783787429039,0.7755598666415304,31.204639982606313,18.327864562546964,-11.425197467633199,20.53053066218769,26.23658939503673,17.582463977529326
2020-09-11,38284.78125,38978.51953125,37935.26171875,38854.55078125,66300,36802.3672142674,36659.56261416777,36437.81884263242,59.951044099010126,1.7049557159239157,889.5044572628904,348.30997330684204,541.1944839560483,0.7926583493455824,30.23001870934156,18.328591781452403,11.101960259016467,20.200798510119974,25.032650710658118,18.159008842419524
2020-09-18,39073.51171875,39359.51171875,38573.171875,38845.8203125,63700,36996.981795051455,36745.2982101808,36485.502040055544,59.90480394296629,-0.04624015604383658,930.3921460137135,464.72640784821635,465.66573816549715,0.7638725756615163,30.49390366819819,18.327893090900545,-11.06195554002416,20.135510936581188,25.873620461849328,17.50691524014938
2020-09-25,38812.69140625,38990.76171875,36495.98046875,37388.66015625,73500,37034.28449611799,36770.528090418804,36503.38635918811,52.611008553188036,-7.2937953897782535,835.5832042684779,538.8977671322687,296.6854371362092,0.6117288913647109,28.364296140297,18.327086302426974,-11.205054290550551,18.943680461604497,23.046005138719426,24.69294363106298
2020-10-02,37756.25,38738.890625,37544.05078125,38697.05078125,55500,37192.64318994008,36846.07799986316,36546.825258634875,57.60267133198742,4.9916627787993875,856.1534199465023,602.3488976951154,253.80452225138686,0.7226346528297082,25.474531918066095,18.327695570225497,10.92415631759022,17.836980734840427,21.665936445649432,23.214250979566607
2020-10-09,38956.78125,40585.359375,38819.890625,40509.48828125,72800,37508.53319863626,36989.74114815285,36625.293833340125,63.36014336304853,5.757472031061106,1007.0948604925725,683.2980902546068,323.7967702379657,0.9151984809820586,22.049090119621443,18.328494191540464,11.195484970354173,17.5300393853806,27.963059297682673,21.29378076003797
2020-10-16,40716.94921875,41048.05078125,39667.46875,39982.98046875,85000,37744.194843409,37107.12308229391,36691.78267760567,60.77808063961305,-2.5820627234354774,1071.8763361569581,761.013739435077,310.8625967218811,0.840250293575244,19.544253132721156,18.327561672915028,-11.350418300109132,17.507108845937022,28.302532755050123,19.99159124171991
2020-10-23,40318.5703125,40976.01953125,40150.48046875,40685.5,67400,38024.319144036715,37247.451588870616,36770.86618894021,62.94779687830613,2.169716238693077,1166.4573827041895,842.1024680888996,324.3549146152899,0.8987333812136565,19.074387576965787,18.328301176705065,11.118415133585586,17.48581620216799,27.022458748814042,19.08740656986377
2020-10-30,40649.76171875,40724.3984375,39241.87109375,39614.0703125,84900,38175.72401722369,37340.26016626784,36827.16726069387,57.70483990516112,-5.242956973145006,1141.7962061220605,902.0412156955318,239.7549904265287,0.7383555899699692,16.655181948109234,18.32736957579224,-11.349241150793087,16.72818174737623,25.190688984400605,21.94804655588915
2020-11-06,39880.37890625,41954.9296875,39334.921875,41893.05859375,119300,38529.75588165477,37518.801281071064,36927.48194055637,64.48147080925881,6.776630904097686,1291.2624838725606,979.8854693309377,311.3770145416229,1.038623417586033,16.574751038009175,18.32867839822764,11.68940499028055,16.782273095382568,27.67903246072525,19.440044767694616
2020-11-13,42273.96875,43708.46875,42263.640625,43443.0,122200,38997.68389292574,37751.122799460434,37056.50210014931,68.21179852954016,3.730327720281352,1517.2925004563149,1087.3668755560132,429.9256249003017,1.1520658828588823,18.028552444805268,18.330017262504022,11.713422508992204,17.709446134471253,33.09345194743843,17.91265852760933
2020-11-20,44095.8515625,44230.0,43453.75,43882.25,80400,39462.88066502806,37991.55916026591,37191.66542489883,69.19907094627021,0.9872724167300504,1712.1303482019212,1212.3195700851948,499.8107781167264,1.0948852378761358,19.76147989398814,18.330897175260322,11.294781892900653,18.798605677883682,34.267267323212856,17.278859819866284
2020-11-27,44164.171875,44825.37109375,43582.3984375,44149.71875,85100,39909.24619693015,38233.05561476529,37329.44865905924,69.8138578683251,0.6147869220548898,1866.6061651171185,1343.1768890915796,523.4292760255389,1.03362502851714,21.298780587605183,18.331827683012566,11.35159406537374,20.063586988851238,35.041074416828636,16.298020882372754
2020-12-04,44435.828125,45148.28125,44118.1015625,45079.55078125,90300,40401.65615734157,38501.545621294106,37482.916027815496,71.91273220450302,2.0988743361779143,2040.5369966447834,1482.6489106022204,557.8880860425629,1.0400922170963147,23.267891629076665,18.332814103147065,11.410903813540878,21.37429330032402,34.86284030149832,15.512081957300024
2020-12-11,45099.921875,46309.62890625,45024.46875,46099.01171875,96600,40944.261448904275,38799.48546825316,37653.53178407162,74.04367956528591,2.1309473607828977,2234.8781275095316,1633.0947539836827,601.7833735258489,1.0374745241731569,26.007332686178593,18.333868267180776,11.478344372113902,23.0493952821033,38.23989464328962,14.568259001387895
2020-12-18,46284.69921875,47026.01953125,45841.671875,46960.69140625,77900,41517.254778175295,39119.532759939306,37837.831974609806,75.72041461246698,1.6767350471810687,2430.408981434797,1792.5575994739056,637.8513819608916,1.0211522181676511,28.36307556741639,18.33471755560285,11.263194068746921,24.859800054375597,39.506848013597434,13.738654169749559
2020-12-25,46932.1796875,47055.69140625,44923.078125,46973.5390625,73700,42036.900900491935,39427.53300709855,38018.737065459114,75.74557255254456,0.025157940077576768,2556.930586217444,1945.4321968226134,611.4983893948308,0.9520067550270783,30.028325493595297,18.335520390942154,11.207771646606407,25.671648414003325,35.57802029422259,16.655921286314687
2021-01-01,47153.58984375,47984.359375,47148.23828125,47868.98046875,134600,42592.33704984985,39758.570162457436,38213.791390276754,77.49580317366635,1.750230621121787,2698.349612842394,2096.0156800265695,602.3339328158245,0.9550027031488795,31.55300879041423,18.33698496610221,11.810070125585671,26.79888478397383,38.297590352362334,15.851281475960178
2021-01-08,48109.171875,48854.33984375,47594.46875,48782.51171875,89200,43181.877494507,40112.450223488515,38423.07298093959,79.14892062661157,1.6531174529452244,2851.271860336674,2247.0669160885905,604.2049442480834,0.9539481530152186,33.29945954508551,18.337954365954804,11.398647529267592,28.16500481568884,40.17045809947673,14.886013080295864
2021-01-15,49252.30859375,49795.19140625,48795.7890625,49034.671875,100300,43739.28648312538,40462.34126864583,38633.2036521091,79.59450009626681,0.4455794696552431,2958.7049514893224,2389.3945231687367,569.3104283205857,0.9127454714939031,34.935938269047995,18.339043276157952,11.515930943990057,29.74905861920118,42.81114689339109,14.140624117456305
2021-01-22,49061.21875,50184.01171875,48403.96875,48878.5390625,77500,44228.739109732494,40792.388240953835,38836.081581027735,78.47625423974222,-1.1182458565245952,2996.7037022329823,2510.856358981586,485.8473432513965,0.8604780709878643,35.15391469376706,18.33820199904802,-11.258046118484,30.840456305819952,39.10455337528836,14.822115298756833
2021-01-29,49253.6796875,49263.1484375,46160.4609375,46285.76953125,74600,44424.646768924635,41007.81495822035,38983.60015429946,62.71821021372061,-15.758044026021608,2785.4937158243483,2565.7838303501385,219.70988547420984,0.6704993122596273,33.95562994108839,18.33739153291841,-11.219909190927746,30.000351013570313,33.63770866448084,22.858757863823538
2021-02-05,46617.94921875,51073.26953125,46433.6484375,50731.62890625,138600,45025.311734384195,41389.14099539798,39216.234387011355,72.80290997981362,10.08469976609301,2942.92773683383,2641.212611646877,301.7151251869527,0.9166918425454181,34.55045741409956,18.338896782008465,11.839354580719126,29.997963074561522,34.424118733248385,18.549543746954118
2021-02-12,51146.671875,51835.859375,50846.21875,51544.30078125,85000,45646.1678340857,41787.382555627475,39460.35451362994,74.1779072871962,1.3749973073825856,3097.5643674044186,2732.4829627983854,365.0814046060332,0.928410074397853,33.62090128675529,18.339818794958948,11.350418300109132,30.283547577252023,35.97344357104979,17.719807488454894
2021-02-19,51907.75,52516.76171875,50624.328125,50889.76171875,82600,46145.557727863255,42144.338601240124,39686.67940878083,71.06174339790833,-3.1161638892878756,3131.2046015562446,2812.227290549957,318.97731100628744,0.8535697436858694,32.363744966731666,18.338922826981342,-11.321777065973317,30.795878989229355,35.97396265798091,16.368479472626557
2021-02-26,50910.51171875,51386.12109375,48890.48046875,49099.98828125,133700,46426.93206628104,42417.10917692679,39873.08156467131,63.23869872693962,-7.823044670968713,2979.103717611877,2845.6025759623412,133.50114164953584,0.7106476994192066,30.959207316753044,18.33747087026597,-11.803361242493628,30.0375843674909,32.45854514097423,21.55811570862265
2021-03-05,49747.7109375,51539.890625,49440.4609375,50405.3203125,92700,46805.826184968566,42730.37235871397,40081.64074779663,66.16434713346848,2.9256484065288646,2930.115509406329,2862.5051626511386,67.61034675519022,0.7791977747180977,29.12237091830753,18.3384777988118,11.437134538982278,29.401083202162962,30.018442520784035,19.54697158006631
2021-03-12,50654.01953125,51821.83984375,50318.26171875,50792.078125,47900,47185.469226876325,43046.51768288205,40293.72861665214,67.00229646087594,0.8379493274074576,2889.1952799358114,2867.843186108073,21.352093827738372,0.7849448619743312,27.34588539268488,18.338997702500013,10.776891660007811,28.938985452020866,29.361581265318815,18.40734693507396
2021-03-19,50773.46875,50857.98046875,48586.9296875,49858.23828125,47900,47440.0186606262,43313.64398085726,40483.12484763427,62.94863477950384,-4.053661681372098,2749.7156222459744,2844.217673335653,-94.50205108967884,0.7008735446613028,23.260622233927023,18.3384777988118,-10.776891660007811,27.35563029172066,26.8182746812216,23.416377406911813
2021-03-26,49878.76953125,50264.6484375,48236.3515625,49008.5,59100,47589.39783580466,43536.97166788247,40651.94415758211,59.425508685771824,-3.5231260937320172,2541.3155076343246,2783.6372401953877,-242.32173256106307,0.6041709803988369,20.406034750684967,18.33783595828922,-10.987003123724813,25.67284509236867,24.755813265465726,22.94479411745966
2021-04-02,49331.6796875,50268.44921875,49331.6796875,50029.828125,30900,47821.81976810897,43791.59348973022,40837.64483020425,62.166355956193144,2.7408472704213196,2430.5516727376234,2713.020126703835,-282.46845396621165,0.6902743557868277,18.622509565922467,18.33817159126917,10.33854382482173,24.112493838593686,23.559275631233177,21.822109107022452
2021-04-09,50020.91015625,50118.078125,48580.80078125,49591.3203125,62800,47990.34362947955,44019.03375728982,41010.98493876456,60.28345862398364,-1.8828973322095024,2281.091615650599,2626.634424493188,-345.5428088425888,0.622356025463078,16.6157802808754,18.337489345183084,-11.047726275896391,22.59673185495268,22.136099271057976,23.454500108294088
2021-04-16,48956.6484375,49089.55078125,47693.44140625,48832.03125,57100,48070.5043552434,44207.77875700394,41165.85714294744,57.060734857663114,-3.2227237663205273,2077.4278666148894,2516.793112917528,-439.36524630263875,0.4992417031432444,14.262441934770198,18.336868618441308,-10.9525769086256,21.717083905206323,20.49040805569554,25.186781654345747
2021-04-23,47940.80859375,48478.33984375,47204.5,47878.44921875,49100,48052.21338986308,44351.72661824888,41298.779758309865,53.21322204077254,-3.8475128168905712,1818.1186377650956,2377.058217887042,-558.9395801219462,0.32090467714800963,12.526894297851914,18.33633455038589,-10.801634680173994,21.17714867575877,19.173957539780716,25.498709595013175
2021-04-30,48197.37109375,50375.76953125,48152.23828125,48782.359375,72200,48121.75110273326,44525.4769224352,41446.96945368987,56.226283733481814,3.0130616927092717,1666.3436289053934,2234.915300090712,-568.5716711853188,0.4406651782815041,11.292519569278292,18.337119781973996,11.187209175200515,19.900368327514094,24.62585207224661,23.051441148167385
2021-05-07,48356.01171875,49011.30859375,48028.0703125,48949.76171875,50100,48200.60925663962,44698.978286996564,41595.539597552444,56.781390634002946,0.5551069005211318,1541.7959470619753,2096.2914294849647,-554.4954824229894,0.44967273023308246,10.543164118693605,18.33766429659458,10.821796246953596,18.6361006020122,23.66290869906502,22.643872335318857
2021-05-14,49496.05078125,49617.46875,48473.4296875,48732.55078125,62800,48251.27035422156,44857.1576004967,41736.86655168507,55.79273354032891,-0.9886570936740355,1409.3181620329487,1958.8967759945617,-549.578613961613,0.3818560522771554,9.722593948254662,18.336981704202703,-11.047726275896391,17.83298603800386,25.032481255303352,21.586197000882795
2021-05-21,48990.69921875,50591.12109375,48923.12890625,50540.48046875,74700,48469.290365129025,45080.03300709487,41911.195540141794,61.7607921408926,5.968058600563687,1433.6867310326197,1853.8547670021735,-420.1680359695538,0.7347199622776698,9.550096867558546,18.33779358883783,11.221248757912162,17.64359202684754,27.099011067270023,19.955451938065103
2021-05-28,50727.28125,51529.3203125,50465.8984375,51422.87890625,64500,48750.58451190245,45328.7720619637,42099.5457058073,64.29442305830227,2.533630917409674,1506.8313629436816,1784.4500861904753,-277.6187232467937,0.8728924071660228,10.055384974121448,18.338494083821004,11.07443600653965,17.95405672633198,29.81785263643402,19.06784082455763
2021-06-04,51476.21875,52389.01953125,51179.94140625,52100.05078125,73900,49069.58129945936,45594.312403896496,42297.575509281414,66.14810942754818,1.8536863692459065,1600.9859521851831,1747.757259389417,-146.77130720423384,0.9395051126440229,10.90265611935449,18.33929606373633,11.210481638644469,18.651341235081638,31.950233521902927,18.083002021136554
2021-06-11,52231.37890625,52641.53125,51717.0703125,52474.76171875,64400,49393.88419653466,45864.133945655456,42499.10394907287,67.16396746235473,1.0158580348065556,1686.4004094007687,1735.4858893916876,-49.085479990918884,0.9395285897981391,11.75146705388577,18.339994423371135,11.072884439922198,19.415975242810344,31.761123472707098,17.34532711005835
2021-06-18,52492.33984375,52869.51171875,51601.109375,52344.44921875,59800,49674.890389126595,46118.263956365045,42694.06128114569,66.41750658799162,-0.7464608743631089,1723.7070307588365,1733.1301176651175,-9.423086906281014,0.9105760405632922,10.402223345669983,18.339345962744545,-10.998777662206932,20.234915201724995,30.977319296603355,16.35924968298728
2021-06-25,51887.55078125,53057.109375,51740.19140625,52925.0390625,52400,49984.4283580193,46385.196313468376,42896.65490057845,68.11766306727398,1.7001564792823558,1779.607339520764,1742.425562036247,37.18177748451717,0.9566601484374079,11.381827045614342,18.339914201873903,10.866680954096502,21.08802670654747,29.977314958805852,15.381529846976076
2021-07-02,53126.73046875,53126.73046875,52177.6796875,52484.671875,37100,50222.54678820794,46624.39143352844,43086.516622844225,65.4126587726276,-2.705004294646386,1767.9944457926904,1747.5393387875356,20.455107005154787,0.8579957012078051,11.801580976752069,18.3395119132736,-10.521399202410167,21.916271963284004,28.973671035859038,14.69970162138312
2021-07-09,52682.890625,53129.37109375,52228.01171875,52386.19140625,35400,50428.60818040242,46850.34437363518,43270.66859875325,64.79299499096302,-0.6196637816645705,1730.8919481192133,1744.2098606538711,-13.317912534657808,0.8157941185985702,12.27069040152295,18.339127907441366,-10.474495347310453,22.68681876034109,27.729724961077366,14.0621429398129
2021-07-16,52634.328125,53290.80859375,52208.9609375,53140.05859375,56900,50686.8415531022,47096.99983324752,43466.10206400071,67.34332124859594,2.5503262576329178,1742.235328738352,1743.8149542707674,-1.5796255324153208,0.8862845437728073,12.812992397589603,18.3397450651988,10.949068194652432,23.49665980080066,27.049842072648726,13.315648172408839
2021-07-23,52606.98828125,53114.69921875,52013.51171875,52975.80078125,52200,50904.83767006865,47327.54104689468,43654.41292968881,66.21779085916427,-1.125530389431674,1718.1648717734133,1738.6849377712965,-20.520065997883194,0.825729165055757,13.385848584569688,18.339178899756714,-10.862856930775358,24.0098180882597,25.53001501532135,13.54228971802806
2021-07-30,52985.26171875,53103.421875,51802.73046875,52586.83984375,53900,51065.0283532764,47533.78805853606,43831.29267056131,63.51087099031405,-2.706919868850221,1648.6978022507683,1720.687510667191,-71.98970841642267,0.7485532490917005,13.723874522239313,18.338593959409756,-10.894904309600681,24.22347289381393,23.862911541612636,13.716185144667914
2021-08-06,52901.28125,54717.23828125,52804.078125,54277.71875,53100,51370.99886725008,47798.25592878955,44038.15259292644,69.37233158959158,5.861460599277535,1710.368383582012,1718.6236852501552,-8.255301668143147,0.926246961009086,14.720084684720305,18.339170220397303,10.879951039444416,25.404391564712316,29.222260463095175,12.299509212488731
2021-08-13,54385.7109375,55487.7890625,54124.26953125,55437.2890625,50100,51758.26460013102,48097.825855601724,44263.87806757146,72.62049058970625,3.2481590001146685,1831.6957484873274,1741.2380978975898,90.45765058973757,0.9950239234527911,15.889988510914588,18.339713619971036,10.821796246953596,26.874756567510502,31.03591028552409,11.48209264558225
2021-08-20,55479.73828125,56118.5703125,55013.98046875,55329.3203125,35700,52098.365144166164,48381.413873519305,44482.99573578787,71.85634843953765,-0.7641421501685954,1897.2658834018875,1772.4436549984493,124.8222284034382,0.9196629848463054,16.927043602951976,18.33932643734221,-10.482933978579906,28.51881515181893,32.46459435187335,10.852842232959519
2021-08-27,55695.83984375,56198.12890625,55240.2890625,56124.71875,34800,52481.82739234081,48685.072888283255,44713.524904386126,74.0247792444564,2.168430804918742,1990.46782020502,1816.0484880397635,174.4193321652565,0.9429620263564115,17.97141620065555,18.33970386090619,10.457401400981889,30.080222784607436,31.288414256032915,10.324462154301454
2021-09-03,56329.25,58194.7890625,56309.859375,58129.94921875,36300,53019.743756760734,49055.460195360385,44979.19667298739,78.51839637607728,4.49361713162088,2200.7672916153897,1892.9922487548888,307.7750428605009,1.0514060235697176,19.634893639054255,18.34009740099524,10.499600568082863,32.26737904493269,37.92094210717718,9.273638175358284
2021-09-10,58411.62109375,58553.0703125,57924.48046875,58305.0703125,23600,53523.10819064066,49418.190003875665,45243.07535891834,78.86231297096703,0.34391659488974824,2354.4216394683535,1985.2781268975818,369.1435125707717,1.0029787926619214,20.014125646128697,18.3403531732092,10.069044362997353,34.40678705196439,38.53542913414278,8.974921050328968
2021-09-17,58262.109375,59737.3203125,57944.62890625,59015.890625,59700,54046.23032724632,49794.570420390344,45515.80437408827,80.2448382335313,1.3825252625642719,2504.678698874879,2089.1582412930416,415.5204575818375,0.9979986745680263,20.768560289256115,18.340999898298872,10.997104049659168,36.719707710394104,41.013314532353306,8.166955196885906
2021-09-24,58634.69140625,60333.0,58232.5390625,60048.46875,101600,54617.87208179428,50196.68408037504,45803.57990628454,82.07857091237429,1.833732678842992,2676.2290237788548,2206.5723977902044,469.6566259886504,1.0143888993851888,21.618639475322095,18.342099561896422,11.528808656597766,39.01326081148129,39.72253668591101,7.333870144857099
2021-10-01,60303.7890625,60412.3203125,58551.140625,58765.578125,62500,55012.89170495673,50532.71914094857,46060.25313833831,73.01092264686196,-9.067648265512332,2677.797359258846,2300.817390083933,376.9799691749131,0.8737184673596139,20.7272710218627,18.341423238759994,-11.042937835596494,41.16244540117935,36.57700502522735,6.683321330975554
2021-10-08,59143.0,60212.30078125,58952.109375,60059.05859375,41300,55493.47902769895,50906.30108027412,46337.4572067623,75.90164989477827,2.890727247916317,2751.693530042212,2390.992618075589,360.70091196662315,0.9328028006205696,21.17629832699929,18.34187020434787,10.628641991731053,43.15811680589896,34.04870323804192,6.22135203486217
2021-10-15,60099.6796875,61353.25,59811.421875,61305.94921875,70100,56047.04761732286,51314.13041903788,46633.8629891779,78.31305723728566,2.4114073425073883,2877.6981179204377,2488.3337180445587,389.3643998758789,0.9682945235775321,22.292790609504276,18.342628398360084,11.157692338256169,45.29204647753652,36.985195488826264,5.76406878986774
2021-10-22,61817.3203125,62245.4296875,60485.6484375,60821.62109375,85500,56501.768900792114,51686.97319059522,46914.808694218926,75.16672269915166,-3.146334538133999,2904.9895187604125,2571.6648781877293,333.32464057268317,0.8814035826504151,22.844771608719476,18.34170356257068,-11.356283350762888,47.45996328014951,38.12146242955687,5.286459437273501
2021-10-29,61398.75,61576.8515625,59089.37109375,59306.9296875,43700,56768.92707095477,51985.795014003255,47160.197228739344,66.20792278713317,-8.958799912018492,2772.436293065126,2611.819161163209,160.61713190191676,0.7379774491663448,22.533099500984502,18.341230538214884,-10.685126264117057,47.71366673764691,33.851646604093,10.98146443053229
2021-11-05,59577.48046875,60421.140625,59355.12109375,60067.62109375,23500,57083.08840645908,52302.72937007176,47415.78978052173,68.25426666960007,2.0463438824669,2697.671270662082,2628.989583062984,68.68168759909804,0.7703834718491748,22.141439206414347,18.34148493838931,10.064798252418377,47.94924851960878,32.11640884719046,10.418553800842629
2021-11-12,60385.76171875,60750.71875,59656.26171875,60686.69140625,34300,57426.28869215345,52631.512195019925,47678.579911724264,69.85421681882325,1.5999501492231758,2657.736519968399,2634.7389704440675,22.99754952433159,0.7895094986524729,21.936274109758894,18.341856138257956,10.442929787247998,48.29736659493903,32.013382830513834,9.882671361290189
2021-11-19,60837.3984375,61036.55859375,59376.5,59636.01171875,41100,57636.73850421026,52906.19845085248,47915.36073958616,63.96225535084682,-5.891961467976429,2512.346110365448,2610.260398428344,-97.91428806289605,0.6851732928862159,20.838263990821837,18.341411331375756,-10.623787731088578,48.73309454937992,30.866703771996978,9.116705525928717
2021-11-26,59710.48046875,59778.37109375,56993.890625,57107.1484375,46600,57586.301354999756,53070.94158758375,48097.37633756465,52.48707892392742,-11.475176426919397,2168.0728369829085,2521.822886139257,-353.7500491563487,0.4502913513946046,19.163790787318053,18.34090676100244,-10.74937727911096,46.595171466781956,27.075960602575925,18.50563152675677
2021-12-03,57028.0390625,58757.08984375,56382.9296875,57696.4609375,44800,57596.7927438093,53252.33450326674,48287.45722073169,54.534118342112734,2.0470394181853138,1920.6463653927785,2401.5875819899616,-480.94121659718303,0.48167235787825247,17.697168069764086,18.34139184625935,10.709985739582528,44.102043189731226,24.332087648474864,19.238129873447114
2021-12-10,57778.01171875,58889.9609375,56687.62109375,58786.671875,45000,57710.11456582746,53469.36734137393,48495.36246141027,58.128182698901014,3.59406435678828,1791.8744027179782,2279.644946135565,-487.77054341758685,0.566386371727252,15.844635010855857,18.34187886030486,10.714439990727769,41.874197186823906,22.649864707252863,17.46956415509374
2021-12-17,59103.71875,59203.37109375,56950.98046875,57011.73828125,34100,57643.602538724845,53608.28384882005,48664.00356675363,51.052426236290465,-7.075756462610549,1528.974323027258,2129.510821513904,-600.536498486646,0.32171287965906414,13.295776397638386,18.341509833653042,-10.43708198835482,40.01651920417263,21.84671951570867,15.863370599803625
2021-12-24,56517.26171875,57623.69140625,55132.6796875,57124.30859375,39200,57594.14597253676,53746.167172150635,48831.53435936742,51.45602323519715,0.40359699890668566,1314.554236255026,1966.5195044621285,-651.9652682071026,0.2952297948781298,11.796341400513983,18.341934040269408,10.576457535657255,37.472316213565364,19.690516450299583,21.502031809087953
2021-12-31,56948.328125,58409.30078125,56543.078125,58253.8203125,30800,57656.97210015231,53922.937883536884,49018.11427923143,55.42735960453883,3.971336369341678,1221.6841146527877,1817.5524265002605,-595.8683118474728,0.43252841709160966,10.742920693289022,18.34226721927255,10.335302435967074,35.04276161837766,21.343085796713478,19.91611493378892
2022-01-07,58310.08984375,60332.71875,58306.44921875,59744.6484375,40200,57855.79841799495,54151.2402582021,49230.520896226844,60.070546907212346,4.6431873026735175,1253.926757390036,1704.8272926782156,-450.9005352881795,0.6519882186925353,9.436124144383705,18.342701915846753,10.601647149919609,33.92845046784216,27.129099879786956,18.29714511879626
2022-01-14,60070.390625,61348.5703125,59987.1796875,61223.03125,36500,58176.48725913829,54428.56539513535,49467.99634877681,64.06791607064602,3.9973691634336745,1382.8319952053644,1640.4282331836455,-257.5962379782811,0.8908086814409415,8.94618025591603,18.343096439427956,10.505094936455558,33.38895837417957,29.41980491389652,17.13952134293964
2022-01-21,61219.640625,61475.1484375,58620.9296875,59037.1796875,46500,58258.45796660131,54609.29536738495,49657.48512776142,55.259351802325284,-8.808564268320737,1293.6974330070589,1571.0820731483282,-277.3846401412693,0.46871111205171545,8.80065361784742,18.3425938000255,-10.747229096720554,31.887483491565554,26.23845727038223,20.46235591489474
2022-01-28,59023.96875,59023.96875,56409.62890625,57200.23046875,44500,58157.67439537738,54710.9006654777,49806.84642164238,49.14431615293397,-6.1150356493913165,1062.5824117490556,1469.382140868474,-406.7997291194183,0.14287973316717165,9.207154742098199,18.342112542826214,-10.703266939811954,30.025917790554477,23.697895980578142,26.629765975161625
2022-02-04,57845.91015625,59618.51171875,57737.66015625,58644.8203125,44300,58204.06924462715,54865.17202418445,49981.85580561976,53.50203533247306,4.357719179539096,984.6381243759752,1372.4333375699744,-387.7952131939992,0.41183399871754434,9.23815097128545,18.34259163758984,10.698762529141884,27.95881499111777,23.775606619372354,24.29791514485738
2022-02-11,58549.671875,59060.23828125,57058.76953125,58152.921875,38700,58199.19806656742,54994.1033908831,50143.65909412234,51.87210448703357,-1.629930845439496,873.1099540765499,1272.5686608712895,-399.45870679473956,0.33895270945745065,9.242779306871657,18.342173118270672,-10.563620718477313,26.408129377192925,22.054317858480015,24.994500318180044
2022-02-18,56720.3203125,58569.21875,56295.69921875,57832.96875,41800,58164.31908403719,55105.431444181806,50295.92265166447,50.788282400102744,-1.083822086930823,750.2570362741317,1168.106335951858,-417.8492996777263,0.2925132110568198,9.413023053373779,18.341720877294826,-10.640675541671662,25.36614395706746,20.26001234572449,25.691652360732455
2022-02-25,57551.6484375,58141.9609375,54383.19921875,55858.51953125,52400,57944.71912662889,55134.96431034134,50406.07308492359,44.595830011990145,-6.192452388112599,487.9488919272262,1032.0748471469317,-544.1259552197055,0.02066176478141256,10.351883097888868,18.341153664153257,-10.866680954096502,25.269196319085893,17.696574665808885,28.878798806975837
2022-03-04,55329.4609375,56324.5390625,53887.71875,54333.80859375,41000,57600.822885402325,55103.546439102465,50483.85002569243,40.49023868006012,-4.105591331930022,155.24677935426735,856.7092335883989,-701.4624542341315,-0.10519973646164112,11.574076473417634,18.340709627882756,-10.62135173563291,25.380728844315325,16.260186024149696,28.18516273398201
2022-03-11,53172.51171875,56242.46875,52260.8203125,55550.30078125,67000,57405.53506595925,55121.066217225896,50584.175783228224,44.85251963373153,4.362280953671409,-10.144351201226527,683.3385166304739,-693.4828678317004,0.11748134166363569,11.742400973731396,18.341435146002446,11.112462823634855,26.09089121587702,14.228052269658765,29.7692040031742
2022-03-18,55614.3984375,58095.83984375,55418.94921875,57863.9296875,31300,57449.19169658218,55228.62949056998,50728.32932588707,52.0514786951705,7.19895906143897,44.95429802111903,555.661672908603,-510.707374887484,0.46642164819867216,11.622747297495954,18.341773901772637,10.351405324899678,25.5455308937324,18.792460135934697,27.29903600885002
2022-03-25,58030.41015625,58416.55859375,56930.30078125,57362.19921875,81600,57440.906698693405,55312.298891675084,50859.69308614178,50.511565243412036,-1.5399134517584656,47.58637271929183,454.04661287074083,-406.460240151449,0.4091087293208639,11.26067074987657,18.34089051523667,-11.309596795779068,24.847049012171233,18.924174862283174,26.008634034078774
2022-04-01,57472.71875,59396.62109375,56825.08984375,59276.69140625,35500,57615.74333750832,55467.76526479567,51026.36632020333,55.875801280401596,5.36423603698956,201.82926816408872,403.6031439294104,-201.7738757653217,0.7259619067700803,10.641015021726846,18.34127492758716,10.477316144080852,23.62364844882661,20.477372842944046,23.903313820991016
2022-04-08,59764.12890625,60845.1015625,58876.359375,59447.1796875,46700,57790.165847031334,55623.82073235271,51193.115099753755,56.32975896049147,0.4539576800898715,333.97499765030807,389.67751467358994,-55.70251702328187,0.7568785059655537,10.572110547704405,18.341780394372623,10.751520856703959,22.151343470599972,23.799300297371058,22.407828634056678
2022-04-15,59333.1796875,59355.76171875,58291.23046875,58338.9296875,23100,57842.42906993311,55730.29559333888,51334.61637871903,52.545328426969675,-3.7844305335217925,345.2945863058849,380.80092900004894,-35.50634269416406,0.5660053215221604,10.50982731328839,18.341530398838234,-10.047631185616188,20.659635347372006,22.893623723816926,23.481394499214204
2022-04-22,57338.578125,57991.53125,56009.0703125,57197.1484375,50200,57780.97377160614,55787.81923428638,51450.70612245727,48.90027579393783,-3.6450526330318453,259.1459638986489,356.46993597976893,-97.32397208112002,0.38319212394803825,10.568335377252811,18.340986902917784,-10.823790225800138,20.32210786533943,21.146873717163086,29.16344616417109
2022-04-29,56757.640625,57975.48046875,56356.87109375,57060.87109375,30500,57712.39256419127,55837.74283661829,51561.79849812643,48.46810918651,-0.4321666074278312,177.82624696820858,320.74119817745685,-142.91495120924827,0.3747712265373224,10.562681315868787,18.34065654694084,-10.32551474894327,20.008689489166322,20.004916130594115,27.58858365526788
2022-05-06,56429.44921875,57184.2109375,54586.75,54835.578125,74800,57438.410236649244,55798.44225969208,51626.625817470456,41.94872099748804,-6.51938818902196,-65.4285401222296,243.5072505175196,-308.9357906397492,0.06432952289329064,11.458781114591853,18.33984590012181,-11.222586532857163,20.425476382689993,18.29732798141556,31.05068280522083
2022-05-13,54188.2109375,54857.01953125,52654.890625,52793.62109375,40700,56996.049365896935,55680.60613553749,51649.734634822526,37.0270361531522,-4.921684844335836,-418.1583098213159,111.1741384497525,-529.3324482710684,-0.09727928383496978,13.704940944746705,18.339404536664215,-10.614007941153417,21.457044922672825,16.974447975049806,35.14832109036388
2022-05-20,52946.3203125,54786.0,52632.48046875,54326.390625,34700,56741.796152478186,55627.499644928175,51702.73772373693,42.482251479019425,5.455215325867222,-567.4759923083984,-24.55588770187768,-542.9201046065207,0.14176353675552866,14.505065491959249,18.33978084649662,10.454523783963511,22.421991586668813,15.77342954814432,32.735048721071
2022-05-27,54459.94921875,54936.62890625,53425.25,54884.66015625,33400,56564.92605759931,55598.368684587855,51765.746088737185,44.37241644274717,1.8901649637277487,-633.4614961252519,-146.33700938655252,-487.1244867386994,0.2361941711714276,14.458137711779868,18.340142924564585,10.416341118636355,23.213244617570634,15.47864945485467,31.073353532148783
2022-06-03,55507.75,56432.6484375,55091.4296875,55769.23046875,33300,56489.14552532794,55605.06914671187,51845.02300715328,47.32611582837855,2.9536993856313742,-607.376592464665,-238.54492600217503,-368.83166646249,0.36176084272872927,12.981908890447858,18.34050378810128,10.413342705547674,22.95499282799173,19.782146911481618,29.425778048051765
2022-06-10,55610.640625,55832.28125,54205.98828125,54303.44140625,24700,56280.983228272904,55554.024921595716,51893.70455961064,43.22988881865225,-4.096227009726299,-696.9470735856812,-330.2253555188763,-366.7217180668049,0.19503365217314234,13.035974367098294,18.340236133026536,-10.114599007626499,23.0726494513124,18.662593079641404,30.841741275107438
2022-06-17,53184.609375,53207.5390625,50921.21875,51360.421875,37800,55812.358337485006,55389.56990016059,51883.14450645004,36.41485400592817,-6.815034812724079,-993.9517484829412,-462.9706341116893,-530.9811143712518,-0.06873663082158449,15.311650088874169,18.339826384478606,-10.540090836284206,24.254416171781088,16.563156513546605,38.29752188695162
2022-06-24,51470.03125,52909.87109375,51062.9296875,52727.98046875,28500,55518.60806427215,55285.19384402684,51899.873931446076,41.064286909495884,4.649432903567714,-1106.2276401576237,-591.6220353208762,-514.6056048367475,0.13415658891948418,15.804722401670595,18.34013533744694,10.25769445336048,25.351770983644872,15.535403154139903,35.92113869307948
2022-07-01,53468.890625,53509.5,52094.25,52907.9296875,28800,55269.97202838909,55191.96779867285,51919.83543156596,41.668701117782206,0.6044142082863218,-1167.231576126018,-706.7439434819046,-460.4876326441133,0.18915085198774897,16.13453042214704,18.34044744561758,10.268165387743457,25.967287817425575,16.842488540521323,34.171399598110845
2022-07-08,52851.671875,54627.140625,52674.80859375,54481.83984375,43600,55194.91182032823,55164.11964357783,51970.56819220327,46.807063657172,5.138362539389796,-1076.1708117721864,-780.629317139961,-295.5414946322254,0.38076800735917327,15.890724454468701,18.340919757425034,10.682835364853922,25.820124836827404,19.56901453624789,31.865456708632756
2022-07-15,54248.6015625,54527.8984375,53163.76953125,53760.78125,28400,55058.32795648744,55109.086765398315,52006.01795572399,44.85751701901793,-1.949546638154068,-1050.0831969021237,-834.5200930923936,-215.56310380973014,0.3136243979316882,16.149680322642247,18.340612130109935,-10.254179634797001,25.68347349770053,18.623364716665666,30.325595652696236
2022-07-22,54069.30078125,56186.05078125,54034.96875,56072.23046875,90700,55154.89010051244,55146.85710670623,52086.53701538787,51.78956785381085,6.932050834792918,-833.2883108568931,-834.2737366452936,0.9854257884005619,0.5624225214151791,16.048773612888983,18.34159425645456,11.415323661400773,24.54370741266386,22.83627407719222,27.757392704416223
2022-07-29,55877.5,57619.26953125,55157.98828125,57570.25,45500,55384.92437665412,55241.89212212952,52195.125391320784,55.678313196554114,3.8887453427432632,-534.4384710253726,-774.3066835213094,239.86821249593686,0.7149169248822775,16.340473680790733,18.342086580798124,10.725489582719506,22.850359565356094,25.834716386619316,25.40591553763788
2022-08-05,57823.1015625,58712.66015625,57540.359375,58387.9296875,113500,55670.92488244897,55365.26614430091,52317.755179363936,57.68470731316579,2.0063941166116734,-228.97838245622552,-665.2410233082927,436.2626408520672,0.7982522974909408,16.53837567028299,18.343313631180308,11.63956692643747,21.7971347307715,28.642934412653982,24.347913880836288
2022-08-12,58417.7109375,59538.078125,58266.6484375,59462.78125,44500,56032.05406031098,55525.95301119107,52459.240844129,60.23312932870873,2.54842201554294,98.69478459887614,-512.453861726859,611.1486463257352,0.8834944875375578,17.374332266755637,18.34379431083299,10.703266939811954,21.188283846036345,30.325611847749673,23.218573123920596
2022-08-19,59675.12109375,60411.19921875,59474.5703125,59646.1484375,32300,56376.25352480517,55687.52930241888,52601.55584597793,60.668314780872436,0.43518545216370796,368.92163090018585,-336.17876320145007,705.1003941016359,0.8959252666214685,17.570081479304758,18.344143063986248,10.382853468483827,20.995893211867504,32.543297538161326,22.384502546660443
2022-08-26,59361.078125,59484.3515625,58172.48046875,58833.87109375,54100,56610.31234089516,55810.915255020096,52724.96802910213,57.65821070104377,-3.0101040798286647,511.6365328496395,-166.61570399123218,678.2522368408717,0.8217772142810832,17.27257942963231,18.343558860681835,-10.898607948952096,20.07099080317892,30.698018006529104,26.125298292956856
2022-09-02,57367.46875,59599.78125,57367.46875,58803.328125,57200,56819.17098700038,55928.26477933303,52845.33159535753,57.54259930431639,-0.11561139672738108,615.1831105695819,-10.255941079069345,625.4390516486512,0.8126736306125063,17.45970209514514,18.342940810358247,-10.954326659732555,18.784222791244073,28.09887831345433,26.966600659660557
2022-09-09,58814.078125,60119.80078125,58722.890625,59793.140625,60900,57102.4061906194,56079.82853798664,52982.91197218213,60.319396281349306,2.776796977032916,768.2581146456723,145.446870065879,622.8112445797933,0.8794207657188171,18.41041516962224,18.343598826310966,11.017004873924424,17.849203611351943,28.591566370051087,25.510991466450267
2022-09-16,59912.2890625,60676.12109375,58687.171875,58840.7890625,66300,57267.96646413183,56188.10149973226,53098.90953832704,56.49114735955598,-3.8282489217933247,803.4625303503417,277.05000212277156,526.4125282275702,0.7709608786920753,18.873249978564004,18.342882443212215,-11.101960259016467,17.257383310421094,28.54409664713086,23.56091914438037
2022-09-23,58747.30859375,60105.7890625,57981.94921875,58098.921875,101900,57347.1050746907,56263.0356320957,53197.919683607695,53.63547198208054,-2.8556753774754426,762.7077809126931,374.1815578807559,388.5262230319372,0.6835550722160136,18.996935216531043,18.341780394372623,-11.531757032705352,16.292692315396014,26.237710264833524,24.34017499914385
2022-09-30,57525.03125,57722.62890625,56147.23046875,57426.921875,82300,57354.70667472016,56308.678229856654,53281.66230125903,51.11487430233811,-2.52059767974243,668.4787574967268,433.0409978039501,235.43775969277664,0.6027383805114022,18.19808923601961,18.340889432176233,-11.31813853725963,15.819857548544027,24.295005385954866,29.498449254737753
2022-10-07,57403.921875,58578.76171875,56683.3984375,58191.2890625,31400,57434.38118784205,56382.50610564659,53378.88263316479,53.77583202197994,2.6609577196418286,648.0097682677224,476.0347518967046,171.97501637101777,0.6593997604787484,18.023289362407358,18.34122945552265,10.354595018522993,14.902520334313104,25.795306546905973,27.37835918398896
2022-10-14,57424.0703125,58435.12109375,57050.3984375,57919.96875,86000,57480.62762233329,56442.798758366334,53468.805130527864,52.67968362682207,-1.0961483951578685,602.9442985781352,501.41666123299075,101.52763734514446,0.6185667890258579,17.874094715475383,18.340297905941064,-11.362114203075018,14.05070720681296,24.414725247519193,25.913051895293716
2022-10-21,57752.5,59590.9296875,57639.80078125,59307.1484375,88300,57654.5819856825,56555.12619676373,53584.41588908176,57.454641030395045,4.7749574035729765,671.4236429970842,535.4180575858095,136.00558541127475,0.7332947668108668,18.174062567318547,18.34125435714743,11.388506711556236,13.476211338200361,27.03041655416309,23.966633600367466
2022-10-28,59804.01953125,60133.171875,59489.01953125,59959.8515625,36500,57874.13146918893,56688.64483855731,53710.66214004054,59.524232425818255,2.0695913954232097,769.4914852854708,582.2327431257418,187.25874215972908,0.7679867681309627,18.157023383576348,18.34164945212534,10.505094936455558,13.226212188723713,28.30901750545473,23.173051381841873
2022-11-04,60246.9609375,61289.73046875,60246.9609375,60950.359375,115600,58167.10555545665,56855.77089880997,53854.02248132687,62.50502898786689,2.9807965620486385,916.5709993543205,649.1003943714575,267.47060498286305,0.8502270138763136,16.30847369828405,18.34289973753657,11.65789988570203,13.562554777320207,31.493761133730665,21.914911241395004
2022-11-11,61188.12890625,61840.96875,60425.46875,61795.0390625,50700,58512.62303231792,57049.467689542915,54011.27033441941,64.88026773006563,2.375238742198732,1088.74083873185,737.0284832435361,351.71235548831396,0.9135257664174887,15.33284416244835,18.343447596598697,10.83370091325064,14.129322908595883,31.930196969256315,20.630962340682515
2022-11-18,61765.859375,62052.5703125,61337.4296875,61663.48046875,58300,58812.7046929305,57230.40936715888,54162.799247970506,64.1981355828975,-0.6821321471681188,1200.7297328882414,829.7687331724771,370.9609997157643,0.8870850494369876,13.745546391556058,18.342817586831945,-10.97337452485014,14.754455874279527,31.857866607395636,19.993630032464473
2022-11-25,61456.328125,62447.73046875,61059.328125,62293.640625,42200,59144.22240074664,57428.96745570166,54323.80600791168,66.03992883089691,1.841793247999405,1325.0559760120523,928.8261817403923,396.22979427166,0.9319492407773825,13.177259197272662,18.34327365415132,10.650199196425806,15.523541618408846,31.651809495098664,18.78061854973947
2022-12-02,62016.3515625,63583.0703125,61959.73828125,62868.5,50800,59498.91550543744,57642.28245743886,54493.00786914115,67.6736834051598,1.6337545742628947,1453.2199516673136,1033.7049357257765,419.51501594153706,1.0019619832326156,11.6531123801828,18.3438223883439,10.835671318412196,16.74729234596396,34.36906961522199,17.447744088770527
2022-12-09,62865.28125,62939.62890625,61889.109375,62181.671875,45000,59754.41611206245,57820.29772871577,54645.25864153439,63.728877585161584,-3.9448058199982228,1482.2827037998723,1123.4204893405959,358.8622144592764,0.8750255262033904,11.085479431267498,18.343336320134487,-10.714439990727769,17.823211114803247,32.74926593629088,16.942301316674698
2022-12-16,61770.55859375,62835.109375,61292.53125,61337.80859375,37300,59905.21539603269,57958.23933126614,54777.78438316243,59.16553266348873,-4.563344921672851,1420.8438267236706,1182.9051568172108,237.93866990645984,0.7243618790641728,10.789021554830386,18.342933244438903,-10.526775414924009,18.30610800472104,30.47780140047652,18.449602215662203
2022-12-23,61405.80078125,62006.4609375,59765.55859375,59845.2890625,33100,59899.50812617244,58032.2412815106,54878.13101047604,52.064502376876916,-7.101030286611817,1237.454614820963,1193.8150484179614,43.63956640300148,0.48167394188893736,10.529966129492863,18.342575419173357,-10.407318772389159,17.586267220657334,27.49441615005782,23.313749077479727
2022-12-30,59755.078125,61392.6796875,59754.1015625,60840.73828125,43500,59989.14909332269,58142.37841875528,54996.20244158048,55.86886135079014,3.8043589739132244,1159.0806159391286,1186.8681619221948,-27.78754598306614,0.627870917912821,10.563245816488532,18.34304564649131,10.680539205318292,16.909651850483467,25.526755386918527,21.695320466912836
2023-01-06,60871.23828125,61343.9609375,59669.91015625,59900.37109375,50600,59980.694045744334,58211.31930797076,55093.31469211849,51.695019468281025,-4.173841882509116,1009.4525435566175,1151.3850382490793,-141.9324946924619,0.4775394159868527,10.546951997637901,18.342498648432667,-10.831726617926124,16.21714594094265,23.663506057034432,20.47882693360713
2023-01-13,60147.0703125,60889.41015625,59628.4296875,60261.1796875,39500,60007.406964006776,58291.70598952093,55195.64865242308,53.14151955186497,1.4465000835839419,909.5012915497282,1103.008288909209,-193.50699735948092,0.5236052637896279,10.374007969884294,18.34292567846232,10.584081267024454,15.54046183594758,22.340698923962048,19.51793339266153
2023-01-20,60550.5,61110.25,59963.828125,60621.76953125,34800,60065.91768469661,58383.081030373054,55303.09659061767,54.60457223592862,1.4630526840636549,849.5922207716794,1052.3250752817032,-202.7328545100238,0.5679936553187562,10.183715936342713,18.343301746284574,10.457401400981889,15.075768932924984,22.181013308559347,18.505118463983944
2023-01-27,60876.01171875,61266.05859375,58974.69921875,59330.8984375,37100,59995.91585163026,58420.25034045646,55382.85504303119,48.73789011002912,-5.866682125899501,689.9974801105782,979.8595562474783,-289.8620761369001,0.36207233847100584,10.25070263463933,18.342900818421914,-10.521399202410167,14.178754195986523,19.952445634391243,20.983021655478517
2023-02-03,59101.69140625,60905.33984375,58699.19921875,60841.87890625,65300,60076.48376159404,58515.21616656602,55490.95452547116,54.852365568335735,6.1144754583066145,677.6297009731134,919.4135851926053,-241.78388421949194,0.5923114500441606,10.064193998918284,18.343606387196264,11.086762629082946,13.560283094298127,18.06998107558221,20.181524940483666
2023-02-10,60847.2109375,60863.62890625,60063.48828125,60682.69921875,48200,60134.21856703747,58600.215501945786,55593.76135108064,54.11998988501049,-0.7323756833252446,647.5194749996299,865.0347631540103,-217.5152881543804,0.5473955613962649,9.488427354459276,18.34308563263622,-10.783135046711445,12.985988499873189,17.42775215321033,19.464249202333487
2023-02-17,60652.8203125,61682.25,60245.05078125,61002.5703125,33500,60216.91873327199,58694.425494516545,55700.86647902954,55.40842743655647,1.2884375515459823,642.0664852055925,820.4411075643268,-178.3746223587343,0.5817374297081199,8.334506493230386,18.343447596598697,10.419330568113901,12.387384117197472,19.97069979531559,18.21217703895889
2023-02-24,61112.83984375,61290.19140625,59325.33984375,59463.9296875,31700,60145.20549081752,58724.60212953551,55775.382582167564,48.3715957024984,-7.036831734058076,507.73664009395725,757.900214070253,-250.16357397629577,0.24551545946225775,7.706394611133804,18.34310508477726,-10.36410350510914,11.950861627530017,18.242937720034703,20.686154511496262
2023-03-03,59331.30859375,59967.0390625,58795.96875,59808.96875,34700,60113.18294407299,58767.12631073019,55855.25557558999,49.90793119467682,1.5363354921784236,424.2307705324929,691.1663253627011,-266.93555483020816,0.2674282401082207,6.6457015087755575,18.343480004890985,10.454523783963511,11.951042879742387,17.283199678626882,21.97600967970016
2023-03-10,60007.0390625,60498.48046875,58884.98046875,59135.12890625,26400,60020.0349404708,58781.5577850643,55920.20356233573,46.96841172538082,-2.939519469296002,300.21779948824405,612.9766201878097,-312.7588206995656,0.10765929916651888,6.731541916604747,18.34319477586619,-10.181157167204903,11.459699951484042,18.41667083670121,20.384773971930496
2023-03-17,59033.76953125,59510.921875,57158.69140625,57989.8984375,40000,59826.688606854535,58750.51232045394,55961.18761926967,42.39783176810396,-4.5705799572768555,108.27793806338741,512.0368837629252,-403.7589456995378,-0.06359298770222786,7.756426662603477,18.342762455601278,-10.596659732783579,12.203369021446608,16.53678162954904,25.795248208708244
2023-03-24,57773.55078125,58418.78125,57084.91015625,57527.1015625,23500,59607.68031691601,58702.53542798516,55992.195816165324,40.6752575028641,-1.7225742652398637,-80.25450109355734,393.57860679162866,-473.833107885186,-0.04329288967849314,8.956721549706211,18.34250838026121,-10.064798252418377,12.939007146919707,15.566430661778691,24.60619696404903
2023-03-31,57566.8984375,59068.46875,57415.01953125,58991.51953125,22900,59548.998337328776,58713.86813791712,56051.58836497888,47.889910406166216,7.214652903302117,-110.23085334080679,292.81671476514157,-403.04756810594836,0.25308920476527424,8.981828983435044,18.34275596937431,10.038935856711177,12.999400809884293,17.289962928663137,22.818756789637128
2023-04-07,59131.16015625,59950.05859375,58793.078125,59832.96875,14000,59576.043138535555,58757.75443643017,56126.467184484245,51.536929620629806,3.6470192144635902,-65.33625314032543,221.18612118404818,-286.5223743243736,0.42347241138248143,8.784594886736834,18.342907303709428,9.546884034617925,12.289889294740112,20.34722020410189,21.63447971074821
2023-04-14,59858.98046875,60486.91015625,59766.23046875,60431.0,30400,59657.467601532175,58823.37190951134,56211.705458058816,54.00095780279591,2.4640281821661034,18.288348192130798,180.60656658566472,-162.31821839353393,0.5578081768101361,8.231720383006571,18.343235836571843,10.322230781590136,11.621344585723284,22.168847260779085,20.90662254815661
2023-04-21,60385.8984375,60407.859375,59412.80859375,59655.05859375,42600,59657.238172219586,58855.987073599135,56279.89066866656,50.4190135524873,-3.5819442503086094,21.699324256682303,148.82511811986825,-127.12579386318595,0.4231944655685943,7.142518470265462,18.342775427929002,-10.659633006160352,10.873194246169158,21.089318825615436,21.578824764440803
2023-04-28,59873.7109375,61209.4609375,59620.109375,61112.44140625,30300,59795.82895641296,58944.47547880113,56375.58474267811,56.28424008685194,5.865226534364638,140.38291363196913,147.13667722228843,-6.753763590319295,0.8005094875889721,6.5618991721960995,18.343102923446942,10.318935994253193,10.651996097319156,23.30982008106886,19.946061021631323
2023-05-05,61301.609375,61797.91015625,61002.171875,61054.2890625,26500,59915.682299849825,59027.213266397164,56468.232352971616,55.99957603311843,-0.28466405373350767,227.1298931153724,163.13532040090524,63.994572714467154,0.7948824594586439,6.439797743933581,18.342816505856636,-10.184937747111391,10.876091769994677,25.294819840842752,19.1642144375638
2023-05-12,61166.08984375,62168.21875,61166.08984375,62027.8984375,32700,60116.8457415308,59144.887194675706,56578.324750685046,59.67666760930633,3.677091576187898,370.17252070931863,204.54276046258792,165.6297602467307,0.968572275108484,7.118889502552281,18.34316992251474,10.39516093745751,11.344758627063877,25.73832068645052,18.09492936920624
2023-05-19,62157.1015625,62562.671875,61251.69921875,61729.6796875,33800,60270.44897448025,59246.251606159014,56680.331779136824,58.075720181990924,-1.600947427315404,454.23493525489175,254.4811954210487,199.75373983384304,0.8709182010212174,7.448549277781699,18.34280461505111,-10.428245666832275,12.052966664670127,26.025639484965023,16.89982656220691
2023-05-26,61579.78125,62529.828125,61484.66015625,62501.69140625,37500,60482.94825369641,59373.91591204494,56795.60622719847,60.99306625044441,2.917346068453483,576.5043152663347,318.88581939010595,257.6184958762288,0.96540082332381,8.214824334407446,18.34320990369074,10.53212287826962,12.710588413875934,24.62903658518699,15.992938307024593
2023-06-02,62801.5390625,63036.12109375,62359.140625,62547.109375,39000,60679.5350271539,59498.35487137652,56909.49737864008,61.16428139723195,0.1712151467875458,669.3526496454797,388.9791854411807,280.373464204299,0.9171166345008784,8.874596811978142,18.343631229702606,10.571342565808699,13.68384501322999,26.43881693753351,15.41588655136941
2023-06-09,62759.19140625,63321.3984375,62554.2109375,62625.62890625,73500,60864.877301353525,59620.993068822536,57022.688101959095,61.479079208475355,0.3147978112434018,740.7327870548324,459.32990576391103,281.4028812909214,0.8867192751704945,9.46352727887372,18.34442478498737,11.205054290550551,14.785680252826655,26.881562393711754,14.75991930251766
2023-06-16,62659.98046875,63520.359375,62615.19921875,63384.578125,34500,61104.848808367475,59768.584639653025,57148.66612221733,64.47642422865042,2.997345020175061,848.7589544746443,537.2157155060577,311.5432389685866,0.9480409115678994,10.189156413809718,18.34479705306599,10.448743588106625,15.948060153852998,26.632375098615313,14.009435580256724
2023-06-23,63474.2109375,63601.7109375,62801.91015625,62979.37109375,31600,61283.374740308675,59894.49783393134,57264.12562660411,61.71532487438357,-2.7610993542668467,891.3981662910228,608.0522056630507,283.3459606279721,0.8463869165549222,10.721631968572023,18.344456082422212,-10.360944044643913,17.08632870139812,25.872693444587274,13.362890541379135
2023-06-30,62946.5,64768.578125,62853.671875,64718.55859375,45200,61610.53510730308,60083.67668725756,57411.738160607,68.0412614720407,6.325936597657133,1053.3851765028157,697.1187998310038,356.26637667181194,1.0137360286014794,12.116949982649375,18.3449437641474,10.718874489469398,18.902212953897592,29.601357097470572,11.941868525441397
2023-07-07,64836.16015625,65898.9765625,64836.16015625,65280.44921875,45700,61960.050736964695,60287.47168849256,57567.55422116428,69.77867589033447,1.737414418293767,1213.1168705262753,800.3184139700581,412.79845655621716,0.9987142336179403,13.579555495917548,18.345436598906293,10.729875458480967,21.163121194220853,33.964019206546105,11.15442306020229
2023-07-14,65482.328125,66159.7890625,65246.3984375,66060.8984375,51900,62350.607660825204,60513.880580610494,57735.73925515112,72.051422645841,2.2727467555065317,1386.6961483021878,917.5939608364841,469.10218746570365,0.9999959776613904,14.93816487953289,18.345996000882888,10.857093336791094,23.381227670268867,33.68224876173102,10.573431811365602
2023-07-21,66148.1796875,67619.171875,66015.6328125,66684.2578125,47400,62763.33624669899,60755.856158331655,57912.93764242536,73.7494860312797,1.6980633854387008,1556.6151776331535,1045.3982041958182,511.21697343733535,0.9823423995388664,16.33653827340069,18.346506626534172,10.766398604507042,26.015689410807283,38.82156586146266,9.625546978424406
2023-07-28,66629.140625,66984.171875,65878.6484375,66160.203125,50900,63086.84737796575,60967.79133349512,58076.24983019911,69.90427042130658,-3.845215609973124,1630.1984856259733,1162.3582604818491,467.84022514412413,0.8820392332014481,16.82349364035264,18.345958286117906,-10.837637848711049,28.270362735326696,36.39886109354116,9.798122438607722
2023-08-04,66156.390625,66658.1171875,64963.078125,65721.25,47700,63337.742865778535,61154.20147727963,58227.63597217536,66.76425400889369,-3.1400164124128906,1634.2552612827349,1256.7376606420264,377.51760064070845,0.8121018432846691,16.237534087441247,18.345444145909216,-10.77270764101727,29.153686664424445,32.99854936049672,13.928750501975816
2023-08-11,65811.3984375,66067.8984375,65274.609375,65322.6484375,33600,63526.781491656766,61317.66998552357,58368.131268518424,63.95489317522257,-2.809360833671114,1587.0123795461986,1322.792604422861,264.21977512333774,0.7558026473547309,14.791928091402173,18.345081825505773,-10.422311107413181,29.973916027158065,31.514730211400543,13.302427614504996
2023-08-18,65153.01953125,65605.7421875,64754.71875,64948.66015625,28300,63662.19850733231,61460.0617569246,58498.43877124578,61.34659253282057,-2.608300642402,1502.0792915953934,1358.6499418573676,143.42934973802585,0.6961122683434828,13.785983864739379,18.344776554951228,-10.250652418696085,30.071256408475595,29.958407740089598,15.662369987183734
2023-08-25,64852.69921875,65913.7734375,64732.5703125,64886.51171875,79400,63778.79976556256,61594.432343662855,58624.935265255765,60.90209128946424,-0.4445012433563349,1413.460851131429,1369.6121237121802,43.84872741924892,0.6693124212974539,12.975936452587908,18.343919573640733,-11.282266241614355,30.360211789945698,29.691642954989046,14.585703661565553
2023-09-01,64908.078125,65473.26953125,64723.62890625,65387.16015625,157200,63931.976945628034,61743.166767685885,58758.84070864179,63.21440950835552,2.312318218891285,1367.860400185229,1369.26177900679,-1.401378821560911,0.7088041544965895,12.380615713462477,18.345615555351586,11.965280520280166,30.616418361895747,28.359252125289387,13.984705035914102
2023-09-08,65525.91015625,66766.921875,65285.55859375,66598.90625,44100,64185.97021271107,61933.58792385507,58914.08953124294,68.1276851209015,4.913275612545981,1413.2089044987733,1378.0512041051866,35.157700393586765,0.8433451641821631,11.417543976943499,18.34609082029406,10.694237736914808,31.63064857850032,33.49974640240692,12.765623939987126
2023-09-15,66807.7265625,67927.2265625,66735.84375,67838.6328125,39100,64533.8428412624,62165.158311645064,59090.81316057476,72.21635114968004,4.088666028778533,1531.5289809039823,1408.7467594649459,122.78222143903645,0.9567861085800629,11.607218778034403,18.346512011491235,10.573903321093981,33.112998178432555,37.68095769634959,11.774458498955156
2023-09-22,67665.578125,67803.1484375,65952.828125,66009.1484375,40400,64674.34813614217,62315.90302246291,59227.80989873169,59.9867838758104,-12.229567273869634,1460.83480024249,1419.1643676204549,41.67043262203515,0.693458287130812,10.698411388059457,18.346076813447013,-10.606609816118151,33.50297681198058,33.68254528086989,14.930991890946515
2023-09-29,66082.9921875,66406.0078125,65423.390625,65828.40625,34900,64784.258432700066,62453.648247072204,59358.514776974625,58.92510920026337,-1.0616746755470317,1374.3817514308757,1410.2078443825392,-35.82609295166344,0.6479615207652064,10.083674579394536,18.34570071012491,-10.460270761075149,33.25231843111017,31.789661757602577,17.119858029835704
2023-10-06,65813.421875,66095.8125,64878.76953125,65995.6328125,35400,64899.62742125244,62592.54960257918,59489.94285688602,59.6368974797091,0.7117882794457273,1304.3254218613001,1389.0313598782914,-84.70593801699124,0.6552642286952571,9.121916844651729,18.346082200719096,10.474495347310453,32.42361901184199,29.57289942367149,19.04653570677341
2023-10-13,65560.0703125,66592.15625,65434.609375,66282.7421875,49700,65031.35263708554,62737.26303728196,59624.45373471995,60.89000677169025,1.2531092919811542,1257.477188758523,1362.7205256543377,-105.24333689581476,0.6845193660270097,8.46769281128633,18.34661755079605,10.813780332606648,31.985749227958774,30.459927578531097,17.7768249988391
2023-10-20,66238.1484375,66559.8203125,65308.609375,65397.62109375,46900,65066.23534724406,62841.59080420228,59738.77388044332,55.200347948769746,-5.6896588229205065,1135.8345577519722,1317.3433320738645,-181.50877432189236,0.4983897789183786,7.5411909420918395,18.346112368906418,-10.75579427616868,31.435341997238858,28.26643366702993,17.221855277808753
2023-10-27,65419.01953125,65453.921875,63092.98046875,63782.80078125,39400,64944.00348381606,62878.500999380616,59818.85362105335,46.63810919396667,-8.562238754803076,898.7689437696099,1233.6284544130137,-334.85951064340384,0.12605612592539628,6.865381640586642,18.3456877756897,-10.5815464756746,29.514194695096137,24.658101115891277,27.0031498274666
2023-11-03,63885.55859375,64535.19140625,63431.44921875,64363.78125,49200,64888.744223452624,62936.74728371863,59908.85218796318,49.663296711086055,3.0251875171193845,749.1374152931749,1136.730246589046,-387.59283129587106,0.22676049134804535,6.416559428856508,18.346217950395435,10.803669227477098,27.730272200249324,23.169045889458413,25.37248162670943
2023-11-10,64835.23046875,65124.0,64580.94921875,64904.6796875,44900,64890.26188669523,63013.92110347476,60007.77946518173,52.37058918962033,2.707292478534278,666.5161510703983,1042.6874274853164,-376.1712764149181,0.302343956229414,5.4285219111355945,18.346701543507212,10.712215345197256,25.923385262800036,25.496302823651142,24.284705232219622
2023-11-17,65158.30859375,66358.3671875,64853.359375,65794.7265625,37700,64976.40137962902,63122.97229794633,60122.37247700981,56.515077721521884,4.144488531901551,665.1896560118767,967.1878731906286,-301.99821717875193,0.5381317896877665,5.282741394887982,18.34710740885478,10.537441898283253,25.157683877394984,30.22984593225275,22.250901004206685
2023-11-24,65787.5078125,66235.2421875,65547.796875,65970.0390625,35200,65071.03353990244,63234.621974987655,60238.16785494031,57.303168181774105,0.7880904602522207,670.5549130912477,907.8612811707525,-237.30636807950475,0.5789292679785545,5.266770755661706,18.347486211408707,10.468829770273567,24.446675448090296,29.03375657849074,21.370510615767785
2023-12-01,66063.71875,67564.328125,65906.6484375,67481.1875,46200,65300.57201229269,63401.153956360686,60381.593986525644,63.45184609795542,6.148677916181313,787.6642643575178,883.8218778081056,-96.15761345058775,0.9525393324239868,5.756347263344144,18.347983172100985,10.740756721857226,24.637327450402676,33.799063019485835,19.3793177861398
2023-12-08,68435.34375,69893.796875,68274.46875,69825.6015625,95100,65731.52720755053,63653.09307817007,60568.604037535035,70.53996805699222,7.088121959036805,1057.4591597728795,918.5493342010604,138.90982557181906,1.2586083031860327,7.79941188976871,18.349005359886416,11.462694763725306,25.90546240259722,41.79588288314026,16.909820780289937
2023-12-15,69925.6328125,71605.7578125,69100.5625,71483.75,63800,66279.35794968858,63960.17766333988,60784.74554174226,74.33169229646599,3.7917242394737656,1389.0600596308068,1012.6514792870098,376.408580343797,1.2486339821681491,10.680600726210674,18.34969053268109,11.063524143191238,27.668466377681145,45.106154066136995,14.800742134954998
2023-12-22,71437.3515625,71913.0703125,69920.390625,71106.9609375,58400,66739.12966281347,64240.44367409126,60989.14584660875,72.06198771820658,-2.2697045782594074,1602.9743430279923,1130.7160520352063,472.258290992786,1.063574759747804,12.405354042975494,18.349063370757477,-10.975088291957388,29.40001831650849,42.24083436760752,13.372068741089748
2023-12-29,71097.78125,72484.34375,71012.078125,72240.2578125,45100,67263.04662945028,64554.161875597485,61211.94014296303,74.57653676498572,2.5145490467791376,1842.7089386465377,1273.1146293574725,569.5943092890652,1.0672967876860695,14.337825905495968,18.349547737581005,10.716659698193956,31.182598640487605,41.99558087098904,12.418296147428716
2024-01-05,72332.8515625,72332.8515625,71303.96875,72026.1484375,37700,67716.67537307407,64847.18095645641,61426.08288146871,73.23543253029231,-1.341104234693404,1992.455706568231,1416.9828447996242,575.4728617686069,0.9665374914898126,15.529792185761849,18.34914286167107,-10.537441898283253,32.83785179846821,39.85611377295792,11.785645390611013
2024-01-12,72113.25,72720.9609375,71110.9765625,72568.453125,58000,68178.74944468607,65149.97594345812,61646.723876390126,74.4868899643927,1.251457434100388,2130.3333977425646,1559.6529553882124,570.6804423543522,0.9481459300803052,16.59784668827505,18.34976567980766,10.968215530759236,34.50049395822584,38.61089707095068,10.853838719225884
2024-01-19,73049.8671875,73427.59375,70665.5,71683.2265625,79800,68512.50917019215,65406.18185008722,61845.466503837844,68.82937825111989,-5.657511713272811,2143.4635622211354,1676.415076754797,467.04848546633843,0.8302521057116983,17.063744857067643,18.348908667622332,-11.287291314687705,36.26456346482609,36.95043969038417,9.470449253323556
2024-01-26,71868.203125,72039.203125,70001.6015625,70700.671875,63700,68720.90561826908,65613.80890988772,62020.817105247,63.10055071835542,-5.72882753276447,2050.943362029444,1751.3207338097266,299.6226282197174,0.7239460335993061,17.296451492494487,18.34822403386856,-11.06195554002416,37.14808289232274,33.552955713587465,11.59552021997535
2024-02-02,70968.1015625,73089.3984375,70846.0390625,72085.6328125,68700,69041.35582724346,65867.60592567644,62220.12038657874,67.239650563867,4.139099845511581,2065.564666158127,1814.1695202794067,251.3951458787201,0.8102116061741772,17.9840699373512,18.348962386701064,11.13751903414526,38.34111599658096,34.635871138412284,10.389475809893876
2024-02-09,72269.1171875,72559.2109375,71200.3125,71595.4921875,76700,69284.60690917265,66092.22891633619,62405.77131332966,64.48289411753936,-2.7567564463276426,2014.3813683540066,1854.2118898943268,160.1694784596798,0.7447613493103851,18.114612288762302,18.348138018468376,-11.247670025080003,39.44893245053502,32.561067769581534,9.767111806845978
2024-02-16,71722.3125,72545.328125,70809.84375,72426.640625,52900,69583.84821544193,66340.63721863674,62604.20436900629,66.9568765945429,2.4739824770035455,2017.627020435073,1886.8949160024763,130.73210443259677,0.7812352663010902,18.277070681869176,18.348706658058447,10.876177521259402,40.01655452434003,30.0825930679753,10.736243588440479
2024-02-23,72627.6015625,73413.9296875,72081.359375,73142.796875,42600,69922.79570682842,66607.38857770982,62812.889369124976,68.9629783824718,2.0061017879288983,2054.306283228667,1920.3771894477145,133.92909378095237,0.8042437061868455,18.510818476934435,18.34916434461714,10.659633006160352,40.88680228042322,32.16102300168274,10.100498835989475
2024-03-01,73044.8125,73819.2109375,72099.3203125,73745.3515625,61700,70286.8486454638,66887.30869476042,63029.373768993784,70.58131370782277,1.6183353253509694,2107.699740166907,1957.8416995915532,149.8580405753537,0.8155131562845872,18.798487009991437,18.349826866868213,11.03005541721757,41.84470237693807,31.507281610489095,9.332396658769941
2024-03-08,73903.09375,74245.171875,73321.4765625,74119.390625,64700,70651.85264351487,67170.91975084825,63248.97806317212,71.57222883879916,0.99091513097639,2155.3507243474014,1997.343504542723,158.00721980467847,0.8117363349828538,18.623660425405497,18.350521131373373,11.07753193632009,42.88863880434921,32.122704780277125,8.939219423266183
2024-03-15,74175.9296875,74187.3515625,72484.8203125,72643.4296875,503700,70841.52664770393,67385.52798365812,63435.006808208316,62.61029881384801,-8.961930024951151,2050.3812414478016,2007.9510519237388,42.430189524062826,0.6809017752391276,16.843579578822393,18.345103395871313,-13.129738117040487,42.8412720470302,29.64369338229586,12.041788484891484
2024-03-22,72587.296875,73115.6171875,71674.421875,72831.9375,96700,71031.08958601783,67599.11267057348,63621.08464368933,63.243340365173815,0.6330415513258032,1959.8116858547146,1998.323178709934,-38.51149285521933,0.6804409142852523,14.950145381378535,18.346145768337948,11.47937902264955,41.91675801769715,27.695265305520568,14.946267557598688
2024-03-29,72396.96875,74190.3125,72363.03125,73651.3515625,54900,71280.63834568279,67836.45537221765,63819.703790596475,65.94263337287808,2.699293007704263,1931.8849599814275,1985.0355349642327,-53.15057498280521,0.7469389565215957,13.025648508332264,18.346737076761382,10.91328684226798,41.60983122839019,30.258062085772835,13.71535719064118
2024-04-05,73968.6171875,74501.7265625,73485.1171875,74248.21875,36200,71563.26505085586,68087.89707330716,64026.20903731734,67.79770140126155,1.8550680283834708,1935.6026004228042,1975.1489480559471,-39.54634763314289,0.8051683879550671,11.273378823053486,18.34712678292152,10.49684202174171,41.4728962206466,30.27567477800126,13.0704211397501
2024-04-12,74555.4375,75124.28125,74189.3125,74244.8984375,72000,71818.65870672672,68329.34810719707,64228.559322469475,67.77558532940526,-0.0221160718562885,1916.1922641541023,1963.3576112755784,-47.16534712147609,0.8220493342615712,8.827383029720007,18.34635152732589,-11.184435286790631,41.6333493446965,31.891495109701584,12.488777314737568
2024-04-19,73315.15625,73905.796875,71816.4609375,73088.328125,50600,71939.57960370513,68515.9747745619,64404.000288856216,60.386197379920766,-7.389387949484494,1786.8857676284388,1928.0632425461506,-141.17747491771183,0.6304996959443385,6.506883297960729,18.345806335084124,-10.831726617926124,39.57415953642645,28.36123144149906,21.922548304522625
2024-04-26,73666.5078125,74571.25,73227.3203125,73730.15625,49600,72110.11071287608,68720.45247948104,64588.67664452243,62.80945255700455,2.4232551770837816,1716.4138527706673,1885.7333645910542,-169.31951182038688,0.755432707233083,5.721429058738297,18.34634075565421,10.811766273800105,38.04198971790725,29.481760123828927,20.43496215750072
2024-05-03,73982.75,75111.390625,73467.7265625,73878.1484375,52300,72278.49525807836,68922.71506607003,64772.62658101704,63.3659236274356,0.5564710704310514,1653.446186824891,1839.2759290378217,-185.8297422129308,0.7636112080576635,5.682149779575542,18.34690395848874,10.864770770329113,36.91532505328349,29.73503461121712,18.903804931270216
2024-05-10,74196.6796875,74359.6875,72334.1796875,72664.46875,45800,72315.25463826137,69069.45050465551,64928.90068337313,55.96965573296108,-7.396267894474519,1488.4521009776363,1769.1111634257845,-280.65906244814823,0.4476096037682676,5.27264095117837,18.3464107694462,-10.732061203925053,34.972502765671365,27.04567250271708,22.255648349058337
2024-05-17,72476.6484375,74070.84375,71866.0078125,73917.03125,50300,72467.80479176028,69259.5517103553,65106.88346687069,61.02574456754808,5.056088834587001,1442.1403288639412,1703.7169965134158,-261.57666764947453,0.7479866113421383,5.347787177754851,18.346952402806597,10.825780236605917,32.826216309199715,24.453041241212638,22.15769889713674
2024-05-24,73842.9609375,75636.5,73762.3671875,75410.390625,39400,72748.05106159263,69500.76107955705,65310.913311586126,66.03370011228968,5.007955544741598,1508.5499124915223,1664.6835797090373,-156.13366721751504,1.0267898278239291,5.949362731878024,18.34737645952436,10.5815464756746,31.75615920151542,29.219722862314217,20.370195278503385
2024-05-31,75655.4609375,76009.6796875,73668.7265625,73961.3125,56300,72863.59977001238,69675.68466467246,65482.20834502006,58.216664220400624,-7.817035891889056,1427.7927852767607,1617.3054208225822,-189.51263554582147,0.676514117905894,5.982514889253773,18.346770455334887,-10.938467575959383,30.960342411083683,27.919848305576306,18.376072040297057
2024-06-07,76583.2890625,76795.3125,70234.4296875,76693.359375,117900,73228.3387800112,69950.88759448924,65704.21133571272,66.3134708672467,8.096806646846083,1566.191450162325,1607.082626690531,-40.89117652820596,1.1360163729229873,6.967506350240043,18.348039091610715,11.6776005682537,29.433835299300117,21.55193301892121,26.12366156157353
2024-06-14,76935.40625,77145.4609375,76296.4375,76992.7734375,53600,73586.8563664387,70227.03998048966,65927.74721891643,67.06667885880223,0.7532079915555272,1680.6599994297867,1621.7981012383823,58.86189819140441,1.104602594727218,7.264190165941041,18.348615310549256,10.889323003601277,27.80689402346406,22.158486461999537,25.31889297121605
2024-06-21,77235.3125,77851.6328125,76802.0,77209.8984375,50400,73931.90799225407,70500.87756703909,66151.15615393787,67.63187414126062,0.5651952824583901,1768.5110280646477,1651.1406866036355,117.37034146101223,1.0410365111320885,7.991935269272641,18.349156825638513,10.827766295132466,25.87770601142585,23.93613886272225,24.32136006883568
2024-06-28,76885.6484375,79671.578125,76745.9375,79032.7265625,58100,74417.70023703939,70835.45988058657,66406.23675608762,71.9795631707933,4.347689029532674,1962.5970003219845,1713.4319493473054,249.16505097467916,1.1692840424476973,9.342845088224582,18.349780708555347,10.969938154395841,24.924695964043927,27.98349829292216,21.749220792582232
2024-07-05,79043.3515625,80392.640625,78971.7890625,79996.6015625,25000,74949.02417279754,71194.72033870082,66675.35289086806,73.97053808630326,1.990974915509966,2169.183195106816,1804.5821984992076,364.6009966076085,1.1342411588052028,11.043695184845511,18.350049041028747,10.12667110305036,24.373536983768407,29.17668408800096,20.609281087060786
2024-07-12,79915.0,80893.5078125,79435.7578125,80519.34375,56200,75479.53079919778,71560.39184502629,66949.49132372215,75.00770474645013,1.037166660146866,2348.0186709911795,1913.2694929976021,434.7491779935774,1.0668383913394404,12.657659482952917,18.350651989695496,10.936689829317784,24.089009414421106,29.46036207761799,19.4811199784345
2024-07-19,80686.5390625,81587.7578125,80390.3671875,80604.6484375,50300,75967.63724094085,71915.0685741429,67219.89047449002,75.18149642529832,0.1737916788481897,2468.1788203764445,2024.2513584733708,443.92746190307366,0.9871660884260781,13.960011486385476,18.351191331352133,10.825780236605917,24.133310400343845,30.777578745587554,18.58136673024037
2024-07-26,80408.8984375,81427.1796875,79224.3203125,81332.71875,62500,76478.59738466077,72284.3881888824,67499.35242053973,76.67249180021835,1.4909953749200326,2592.273676642668,2137.8558221072303,454.4178545354375,0.9734823107997871,15.318401661645256,18.351861082463696,11.042937835596494,23.378425792347375,28.197376172961835,21.46122387873547
2024-08-02,81679.6484375,82129.4921875,80868.90625,80981.953125,71100,76907.48840755022,72625.46916676937,67766.33461270726,74.35489100161647,-2.3176007986018874,2631.9761076017603,2236.6798792061363,395.296228395624,0.8926905732832606,15.805111004168651,18.35109913848128,-11.171856680390034,23.015716770041696,29.549121318455,20.406916818871125
2024-08-09,78588.1875,79984.2421875,78295.859375,79705.90625,60300,77174.00439254544,72903.13336611175,68002.76177384176,66.48194850480982,-7.872942496806644,2531.295057981639,2295.602914961237,235.692143020402,0.759790473320246,15.643106450780389,18.350452477536386,-11.007103966325696,21.566492128257575,26.55547744288279,28.044176193679977
2024-08-16,79330.1171875,80518.2109375,78889.3828125,80436.84375,41700,77484.7509980173,73198.57298900934,68248.9812189142,68.53701447192557,2.055065967115752,2481.8756309803575,2332.857458165061,149.01817281529657,0.7894175415564153,15.738878275576933,18.350899715522743,10.638280388314705,20.11161131456021,26.941884127405192,26.303913881825448
2024-08-23,80680.25,81236.453125,80332.6484375,81086.2109375,38900,77827.74718272995,73507.89212424426,68503.18378759906,70.28036703580297,1.7433525638773943,2466.6745948000753,2359.620885492064,107.0537093080111,0.8083902266885179,15.99546188316997,18.35131674289107,10.568775236216993,19.130742949053616,28.820009568113203,25.36340354588116
2024-08-30,81388.2578125,82637.03125,81278.4375,82365.7734375,45700,78259.94015937472,73855.26001888175,68777.69051333968,73.40720339495005,3.1268363591470774,2528.728061099857,2393.442320613623,135.28574048623386,0.8663814634682403,16.462521192855228,18.351806447577964,10.729875458480967,18.883320154268663,32.631084943958484,23.791463658493694
2024-09-06,82725.28125,82725.28125,80981.9296875,81183.9296875,44400,78538.4153525295,74142.6588294158,69023.35861579831,66.45282376965987,-6.954379625290173,2454.249901521631,2405.6038367952247,48.646064726406166,0.7498114001585668,15.885514649427297,18.351330676535685,-10.70101727068921,18.47084337930028,30.353642572771104,23.318015311556493
2024-09-13,80973.75,83116.1875,80895.046875,82890.9375,42200,78952.94127133621,74485.72858120341,69297.96413825774,70.7614228037184,4.308599034058531,2504.100970638159,2425.303263563812,78.79770707434727,0.8505617701552017,15.79010519159155,18.35178287866647,10.650199196425806,18.276786754122575,29.239009260982062,21.280189164734818
2024-09-20,82985.328125,84694.4609375,82700.6328125,84544.3125,57100,79485.45281692324,74880.18285252876,69599.87202660908,74.21569165847083,3.454268854752428,2646.5144752663327,2469.545505904316,176.96896936201665,0.9313750501877346,16.028995567132448,18.35239441923102,10.9525769086256,18.80005263909455,33.12779747090465,19.622418582495452
2024-09-27,84651.1484375,85978.25,84607.3828125,85571.8515625,51800,80065.1098403115,75299.46397840997,69916.14884910197,76.1050635058944,1.8893718474235754,2809.9012263252516,2537.616649988503,272.2845763367486,0.9700968078397771,15.60936520848862,18.352948873497887,10.85516473308054,19.77957626805219,36.337173164795075,18.505850566485016
2024-10-04,85208.7578125,85359.6484375,81532.6796875,81688.453125,55900,80219.71396266279,75550.0125723939,70149.26378525836,58.62189630977917,-17.48316719611524,2596.102352780814,2549.3137905469653,46.78856223384855,0.6391602441114992,14.15436012314029,18.3523505207227,-10.93133754807084,18.859675655036167,30.98814356112898,26.98727842419914
2024-10-11,81926.9921875,82319.2109375,80726.0625,81381.359375,48700,80330.34685907586,75778.69283916276,70371.68151970868,57.49704328641113,-1.1248530233680398,2374.513393704343,2514.353711178441,-139.8403174740979,0.5923841082966924,13.088932054441512,18.35182894465712,-10.793454842740767,17.61011273183892,29.16455124771467,28.37862951719505
2024-10-18,81576.9296875,82300.4375,80409.25,81224.75,34900,80415.52811059244,75992.2637082152,70586.59376684316,56.89744532695818,-0.5995979594529501,2161.3507731321442,2443.7531235691813,-282.40235043703706,0.5519321338844437,10.78826300088523,18.351454998923906,-10.460270761075149,16.40986640807867,27.123993650320365,27.56515140432222
2024-10-25,81770.0234375,81770.0234375,79137.9765625,79402.2890625,38100,80319.02915363126,76125.99019269696,70761.16199051953,50.32102894850211,-6.5764163784560665,1824.3307446424296,2319.868647783831,-495.53790314140133,0.3115785262358093,9.874716600500246,18.35104660618385,-10.547995807489514,15.89592908098478,24.549563847479387,29.533147118660107
2024-11-01,79653.671875,80539.8125,79287.9296875,79724.1171875,37900,80262.37087114256,76267.09321210101,70938.64625184587,51.389534456812726,1.068505508310615,1565.1665186787868,2168.928221962822,-603.7617032840353,0.31761869632078477,8.931183954080089,18.35145285556539,10.542732775946709,15.418701562969025,23.411388104253692,28.163920688389897
2024-11-08,79713.140625,80569.7265625,78232.6015625,79486.3203125,56800,80188.46129412898,76393.33741211666,71107.90712433407,50.52481401030849,-0.8647204465042364,1325.3114169274486,2000.2048609557476,-674.893444028299,0.2431578669395073,8.019896796713791,18.35084395575357,-10.947309210188068,15.464832935559723,21.41524555949637,29.612641243794908
2024-11-15,79298.4609375,80102.140625,77424.8125,77580.3125,40800,79940.06617087859,76439.88545477875,71236.07356741656,44.1169956699814,-6.40781834032709,970.2412818866142,1794.212145141921,-823.9708632553068,-0.0012094025813200707,8.624635343820932,18.35040634809229,-10.616461869895815,15.858720502917425,19.377005250979494,29.66582825320781
2024-11-22,77863.5390625,79218.1875,76802.7265625,79117.109375,41300,79861.68933317588,76544.87462812077,71392.13368241822,49.66057416166548,5.54357849168408,803.589031847383,1596.0875224830136,-792.4984906356306,0.23060771857112977,8.814367352703346,18.350849317404947,10.628641991731053,16.485875590359033,17.7368259272318,29.334737465924892
2024-11-29,80193.46875,80511.1484375,78918.921875,79802.7890625,46900,79856.0797835877,76672.63597848859,71558.68131370697,51.95083928620247,2.290265124536994,718.5614146446023,1420.5823009153314,-702.0208862707291,0.333220822846794,8.903298200964846,18.35135211253293,10.75579427616868,16.232042093068472,21.33436128194847,27.67196001269618
2024-12-06,79743.8671875,82317.7421875,79308.953125,81709.1171875,40200,80032.55953634126,76870.14504550865,71759.68004388109,57.711366215621204,5.760526929418731,795.8273608288146,1295.6313128980282,-499.80395206921366,0.5896965750284784,8.915899815744938,18.35178287866647,10.601647149919609,15.147772170197701,25.337765974854765,24.810078673626872
2024-12-13,81602.578125,82213.921875,80082.8203125,82133.1171875,37400,80232.61264597543,77076.53610990047,71965.09464078443,58.891842592393964,1.1804763767727593,881.1174627015862,1212.72854285874,-331.61108015715376,0.6416975164683454,8.982450341942847,18.35218347463437,10.529452721013085,14.140950098960559,23.485083872323766,22.99598074697342
2024-12-20,82000.3125,82116.4375,77874.59375,78041.59375,30300,80023.94417969206,77114.38150755143,72085.4213558184,45.64929385801153,-13.242548734382432,611.5096333973197,1092.484760966456,-480.97512756913625,0.1246512408688723,9.58424192565155,18.35185893997539,-10.318935994253193,14.133576213721899,20.29208454975717,26.919514621493924
2024-12-27,78488.640625,79043.1484375,78173.3828125,78699.0703125,29800,79897.76571614997,77176.52616656902,72216.38470149525,47.68503382032937,2.035739962317841,445.75793014302326,963.1393948017695,-517.3814646587463,0.22222219410769203,9.809206293376542,18.35217812013153,10.30229722897745,14.126729034571712,19.616576939228768,26.02338505166284
2025-01-03,78637.578125,80072.9921875,77560.7890625,79223.109375,39500,79833.51273127855,77256.78433160552,72355.13172473297,49.31458565948672,1.6295518391573438,352.61930801907147,841.03537744523,-488.4160694261585,0.29910786800041483,9.973203266649659,18.3526010375461,10.584081267024454,13.511636835582655,21.380261731977846,23.876362918004865
2025-01-10,79281.6484375,79532.671875,77099.546875,77378.90625,46600,79599.74068544249,77261.57342644452,72454.61240840162,44.107610148359065,-5.206975511127652,128.5130806225934,698.5309180807028,-570.0178374581094,0.11889551168241817,10.665809491727698,18.352102083096916,-10.74937727911096,13.175282755293804,19.68620090627417,23.486560845947988
2025-01-17,76629.8984375,77319.5,76249.71875,76619.328125,61500,79315.89187016226,77236.3873361918,72537.08202655207,42.134304517516505,-1.9733056308425603,-109.12638478061126,536.9994575084401,-646.1258422890513,0.08927702838639852,11.362696778109658,18.35144321039523,-11.026808713825016,13.283603482710323,18.936310707347616,25.458729161046072
2025-01-24,76978.53125,77337.359375,75641.8671875,76190.4609375,79200,79018.23178133728,77195.37061467448,72609.42616340253,41.018481137888855,-1.115823379627649,-328.27917309045733,363.9437313886606,-692.2229044791179,0.09857335143030821,12.219216597714494,18.35059407091111,-11.279744203985432,13.672921099019678,17.837592272016714,26.061709456173
2025-01-31,75700.4296875,77605.9609375,75267.59375,77500.5703125,63800,78873.69259382896,77207.33923027548,72706.28050298862,45.74527448713704,4.726793349248183,-391.7288528421632,212.80921454249582,-604.538067384659,0.2576214473723007,12.144040017138776,18.35127815640039,11.063524143191238,14.211260417184173,16.422358547353554,25.263870895052282
2025-02-07,77063.9375,78735.40625,76756.09375,77860.1875,50100,78777.16829917858,77232.94112320585,72808.33806728588,47.000833902615604,1.2555594154785652,-408.28858295710234,88.5896550425762,-496.8782379996785,0.31218604946003553,11.092232143108339,18.351815017953513,10.821796246953596,13.931230742587159,19.16335079616596,23.55993823796024
2025-02-14,77789.296875,77849.578125,75388.390625,75939.2109375,43400,78506.88664568539,77182.20660611935,72870.33554986437,41.47887716934752,-5.521956733268084,-569.8501647228695,-43.098308910512955,-526.7518558123566,0.08251725180375628,9.382703820905999,18.35134996895388,-10.6782377612977,14.34483167463696,17.569677088309344,26.202213413857777
2025-02-21,75641.40625,76338.578125,75112.40625,75311.0625,41400,78202.5224413344,77108.82840587938,72918.66677659971,39.83096826267689,-1.6479089066706294,-740.0444398701366,-182.48753510243768,-557.5569047676988,0.05603371970085124,9.743731618948733,18.350906149142197,-10.63106031411106,14.856960361235876,16.82230526143543,26.045062162494105
2025-02-28,74893.453125,74907.0390625,73141.2734375,73198.1015625,32900,77725.91092906446,76955.4665688841,72924.20013869675,34.81972571856474,-5.01124254411215,-1033.5092665254633,-352.6918813870428,-680.8173851384205,-0.09061789086189037,11.04653663904125,18.350553311237018,-10.401258331428318,16.15438497786909,15.560889615488453,30.904024889904424
2025-03-07,73427.6484375,74586.4296875,72633.5390625,74332.578125,42600,77402.73637629642,76852.60819853572,72952.08881169284,39.23982779010859,4.420102071543852,-1161.1544132893177,-514.3843877674979,-646.7700255218199,0.09096629959311875,11.38279020228462,18.351010153580127,10.659633006160352,17.546097137555787,14.506546816694115,30.57168841116952
2025-03-14,74474.9765625,74741.25,73598.15625,73828.90625,42000,77062.37160236343,76734.03165153431,72969.45153324348,38.00751090440739,-1.2323168857012021,-1288.1077187220944,-669.1290539584172,-618.9786647636772,0.09257385959765267,12.179596305052613,18.350559747085484,-10.645448706505872,18.715648314946186,14.467118691692827,29.319436657052663
2025-03-21,73830.03125,77041.9375,73796.0625,76905.5078125,51700,77047.43219380501,76740.75620686631,73047.39324174362,48.62162820521551,10.614117300808118,-1127.4663636483601,-760.7965158964058,-366.6698477519543,0.4314142332414422,11.984200126911322,18.35111414720226,10.853232402669228,18.18905471964378,20.746770272541326,26.05573683747781
2025-03-28,77456.2734375,78741.6875,77082.5078125,77414.921875,62700,77082.43121106167,76767.19407620489,73133.87895725365,50.143747857864895,1.522119652649387,-948.1221133638319,-798.2616353898911,-149.86047797394076,0.4973272273759733,11.777200843781332,18.351786092641653,11.046132675457146,17.02018097968449,25.308097838910165,24.40099519418284
2025-04-04,76882.578125,77487.046875,75240.546875,75364.6875,40000,76918.83657191295,76712.19381831451,73178.05338384269,44.43767806833683,-5.706069789528065,-960.356886065536,-830.6806855250202,-129.67620054051577,0.288736185291142,12.020954047668262,18.351357471460442,-10.596659732783579,16.556207202667576,23.353926356609637,28.847936525487768
2025-04-11,71449.9375,75467.328125,71425.0078125,75157.2578125,69800,76751.06716625456,76651.21593573356,73217.2455507468,43.89346094850752,-0.5442171198293124,-975.5453937541606,-859.6536271708484,-115.89176658331223,0.28843594771666287,12.09254082869971,18.350609087214366,-11.153403615295403,17.486300770914152,20.314337678477514,37.378424231349825
2025-04-18,76852.0625,78616.7734375,76435.0703125,78553.203125,33500,76922.69916232555,76725.80366864598,73322.90807696963,53.85676413400149,9.96330318549397,-705.4262749204208,-828.8081567207629,123.38188180034206,0.6631769762722184,11.80971712688109,18.350968338663044,10.419330568113901,16.876844842867374,27.88933792349108,33.37488617693139
2025-04-25,78903.09375,80254.546875,78605.8125,79212.53125,60800,77140.77840877073,76823.32239732654,73439.53427841578,55.50869037946116,1.65192624545967,-433.15946500885184,-749.6784183783807,316.51895336952884,0.77312279163585,10.798579455366808,18.35162002373517,11.015361515187424,15.674018789686599,31.5597436976377,31.583283480262264
2025-05-02,79343.6328125,81177.9296875,79341.3515625,80501.9921875,49600,77460.89400674494,76967.58395772551,73579.38493008082,58.62814633494546,3.1194559554843053,-112.04574183016666,-622.1518830687379,510.10614123857124,0.980017959084617,9.86674371911306,18.352151347187267,10.811766273800105,14.890037671290571,32.52520759262714,29.606102720410753
2025-05-09,80661.6171875,81049.03125,78968.34375,79454.46875,49500,77650.75826800734,77065.10885154021,73695.72322354457,55.239739624514755,-3.388406710430708,57.25283535345807,-486.27093938429874,543.5237747377569,0.8210992740073513,10.209995356232623,18.351621095235863,-10.809748150372926,14.011155180773107,30.35845326266202,28.828077319097968
2025-05-16,80803.796875,82718.140625,80651.0703125,82330.59375,70000,78096.45688533998,77271.59845540137,73866.7107587219,61.77246441855177,6.532724794037016,418.6761897240649,-305.28151356262606,723.957703286691,1.0761382814457168,11.741883883011962,18.35237086417347,11.156264806643742,13.811678863978852,32.46069547262455,25.912145990070723
2025-05-23,82354.921875,82424.1015625,80489.921875,81721.078125,47100,78441.65890816474,77446.08785420915,74022.2427857769,59.78120344667258,-1.9912609718791927,648.44906776688,-114.53539729672485,762.9844650636048,0.959491086360833,12.62956739297272,18.351866438664377,-10.76004951120163,13.553920352457599,30.492238465415937,24.846040794128136
2025-05-30,81928.953125,82492.2421875,81106.9765625,81451.0078125,74400,78728.26356572048,77603.14353884802,74169.34704373182,58.87558517213476,-0.9056182745378152,799.5367499341228,68.27903214944467,731.2577177846781,0.884532371637478,13.461201241520698,18.351069120363523,-11.217224661591072,13.341129495249362,29.34956207636608,23.735859271999207
2025-06-06,81214.421875,82299.890625,80575.09375,82188.9921875,71600,79057.85676779471,77782.98074075594,74328.15189806385,60.630652355774046,1.7550671836392837,967.6693086129235,248.15708744214044,719.512221170783,0.8997768091015276,14.380374620343323,18.351836443571038,11.178864319331653,12.877894399216745,27.69051966106442,24.13728898330397
2025-06-13,82574.546875,82783.5078125,80354.59375,81118.6015625,50500,79254.11817681426,77913.78940043219,74462.61624785466,56.84152216702823,-3.7891301887458155,1002.9822399582772,399.1221179453678,603.8601220129094,0.7750120310560393,14.69703204299792,18.35129530613562,-10.829748417047593,12.659874840605363,27.076254256720993,22.231464860293062
2025-06-20,81034.453125,82494.4921875,81012.3125,82408.171875,63400,79554.50424330813,78090.0396935525,74619.95398304565,60.07851258299184,3.2369904159636107,1122.0907753147767,543.7158494192496,578.3749258955271,0.8472884832243873,15.446079528119693,18.35197462777575,11.05723491317159,12.457428107609084,25.740622412526783,21.13481935944349
2025-06-27,81704.0703125,84089.3515625,81476.7578125,84058.8984375,153900,79983.4941665645,78324.11258547203,74806.86377422296,63.81933143992822,3.7408188569363787,1334.3039601346827,701.8334715623363,632.4704885723464,0.9225673910233868,16.685137612686596,18.35362172636401,11.944064817531656,12.969514533423695,28.76342248106708,19.325235606060993
2025-07-04,84027.328125,84099.53125,83015.828125,83432.890625,54300,80312.00811498692,78524.45682231628,74977.67618710962,61.46703774099719,-2.352293698931028,1435.4241630832112,848.5516098665114,586.8725532166998,0.8349572970114802,17.162677159885874,18.35304089600182,-10.902297921958713,13.449309281636333,27.738424099584535,18.61332220372698
2025-07-11,83398.078125,83812.3125,82442.25,82500.46875,47500,80520.43293736911,78680.37885869603,75126.64237647378,58.035786243914835,-3.431251497082357,1423.9100509991986,963.6232980930488,460.2867529061498,0.7408477343476346,16.992815660836737,18.352532526359145,-10.768506042432708,13.524340251886402,26.413639256120007,19.72382550173734
2025-07-18,82537.8671875,82784.75,81608.1328125,81757.7265625,52700,80638.27042547682,78801.05916080599,75257.95097421687,55.38361309308843,-2.652173150826407,1339.4120388137235,1038.7810462371838,300.6309925765397,0.6669967226016387,15.578181921511474,18.351968201026835,-10.872389709681492,13.074208497504136,25.296263028776274,21.88835595600522
2025-07-25,81918.53125,82786.4296875,81397.6875,81463.09375,73300,80716.82502781236,78905.45267410771,75380.82508858881,54.32309469494753,-1.0605183981408999,1234.4424654340546,1077.913330076558,156.52913535749667,0.6239090879386504,14.336226394765953,18.35118275562967,-11.202329530346486,12.526217537578237,24.005481531893047,21.54470769030996
2025-08-01,81299.96875,81803.2734375,80495.5703125,80599.90625,49000,80705.68990611595,78971.90183394664,75484.17323039893,51.22814047908159,-3.0949542158659398,1069.2753641772433,1076.185736896695,-6.910372719451743,0.5220975889547268,12.391975970057837,18.350657352376224,-10.799595985047786,11.792733290773638,22.82443084717161,23.878725688449368
2025-08-08,80765.828125,81093.1875,79775.84375,79857.7890625,86800,80624.9374448192,79006.64250957618,75570.77948449993,48.66126303496511,-2.5668774441164786,868.4852343985112,1034.6456363970583,-166.16040199854706,0.42918965381545204,11.743327932799149,18.349725959887202,-11.371373421319406,11.521945643864598,21.667919333009127,25.437126741286818
2025-08-15,79885.359375,80997.671875,79772.4609375,80597.65625,38400,80622.3392357888,79069.03520527907,75670.32159866825,51.282163317452714,2.6209002824876038,760.2945068294357,979.7754104835337,-219.48090365409803,0.49013960994168754,11.173257265784505,18.35013811149171,10.555838779903407,11.272454170038552,20.621360260430293,24.221850831725515
2025-08-22,81315.7890625,82231.171875,81202.421875,81306.8515625,56400,80687.53088595177,79156.79270948381,75781.93605339759,53.721017805687474,2.4388544882347603,723.4393519610312,928.5081987790333,-205.06884681800204,0.5426163415596654,9.364569547311802,18.350743151356923,10.94024216782542,10.700653115386427,24.181131541854786,22.651013252954826
2025-08-29,81501.0625,81799.0625,79741.7578125,79809.6484375,50500,80603.92303371827,79182.3948948962,75861.6927342709,48.23156790162523,-5.489449904062241,566.8849004036165,856.18353910395,-289.2986387003335,0.2456862982554553,6.810312725229184,18.350201421816266,-10.829748417047593,10.570831718855837,22.226127066546475,26.559861333848357
2025-09-05,79828.9921875,81456.671875,79818.3828125,80710.7578125,56500,80614.09777455463,79242.33069558656,75957.7138249289,51.44729712215164,3.2157292205264056,509.65142097366333,786.8771154778926,-277.2256945042293,0.3771667659079439,6.1405491611964855,18.350807495761828,10.942013616092948,10.450283279220287,20.77783149323068,24.829171615278735
2025-09-12,80904.3984375,81992.8515625,80733.0703125,81904.703125,51400,80737.01256983515,79346.73745752434,76075.47598928673,55.40039094646004,3.9530938243084037,554.2458831471013,740.3508690117344,-186.10498586463314,0.5965105856052737,5.672336468837216,18.351358543242497,10.847412906506923,9.967354780976807,21.867773006878718,23.54310957001018
2025-09-19,81925.5078125,83141.2109375,81744.703125,82626.2265625,57600,80916.9377119937,79475.34487340575,76205.19382241966,57.64469756023657,2.24430661377653,640.425797150252,720.365854639438,-79.94005748918596,0.7287281236278231,5.688456223786656,18.351975698896556,10.961295207644392,9.725982604202914,25.32527396944424,22.194596339405546
2025-09-26,82151.0703125,82583.15625,80332.40625,80426.4609375,60200,80870.22563823238,79512.64354258591,76288.78327024303,49.47109829797421,-8.173599262262364,525.1674941937526,681.326182550301,-156.1586883565484,0.22739455291268756,5.335755743756477,18.351330676535685,-11.005444242454628,9.444166280704023,22.99539690621828,25.817025371399975
2025-10-03,80588.7734375,81251.9921875,80159.8984375,81207.171875,51600,80902.31575601977,79579.09563405313,76386.17710400058,52.068695234692555,2.5975969367183467,491.1595254193526,643.2928511241114,-152.13332570475882,0.4188652596888146,5.29281928940424,18.351883578313775,10.851296331126829,9.283664630558121,21.959568386669215,25.36563072642522
2025-10-10,81274.7890625,82654.109375,81155.8828125,82500.8203125,74800,81054.55428520836,79693.67307242358,76507.25914773323,56.09627340328002,4.027578168587468,562.1148722437356,627.0572553480363,-64.94238310430069,0.7058708242524012,5.384040264729585,18.35268452920947,11.222586532857163,8.996945614985703,26.428831480595022,23.78287613326375
2025-10-17,82049.15625,84172.2421875,81781.6171875,83952.1875,73900,81330.51935328376,79860.6736382109,76654.68347154048,60.14275625898631,4.046482855706287,727.0793797586375,647.0616802301565,80.01769952848099,0.9604330404761297,5.928511805861829,18.35347521350507,11.210481638644469,9.538710380747736,30.019125265621604,21.479759274447403
2025-10-24,84269.296875,85290.0625,83957.1484375,84211.8828125,53600,81604.93492082815,80031.30929210459,76804.33098324266,60.83827624296454,0.6955199839782296,868.7557068172318,691.4004855475716,177.3552212696602,0.9507610222841657,6.478116174425655,18.354048309440834,10.889323003601277,10.55717460925629,32.971187571948555,20.29525952139609
2025-10-31,84297.390625,85105.828125,83905.65625,83938.7109375,66000,81827.19930336832,80184.54072917892,76945.60583382202,59.65894853728517,-1.1793277056793698,948.0638396201975,742.7331563620969,205.33068325810063,0.854947982188562,6.788995069351479,18.353342584816357,-11.097425172408931,11.465109339730741,31.30351326826018,19.48573784307514
2025-11-07,83835.1015625,84127.0,82670.953125,83216.28125,44600,81959.49282209516,80303.43251430916,77069.77762424138,56.53762051204996,-3.121328025235208,941.7659761225805,782.5397203141936,159.2262558083869,0.7141853207004075,6.902020328301689,18.352865403903067,-10.70551155928146,11.433251550774354,29.363096185187164,23.53428112617231
2025-11-14,83198.203125,84919.4296875,83124.03125,84562.78125,71900,82207.42505332419,80470.46579806173,77218.15393366234,60.66813210385747,4.130511591807505,1033.512482201404,832.7342726916357,200.77820950976832,0.9352454630947624,7.096300035186275,18.353634558584726,11.183045451818261,11.812137766403989,30.486680252928057,21.744417451938876
2025-11-21,84700.5,85801.703125,84525.9765625,85231.921875,68600,82495.47236967427,80657.1895657848,77376.84240774823,62.571774241526946,1.903642137669479,1146.9944672238198,895.5863115980726,251.4081556257472,0.9898223596212763,7.738626797180103,18.354367860230816,11.136062390867204,12.58945959936574,32.61348988873827,20.548553665203112
2025-11-28,85320.0390625,86055.859375,84478.1328125,85706.671875,51800,82801.30089399102,80855.20847987168,77541.78952591163,63.9065294973366,1.3347552558096538,1260.7054872018052,968.6101467188191,292.0953404829861,0.9839387424431212,8.607138662826246,18.354921221696223,10.85516473308054,13.43115531295795,31.487085017506534,19.146146452603716
2025-12-05,86065.921875,86159.0234375,84763.640625,85712.3671875,57500,83078.54530289663,81045.68529193554,77703.5831429728,63.923150922841664,0.016621425505064735,1335.882630492808,1042.064643473617,293.8179870191909,0.9221220937699737,9.292348724125246,18.35553511589601,10.959557617938563,14.263520534582076,30.01648678258254,17.97753702675531
2025-12-12,85624.84375,85722.96875,84150.1875,85267.65625,52000,83287.03205976362,81211.25278048709,77853.36676885452,61.54005015774229,-2.383100765099371,1344.082851669591,1102.4682851128118,241.6145665567792,0.826137966590808,9.644430948518279,18.354979958313674,-10.859018228147887,14.529024599403487,27.946022913036717,19.427915270569443
2025-12-19,84891.75,85278.6328125,84238.4296875,84929.359375,54500,83443.44418502423,81357.0608822327,77993.48543432275,59.71623219638495,-1.8238179613573422,1308.2036975867813,1143.6153676076058,164.58832997917557,0.7567094914792571,9.61346110870684,18.354397779491237,-10.905974329106854,14.775564088166224,26.63734363902518,18.518128925264975
2025-12-26,85145.8984375,85738.1796875,84937.8203125,85041.453125,25400,83595.63551264098,81501.54685253731,78133.04915096982,60.137786136709074,0.42155394032412374,1274.1268965522759,1169.7176733965398,104.40922315573607,0.747540817928744,9.22378123456041,18.35466914904084,10.142543822310387,15.279961902010253,27.77612525373449,17.81937500127118
2026-01-02,85004.75,85812.2734375,84470.9375,85762.0078125,110300,83801.95668405613,81668.62375292802,78284.11763931694,62.83044111502811,2.692654978319034,1290.3887295417226,1193.8518846255763,96.53684491614626,0.8098445884477949,9.13537207917249,18.355846723159072,11.610968271383634,15.322526409996456,26.022463770686176,18.891917265577487
2026-01-09,85640.046875,85883.5,83402.28125,83576.2421875,93900,83780.4600653365,81743.43231898967,78388.91218482552,51.47215139361525,-11.35828972141286,1114.0611274161638,1177.893733183694,-63.83260576753014,0.5083382627110827,8.828170960335374,18.354844324909582,-11.44999631476691,14.471240120065643,23.115202986048256,21.593100586515156
2026-01-16,83435.3125,84258.03125,82861.0703125,83570.3515625,60400,83760.44973173302,81815.07621089205,78491.51494477947,51.4451597195308,-0.026991674084449357,962.7469604811486,1134.8643786431849,-172.1174181620363,0.4797576222774085,7.8171399332842295,18.354199013338945,-11.008760940077243,13.603917666076352,21.648736875900283,22.681056188207606
2026-01-23,83494.4921875,83539.9296875,81124.453125,81537.703125,86600,83548.75957871083,81804.19883497471,78551.83550280363,43.05505750702337,-8.39010221250743,671.0759063527803,1042.1066841851039,-371.03077783232357,0.14836768440039907,7.492898360654526,18.353273054685655,-11.369066641827967,13.920290012920903,19.335745177758536,27.84367084940766
2026-01-30,81436.7890625,82689.9609375,81088.59375,82269.78125,97600,83426.95211883361,81822.45696889727,78625.45819086692,46.442873709523596,3.3878162025002254,493.3105046128767,932.3474482706586,-439.0369436577819,0.25913170787494094,7.398108651738792,18.35431656798738,11.488643018250334,14.234923560968854,17.981188750987663,26.049968657509176
2026-02-06,80555.6796875,85871.7265625,80387.25,83580.3984375,93100,83441.56605394468,81891.39585001895,78723.5758195131,51.953825463731306,5.51095175420771,452.96450390938844,836.4708593984046,-383.5063554890162,0.46241700139126424,7.29282930135385,18.35531095474054,11.441440204346033,14.055750130552266,26.2011241915934,20.701133086052018
2026-02-13,84177.5078125,84487.34375,82534.546875,82626.7578125,151000,83363.96526904519,81920.23357403782,78800.8665520475,48.07729719319982,-3.8765282705314874,340.1185047381441,737.2003884663526,-397.0818837282085,0.26034547242375283,6.430877067661733,18.353697647941594,-11.92504173829169,13.889374802308291,24.288787133797605,19.190222956801858
2026-02-20,82480.3984375,83979.359375,82206.2109375,82814.7109375,101000,83311.65533270755,81955.31111770301,78880.34861908616,48.88678096771238,0.8094837745125645,262.8238144502975,642.3250736631416,-379.50125921284405,0.25851186791654857,5.845620576790729,18.35477703537033,11.522885696764481,13.499467933498865,22.670768693500136,19.14538329976229
2026-02-27,82906.828125,83486.1484375,81159.1484375,81287.1875,198000,83118.8488724497,81929.11019151859,78928.00879494584,43.01709400671813,-5.869686960994251,77.41643172390468,529.3433452752942,-451.9269135513895,-2.4866319215122114e-05,6.320007036037907,18.352659910597524,-12.19602736016897,12.64548961655181,20.720009914733602,21.369780095742637
2026-03-06,78543.7265625,80632.546875,78443.203125,78918.8984375,92700,82718.85359293068,81811.06267175314,78927.82839182811,35.833466116841876,-7.183627889876256,-257.65134527510963,371.9444071652134,-629.595752440323,-0.19347791174393136,8.217773502743038,18.351667168679665,-11.437134538982278,13.290191291585217,18.61211673806233,28.911000185848852
2026-03-13,77056.75,78526.25,74454.6015625,74563.921875,96200,81942.19342931824,81526.86107188047,78841.41440139586,26.928215753114102,-8.905250363727774,-864.6381744592363,124.62789084032346,-989.2660652995598,-0.3241321201390399,12.602474096476723,18.35063590148077,-11.474195031610165,15.255815931783138,15.880963695929196,37.77904067288212
2026-03-20,74415.7890625,77000.21875,73949.7578125,74532.9609375,121200,81236.55223962126,81252.59047837536,78756.09849121969,26.877076743814357,-0.05113900929974591,-1332.8140479002468,-166.8604969077906,-1165.9535509924563,-0.13632916095906547,15.58020572897897,18.34933511762134,-11.705205603408396,17.217305101141086,14.333245486890226,35.710088451113805
2026-03-27,73732.578125,75849.7578125,72558.4375,73583.21875,99800,80507.6633358478,80951.83080275281,78653.66522901732,25.29044027461586,-1.5866364691984955,-1760.1926526144234,-485.52692804911715,-1274.6657245653064,-0.0726249693862451,18.40868420117633,18.348262738384967,-11.510933482289435,19.395912150348813,12.875238252585117,36.37762098416827
2026-04-03,72565.21875,73964.578125,71545.8125,73319.546875,80200,79823.08081576705,80652.52555068408,78548.03912299717,24.851812398723254,-0.43862787589260677,-2096.00791810143,-807.6231260595797,-1288.3847920418502,0.0030413217985158897,20.622290250958006,18.347400132518274,-11.2922912626048,21.658085347247418,11.915943852875316,36.78649573441439
2026-04-10,73477.53125,77635.5390625,72728.65625,77550.25,106700,79606.62073807495,80530.86768595137,78528.28092254179,42.179945113331044,17.32813271460779,-1997.7329290317139,-1045.6450866540067,-952.0878423777071,0.2774919786310729,20.76833978129975,18.34854760054011,11.577785809317154,21.600279814213533,20.720825401486227,31.636757214126682
2026-04-17,75937.15625,78730.3203125,75868.3203125,78493.5390625,83200,79500.61295944877,80450.97244581602,78527.59296491719,45.21331392560218,3.033368812271135,-1822.722537406924,-1201.0605768045903,-621.6619606023337,0.3517636625184568,20.446041157276916,18.34944143325208,11.329014645967838,21.02553190218316,22.137801663927508,29.079727806291334
2026-04-24,78632.8984375,79367.078125,76403.8671875,76664.2109375,80000,79230.4794335489,80302.47199450951,78490.69431090892,40.748625302602726,-4.464688622999454,-1810.7636760210444,-1323.0011966478812,-487.76247937316316,0.2656545406228528,20.30531091497485,18.348581993498644,-11.289794413577894,20.1963288921878,22.084146965169225,26.67571157213855
2026-05-01,76856.046875,77982.5078125,76258.859375,76913.5,83800,79009.81472559186,80169.57113197973,78459.46274039587,41.595016306950974,0.8463910043482485,-1760.8724072597834,-1410.5754387702618,-350.29696848952153,0.30244370192811,19.995984532920787,18.349482238270234,11.336200219573199,19.483654727784916,20.99679326532969,25.77650549080945
2026-05-08,77257.2734375,78384.703125,76515.03125,77328.1875,133400,78849.65975172598,80058.1443228825,78437.06125048704,43.0523232132461,1.4573069062951234,-1668.6364000279136,-1462.1876310217922,-206.44876900612144,0.3475177507447874,19.490519689620662,18.350913654979244,11.801114908687438,18.618998782738807,21.02478968978416,24.374568385233587
2026-05-15,76638.09375,76678.5234375,74134.4765625,75237.9921875,108300,78505.69141227588,79869.11874894593,78373.71334824967,37.916813481493016,-5.135509731753082,-1744.095149774701,-1518.5691347723741,-225.52601500232686,0.23859869273934486,19.167513045779646,18.34975172433971,-11.592669666556795,18.74953725683607,19.112567246954306,28.937050273486363
2026-05-22,74807.96875,75945.7890625,74180.2578125,75415.3515625,70700,78211.37333134483,79694.46121222257,78315.13192674967,38.58624259696589,0.6694291154728731,-1769.191198439279,-1568.693547505755,-200.49765093352403,0.2704040718144159,18.12106747297081,18.350510404522034,11.166214996056205,18.8707515542121,18.13084360633695,27.45068865727065
2026-05-29,76135.8203125,76627.0390625,74589.109375,74775.7421875,68600,77884.17036526438,79501.57027007658,78245.04500121997,37.035313385679764,-1.5509292112861246,-1819.7145918552415,-1618.8977563756525,-200.81683547958892,0.25021785837439614,17.77141454488335,18.34977426769114,-11.136062390867204,18.59846040294686,19.04899367042662,25.803129294022302
2026-06-05,75203.0234375,75367.9296875,73492.6015625,74243.34375,84900,77537.42497333443,79295.36530850496,78165.80339228493,35.74733152032981,-1.2879818653499555,-1881.0314894961775,-1671.3245029997577,-209.70698649641986,0.2362406963773357,17.252507847513748,18.348862466906493,-11.349241150793087,18.78220544239443,17.979593031695398,27.63704084775189
2026-06-12,73421.609375,75608.0234375,73318.9375,75527.953125,90000,77346.04670206449,79147.62365424987,78113.5687335268,41.07247060966219,5.325139089332382,-1805.1595760866912,-1698.0915176171445,-107.06805846954671,0.3507279473746903,16.89804172280254,18.349829013714636,11.407576060361786,18.808416134895207,17.464775357236277,25.737680688628217
2026-06-19,76725.2734375,77492.328125,76140.4375,76802.8984375,84900,77294.3182959155,79055.67364574988,78087.61486627875,45.86761918201613,4.795148572353938,-1623.4391110099095,-1683.1610362956976,59.721925285788075,0.46708719990706343,15.982040789869915,18.35073993402799,11.349241150793087,17.780912188993018,22.150354694200516,24.20062584034683
2026-06-26,77160.671875,77803.1796875,76082.5078125,77100.46875,92900,77275.85643439974,78978.99894395577,78068.06741843163,46.952621067536,1.0850018855198726,-1438.8269939439342,-1634.294227825345,195.46723388141072,0.5198225176963052,14.135758338905797,18.351735739176927,11.439289689006644,16.66654647025732,21.932517972297223,22.90999146236567
2026-07-03,77055.2109375,78157.5234375,76329.390625,77763.90625,104600,77322.33736921882,78931.34825007516,78062.04442499734,49.38829651166967,2.435675444133672,-1224.8671928928816,-1552.4088208388525,327.54162794597096,0.6173503206089955,12.47523901649122,18.352855772347624,11.557908390796706,15.5079345339205,21.78588362858956,21.592425323278377
2026-07-10,77940.8984375,78664.921875,76259.03125,77569.390625,99900,77345.8662507218,78877.93814713103,78052.28890420531,48.68251920237609,-0.7057773092935804,-1058.793185597693,-1453.6856937906207,394.8925081929276,0.6529340006614966,10.185454778056831,18.351786092641653,-11.511934974596555,14.703133327153795,21.73342605152034,19.96510892355012
